Trade_Date,Company_Name,Symbol,Series,Market_Status,Prev_Close,Open,High,Low,Close,Last_Price,Daily_Return_%,Intraday_Range,Intraday_Range_%,Open_to_Close_%
2026-09-08,20 MICRONS LTD                ,20MICRONS ,EQ,N,224.8,226.0,227.23,218.79,219.28,219.65,-2.4555,8.44,3.7544,-2.9735
2026-09-08,21ST CENTURY MGMT SERVICE     ,21STCENMGM,EQ,N,38.28,38.7,39.04,38.29,38.59,38.59,0.8098,0.75,1.9592,-0.2842
2026-09-08,360 ONE WAM LIMITED           ,360ONE    ,EQ,N,1136.9,1125.0,1128.2,1104.3,1110.0,1110.0,-2.3661,23.9,2.1022,-1.3333
2026-09-08,3B BLACKBIO DX LTD.           ,3BBLACKBIO,EQ,N,1521.3,1563.0,1569.5,1428.1,1455.3,1467.5,-4.3384,141.4,9.2947,-6.8906
2026-09-08,3M INDIA LIMITED              ,3MINDIA   ,EQ,N,32840.0,32840.0,33330.0,32620.0,33145.0,33170.0,0.9287,710.0,2.162,0.9287
2026-09-08,3P LAND HOLDINGS LIMITED      ,3PLAND    ,EQ,N,32.15,32.15,32.5,31.8,32.4,32.4,0.7776,0.7,2.1773,0.7776
2026-09-08,5PAISA CAPITAL LIMITED        ,5PAISA    ,EQ,N,339.85,337.0,342.0,335.0,337.4,337.2,-0.7209,7.0,2.0597,0.1187
2026-09-08,63 MOONS TECHNOLOGIES LTD     ,63MOONS   ,EQ,N,872.7,881.4,899.4,860.2,868.25,867.0,-0.5099,39.2,4.4918,-1.4919
2026-09-08,A2Z INFRA ENGINEERING LTD     ,A2ZINFRA  ,EQ,N,15.76,15.56,16.0,15.5,15.8,15.9,0.2538,0.5,3.1726,1.5424
2026-09-08,AAA TECHNOLOGIES LIMITED      ,AAATECH   ,EQ,N,92.07,92.07,93.42,91.65,92.64,92.77,0.6191,1.77,1.9225,0.6191
2026-09-08,AADHAR HOUSING FINANCE L      ,AADHARHFC ,EQ,N,478.95,477.15,482.95,468.2,479.65,481.0,0.1462,14.75,3.0797,0.5239
2026-09-08,AAKASH EXPLORATION SER L      ,AAKASH    ,EQ,N,8.59,8.7,8.7,8.25,8.49,8.48,-1.1641,0.45,5.2386,-2.4138
2026-09-08,AAREY DRUGS & PHARM LTD       ,AAREYDRUGS,EQ,N,97.31,98.47,99.2,94.21,98.03,98.99,0.7399,4.99,5.1279,-0.4468
2026-09-08,AARON INDUSTRIES LIMITED      ,AARON     ,EQ,N,125.54,123.35,126.02,123.35,125.01,125.6,-0.4222,2.67,2.1268,1.3458
2026-09-08,AARTI DRUGS LTD.              ,AARTIDRUGS,EQ,N,423.0,421.5,427.9,419.2,421.5,424.5,-0.3546,8.7,2.0567,0.0
2026-09-08,AARTI INDUSTRIES LTD          ,AARTIIND  ,EQ,N,490.7,490.7,504.75,486.5,503.7,504.0,2.6493,18.25,3.7192,2.6493
2026-09-08,AARTI PHARMALABS LIMITED      ,AARTIPHARM,EQ,N,862.65,866.9,889.7,861.55,867.0,869.65,0.5043,28.15,3.2632,0.0115
2026-09-08,AARVI ENCON LIMITED           ,AARVI     ,EQ,N,143.36,143.02,143.96,140.67,142.16,142.0,-0.8371,3.29,2.2949,-0.6013
2026-09-08,AASTHA SPINTEX LIMITED        ,AASTHA    ,EQ,N,77.36,76.51,78.71,75.22,76.85,76.73,-0.6593,3.49,4.5114,0.4444
2026-09-08,AAVAS FINANCIERS LIMITED      ,AAVAS     ,EQ,N,1306.2,1300.0,1314.8,1290.0,1293.5,1293.8,-0.9723,24.8,1.8986,-0.5
2026-09-08,ABANS ENTERPRISES LTD.        ,ABANSENT  ,EQ,N,28.39,28.39,28.39,27.21,27.77,27.83,-2.1839,1.18,4.1564,-2.1839
2026-09-08,ABB INDIA LIMITED             ,ABB       ,EQ,N,7434.0,7389.0,7472.0,7340.0,7387.0,7387.0,-0.6322,132.0,1.7756,-0.0271
2026-09-08,ABBOTT INDIA LIMITED          ,ABBOTINDIA,EQ,N,25940.0,25860.0,26065.0,25440.0,25555.0,25600.0,-1.4842,625.0,2.4094,-1.1794
2026-09-08,ADITYA BIRLA CAPITAL LTD.     ,ABCAPITAL ,EQ,N,403.25,400.0,401.0,394.45,396.95,396.95,-1.5623,6.55,1.6243,-0.7625
2026-09-08,A B COTSPIN INDIA LIMITED     ,ABCOTS    ,EQ,N,212.01,214.7,214.7,203.1,207.99,209.75,-1.8961,11.6,5.4714,-3.1253
2026-09-08,ALLIED BLEND N DISTILS L      ,ABDL      ,EQ,N,600.0,600.95,603.0,591.35,594.5,595.0,-0.9167,11.65,1.9417,-1.0733
2026-09-08,ADITYA BIRLA FASHION & RT     ,ABFRL     ,EQ,N,53.21,53.07,53.07,51.63,52.24,52.19,-1.823,1.44,2.7063,-1.564
2026-09-08,BIRLASLAMC - ABGSEC           ,ABGSEC    ,EQ,N,114.51,114.61,114.61,113.73,114.17,113.73,-0.2969,0.88,0.7685,-0.3839
2026-09-08,ADITYA BIRLA LIFES BRAN L     ,ABLBL     ,EQ,N,85.55,85.29,85.56,84.05,84.52,84.43,-1.204,1.51,1.765,-0.9028
2026-09-08,A B M KNOWLEDGEWARE LTD.      ,ABMKNO    ,EQ,N,189.64,189.98,189.98,183.6,187.13,183.6,-1.3236,6.38,3.3643,-1.5002
2026-09-08,ADITYA BIRLA REAL EST LTD     ,ABREL     ,EQ,N,1377.8,1379.8,1380.0,1358.1,1372.1,1371.6,-0.4137,21.9,1.5895,-0.5581
2026-09-08,BIRLASLAMC - ABSL10BANK       ,ABSL10BANK,EQ,N,165.62,166.75,167.72,166.75,167.31,167.31,1.0204,0.97,0.5857,0.3358
2026-09-08,ADIT BIRL SUN LIF AMC LTD     ,ABSLAMC   ,EQ,N,1041.9,1040.0,1045.6,1024.1,1037.8,1035.0,-0.3935,21.5,2.0635,-0.2115
2026-09-08,BIRLASLAMC - ABSLBANETF       ,ABSLBANETF,EQ,N,58.66,58.5,58.62,58.3,58.31,58.42,-0.5967,0.32,0.5455,-0.3248
2026-09-08,BIRLASLAMC - ABSLLIQUID       ,ABSLLIQUID,EQ,N,1000.0,1000.0,1000.01,999.99,1000.0,1000.0,0.0,0.02,0.002,0.0
2026-09-08,BIRLASLAMC - ABSLMSCIN        ,ABSLMSCIN ,EQ,N,29.23,29.37,29.55,29.03,29.34,29.34,0.3763,0.52,1.779,-0.1021
2026-09-08,BIRLASLAMC - ABSLNN50ET       ,ABSLNN50ET,EQ,N,77.15,76.83,77.15,76.11,76.85,77.15,-0.3889,1.04,1.348,0.026
2026-09-08,BIRLASLAMC-ABSLPSE            ,ABSLPSE   ,EQ,N,10.11,10.09,10.18,9.99,10.13,10.13,0.1978,0.19,1.8793,0.3964
2026-09-08,ACC LIMITED                   ,ACC       ,EQ,N,1268.7,1267.9,1268.0,1255.7,1262.8,1266.5,-0.465,12.3,0.9695,-0.4022
2026-09-08,ACCELYA SOLN INDIA LTD        ,ACCELYA   ,EQ,N,1127.1,1122.4,1133.0,1121.0,1124.4,1121.0,-0.2396,12.0,1.0647,0.1782
2026-09-08,ACTION CONST EQUIP LTD        ,ACE       ,EQ,N,1113.2,1122.2,1148.0,1105.0,1121.2,1116.3,0.7186,43.0,3.8627,-0.0891
2026-09-08,ACE INTEGRATED SOLU. LTD.     ,ACEINTEG  ,EQ,N,17.54,17.17,18.39,17.17,17.37,17.5,-0.9692,1.22,6.9555,1.1648
2026-09-08,AUTOMOBILE CORPN OF GOA L     ,ACGL      ,EQ,N,1799.4,1822.0,1822.0,1762.7,1780.5,1775.0,-1.0504,59.3,3.2955,-2.2777
2026-09-08,ARCHEAN CHEMICAL IND LTD      ,ACI       ,EQ,N,509.35,512.0,512.0,483.65,484.7,484.75,-4.8395,28.35,5.5659,-5.332
2026-09-08,ANDHRA CEMENTS LIMITED        ,ACL       ,EQ,N,43.49,43.96,43.97,42.0,42.29,42.28,-2.7593,1.97,4.5298,-3.7989
2026-09-08,ACME SOLAR HOLDINGS LTD       ,ACMESOLAR ,EQ,N,413.15,413.15,417.65,404.45,412.6,412.0,-0.1331,13.2,3.195,-0.1331
2026-09-08,ACUTAAS CHEMICALS LIMITED     ,ACUTAAS   ,EQ,N,3181.6,3181.6,3235.5,3161.5,3182.1,3178.0,0.0157,74.0,2.3259,0.0157
2026-09-08,ADANI ENERGY SOLUTION LTD     ,ADANIENSOL,EQ,N,1390.4,1390.4,1412.0,1370.0,1407.7,1407.7,1.2442,42.0,3.0207,1.2442
2026-09-08,ADANI ENTERPRISES LIMITED     ,ADANIENT  ,EQ,N,2950.0,2933.0,2968.8,2918.0,2953.1,2953.1,0.1051,50.8,1.722,0.6853
2026-09-08,ADANI GREEN ENERGY LTD        ,ADANIGREEN,EQ,N,1288.0,1288.0,1301.3,1275.5,1292.0,1292.0,0.3106,25.8,2.0031,0.3106
2026-09-08,ADANI PORT & SEZ LTD          ,ADANIPORTS,EQ,N,1694.3,1694.0,1713.1,1685.2,1710.0,1710.0,0.9266,27.9,1.6467,0.9445
2026-09-08,ADANI POWER LTD               ,ADANIPOWER,EQ,N,204.49,205.2,209.4,204.12,208.4,208.4,1.9121,5.28,2.582,1.5595
2026-09-08,ADDI INDUSTRIES LTD.          ,ADDIND    ,EQ,N,80.81,82.9,83.0,75.26,79.87,82.0,-1.1632,7.74,9.578,-3.655
2026-09-08,ADF FOODS LIMITED             ,ADFFOODS  ,EQ,N,266.15,267.0,274.35,261.85,273.7,273.0,2.8367,12.5,4.6966,2.5094
2026-09-08,ARCHIDPLY DECOR LIMITED       ,ADL       ,EQ,N,72.57,74.85,75.0,72.55,74.69,74.69,2.9213,2.45,3.3761,-0.2138
2026-09-08,ADOR WELDING LTD              ,ADOR      ,EQ,N,1644.1,1645.0,1650.0,1600.0,1626.2,1644.9,-1.0887,50.0,3.0412,-1.1429
2026-09-08,ADROIT INFOTECH LIMITED       ,ADROITINFO,EQ,N,10.31,10.25,11.25,9.76,10.63,10.71,3.1038,1.49,14.452,3.7073
2026-09-08,ALLIED DIGITAL SERV. LTD      ,ADSL      ,EQ,N,101.46,101.55,102.0,99.75,101.23,102.0,-0.2267,2.25,2.2176,-0.3151
2026-09-08,ADVAIT ENRGY TRANSITION L     ,ADVAIT    ,EQ,N,2096.4,2111.9,2172.9,2084.7,2153.9,2146.8,2.7428,88.2,4.2072,1.9887
2026-09-08,ADVANCE AGROLIFE LIMITED      ,ADVANCE   ,EQ,N,116.43,118.14,118.14,114.58,115.53,115.61,-0.773,3.56,3.0576,-2.2092
2026-09-08,ADVANI HOT.& RES.(I) LTD      ,ADVANIHOTR,EQ,N,49.12,49.8,49.8,49.0,49.14,49.3,0.0407,0.8,1.6287,-1.3253
2026-09-08,ADVENT HOTELS INTERNATI L     ,ADVENTHTL ,EQ,N,133.19,132.19,134.24,129.0,132.78,132.4,-0.3078,5.24,3.9342,0.4463
2026-09-08,ADVANCED ENZYME TECH LTD      ,ADVENZYMES,EQ,N,297.85,297.75,301.75,296.3,298.85,297.15,0.3357,5.45,1.8298,0.3694
2026-09-08,ADVIK CAPITAL LTD.            ,ADVIKCA   ,EQ,N,1.1,1.1,1.1,1.06,1.07,1.09,-2.7273,0.04,3.6364,-2.7273
2026-09-08,AEGIS LOGISTICS LIMITED       ,AEGISLOG  ,EQ,N,1253.7,1253.8,1273.9,1232.0,1268.1,1266.2,1.1486,41.9,3.3421,1.1405
2026-09-08,AEGIS VOPAK TERMINALS LTD     ,AEGISVOPAK,EQ,N,285.35,285.0,291.8,284.0,290.65,291.0,1.8574,7.8,2.7335,1.9825
2026-09-08,ARTEMIS ELECTRICALS & P L     ,AEPL      ,EQ,N,18.02,18.1,18.5,17.08,18.11,18.3,0.4994,1.42,7.8801,0.0552
2026-09-08,AEQUS LIMITED                 ,AEQUS     ,EQ,N,233.86,233.86,239.75,229.7,231.9,232.0,-0.8381,10.05,4.2974,-0.8381
2026-09-08,AEROFLEX ENTERPRISES LTD      ,AEROENTER ,EQ,N,154.73,157.0,159.6,150.25,152.65,151.52,-1.3443,9.35,6.0428,-2.7707
2026-09-08,AEROFLEX INDUSTRIES LTD       ,AEROFLEX  ,EQ,N,558.15,561.65,584.15,545.1,573.5,573.0,2.7502,39.05,6.9963,2.1099
2026-09-08,AEROFLEX NEU LIMITED          ,AERONEU   ,EQ,N,77.28,76.0,78.0,73.25,74.13,73.99,-4.0761,4.75,6.1465,-2.4605
2026-09-08,AMIR CHAND JAG KUM (E) L      ,AEROPLANE ,EQ,N,198.03,197.0,202.0,193.36,199.31,199.7,0.6464,8.64,4.363,1.1726
2026-09-08,AETHER INDUSTRIES LIMITED     ,AETHER    ,EQ,N,1619.5,1622.0,1647.6,1592.6,1642.9,1631.6,1.4449,55.0,3.3961,1.2885
2026-09-08,AFCONS INFRASTRUCTURE LTD     ,AFCONS    ,EQ,N,293.2,292.05,294.75,279.35,280.25,280.6,-4.4168,15.4,5.2524,-4.0404
2026-09-08,AFFLE 3I LIMITED              ,AFFLE     ,EQ,N,1623.2,1622.2,1647.7,1593.1,1609.4,1612.0,-0.8502,54.6,3.3637,-0.7891
2026-09-08,AFFORD ROBO & AUTO LTD        ,AFFORDABLE,EQ,N,160.03,160.55,168.03,159.32,164.23,162.0,2.6245,8.71,5.4427,2.2921
2026-09-08,AKME FINTRADE (INDIA) LTD     ,AFIL      ,EQ,N,9.14,9.15,9.28,9.02,9.07,9.17,-0.7659,0.26,2.8446,-0.8743
2026-09-08,ABANS FINANCIAL SRVCS LTD     ,AFSL      ,EQ,N,202.78,202.5,205.7,201.0,201.16,201.0,-0.7989,4.7,2.3178,-0.6617
2026-09-08,AGARWAL INDS CORP LTD.        ,AGARIND   ,EQ,N,440.2,436.75,449.65,432.1,440.9,442.0,0.159,17.55,3.9868,0.9502
2026-09-08,DR AGARWALS HEALTH CARE L     ,AGARWALEYE,EQ,N,518.25,518.25,523.8,512.8,519.7,519.5,0.2798,11.0,2.1225,0.2798
2026-09-08,AGI GREENPAC LIMITED          ,AGI       ,EQ,N,732.65,730.0,786.85,730.0,783.8,784.0,6.9815,56.85,7.7595,7.3699
2026-09-08,AGI INFRA LIMITED             ,AGIIL     ,EQ,N,277.15,276.55,276.55,270.05,271.65,271.7,-1.9845,6.5,2.3453,-1.7718
2026-09-08,ALLCARGO GLOBAL LIMITED       ,AGL       ,EQ,N,13.58,13.57,16.23,13.55,16.02,16.04,17.9676,2.68,19.7349,18.0545
2026-09-08,AGRI-TECH (INDIA) LIMITED     ,AGRITECH  ,EQ,N,100.07,104.4,104.4,98.01,99.75,100.0,-0.3198,6.39,6.3855,-4.454
2026-09-08,AGRO PHOS INDIA LIMITED       ,AGROPHOS  ,EQ,N,24.82,25.0,25.48,23.03,23.44,23.5,-5.56,2.45,9.8711,-6.24
2026-09-08,ANLON HEALTHCARE LIMITED      ,AHCL      ,EQ,N,15.48,15.54,15.69,15.41,15.61,15.69,0.8398,0.28,1.8088,0.4505
2026-09-08,AHLADA ENGINEERS LIMITED      ,AHLADA    ,EQ,N,36.8,37.0,37.74,36.0,36.3,36.39,-1.3587,1.74,4.7283,-1.8919
2026-09-08,ASIAN HOTELS (EAST) LTD       ,AHLEAST   ,EQ,N,135.82,137.01,138.51,134.25,135.38,137.9,-0.324,4.26,3.1365,-1.1897
2026-09-08,AHLUWALIA CONT IND LTD        ,AHLUCONT  ,EQ,N,597.05,595.0,609.0,592.1,607.15,603.25,1.6917,16.9,2.8306,2.042
2026-09-08,AIA ENGINEERING LIMITED       ,AIAENG    ,EQ,N,4224.0,4246.0,4283.4,4200.0,4259.0,4264.0,0.8286,83.4,1.9744,0.3062
2026-09-08,AUTHUM INVEST & INFRA LTD     ,AIIL      ,EQ,N,514.95,517.0,529.6,510.55,526.2,520.0,2.1847,19.05,3.6994,1.7795
2026-09-08,AIRAN LIMITED                 ,AIRAN     ,EQ,N,16.44,16.67,17.95,16.25,17.15,17.2,4.3187,1.7,10.3406,2.8794
2026-09-08,AIRO LAM LIMITED              ,AIROLAM   ,EQ,N,86.22,88.8,90.5,86.0,88.67,88.5,2.8416,4.5,5.2192,-0.1464
2026-09-08,AJANTA PHARMA LIMITED         ,AJANTPHARM,EQ,N,3513.6,3513.4,3597.0,3483.3,3579.3,3589.0,1.8699,113.7,3.236,1.8757
2026-09-08,AJAX ENGINEERING LIMITED      ,AJAXENGG  ,EQ,N,596.2,605.0,612.9,583.1,594.1,599.0,-0.3522,29.8,4.9983,-1.8017
2026-09-08,AJMERA REALTY & INF I LTD     ,AJMERA    ,EQ,N,117.54,116.43,119.9,116.02,118.1,118.0,0.4764,3.88,3.301,1.4343
2026-09-08,AJOONI BIOTECH LIMITED        ,AJOONI    ,EQ,N,3.49,3.54,3.55,3.41,3.44,3.49,-1.4327,0.14,4.0115,-2.8249
2026-09-08,AKASH INFRA-PROJECTS LTD      ,AKASH     ,EQ,N,25.69,25.69,25.69,25.0,25.09,25.02,-2.3355,0.69,2.6859,-2.3355
2026-09-08,A K CAPITAL SERVICES LTD.     ,AKCAPIT   ,EQ,N,1733.5,1751.9,1775.0,1738.1,1772.2,1775.0,2.2325,36.9,2.1286,1.1587
2026-09-08,AKG EXIM LIMITED              ,AKG       ,EQ,N,9.38,9.39,9.95,9.38,9.83,9.55,4.7974,0.57,6.0768,4.6858
2026-09-08,AKI INDIA LIMITED             ,AKI       ,EQ,N,7.94,8.21,8.34,7.15,7.15,7.16,-9.9496,1.19,14.9874,-12.9111
2026-09-08,AKSHAR SPINTEX LIMITED        ,AKSHAR    ,EQ,N,0.42,0.43,0.44,0.42,0.42,0.42,0.0,0.02,4.7619,-2.3256
2026-09-08,AKUMS DRUGS AND PHARMA L      ,AKUMS     ,EQ,N,754.65,754.05,757.75,733.15,736.6,735.2,-2.3918,24.6,3.2598,-2.3142
2026-09-08,ALANKIT LIMITED               ,ALANKIT   ,EQ,N,8.16,8.04,8.23,7.85,7.99,8.03,-2.0833,0.38,4.6569,-0.6219
2026-09-08,ALBERT DAVID LIMITED          ,ALBERTDAVD,EQ,N,863.0,863.0,867.8,840.0,844.05,841.95,-2.1958,27.8,3.2213,-2.1958
2026-09-08,ALEMBIC LIMITED               ,ALEMBICLTD,EQ,N,108.05,109.1,112.08,107.24,109.73,110.0,1.5548,4.84,4.4794,0.5775
2026-09-08,ALGOQUANT FINTECH LIMITED     ,ALGOQUANT ,EQ,N,63.89,63.89,64.4,63.5,63.7,63.77,-0.2974,0.9,1.4087,-0.2974
2026-09-08,ALICON CASTALLOY LIMITED      ,ALICON    ,EQ,N,681.75,681.75,700.0,670.0,695.45,700.0,2.0095,30.0,4.4004,2.0095
2026-09-08,ALIVUS LIFE SCIENCES LTD      ,ALIVUS    ,EQ,N,1388.9,1390.7,1399.8,1364.6,1372.0,1374.9,-1.2168,35.2,2.5344,-1.3446
2026-09-08,ALKALI METALS LTD             ,ALKALI    ,EQ,N,78.66,86.99,93.95,85.0,87.34,88.0,11.0348,8.95,11.3781,0.4023
2026-09-08,ALKEM LABORATORIES LTD.       ,ALKEM     ,EQ,N,5242.5,5172.5,5206.5,5129.5,5181.0,5181.0,-1.1731,77.0,1.4688,0.1643
2026-09-08,ALKYL AMINES CHEM. LTD        ,ALKYLAMINE,EQ,N,1986.3,1999.9,2015.0,1960.1,1970.7,1975.1,-0.7854,54.9,2.7639,-1.4601
2026-09-08,ALLCARGO LOGISTICS LTD        ,ALLCARGO  ,EQ,N,12.67,12.67,13.24,12.6,13.02,13.07,2.7624,0.64,5.0513,2.7624
2026-09-08,ALLDIGI TECH LIMITED          ,ALLDIGI   ,EQ,N,810.3,810.3,813.6,801.55,804.9,802.0,-0.6664,12.05,1.4871,-0.6664
2026-09-08,ALL TIME PLASTICS LIMITED     ,ALLTIME   ,EQ,N,214.65,215.0,216.0,209.5,211.46,211.8,-1.4861,6.5,3.0282,-1.6465
2026-09-08,ALMONDZ GLOBAL SEC LTD        ,ALMONDZ   ,EQ,N,19.2,19.95,20.0,19.02,19.61,19.6,2.1354,0.98,5.1042,-1.7043
2026-09-08,ALOK INDUSTRIES LIMITED       ,ALOKINDS  ,EQ,N,7.6,7.64,7.89,7.38,7.46,7.55,-1.8421,0.51,6.7105,-2.356
2026-09-08,ALPA LABORATORIES LTD         ,ALPA      ,EQ,N,62.17,62.0,65.0,61.7,63.17,63.0,1.6085,3.3,5.308,1.8871
2026-09-08,KOTAKMAMC - KOTAKALPHA        ,ALPHA     ,EQ,N,53.97,53.98,54.23,53.42,54.14,54.03,0.315,0.81,1.5008,0.2964
2026-09-08,MIRAEAMC - ALPHAETF           ,ALPHAETF  ,EQ,N,26.57,26.5,26.8,26.5,26.71,26.71,0.5269,0.3,1.1291,0.7925
2026-09-08,ALPINE TEXWORLD LIMITED       ,ALPINETEX ,EQ,N,63.17,63.17,64.75,62.0,62.6,62.7,-0.9023,2.75,4.3533,-0.9023
2026-09-08,ICICIPRAMC - ICICIALPLV       ,ALPL30IETF,EQ,N,27.49,27.5,27.5,27.41,27.46,27.46,-0.1091,0.09,0.3274,-0.1455
2026-09-08,ALUFLUORIDE LTD.              ,ALUFLUOR  ,EQ,N,499.15,502.5,506.0,498.0,503.75,506.0,0.9216,8.0,1.6027,0.2488
2026-09-08,AMAGI MEDIA LABS LIMITED      ,AMAGI     ,EQ,N,575.15,568.15,578.85,564.5,576.15,575.0,0.1739,14.35,2.495,1.4081
2026-09-08,AMAL LTD.                     ,AMAL      ,EQ,N,758.85,764.0,764.0,745.15,757.85,759.0,-0.1318,18.85,2.484,-0.805
2026-09-08,AMARJOTHI SPINNING MILL L     ,AMARJOTHI ,EQ,N,160.0,161.0,162.9,161.0,161.05,161.0,0.6563,1.9,1.1875,0.0311
2026-09-08,AMBER ENTERPRISES (I) LTD     ,AMBER     ,EQ,N,7439.0,7405.5,7430.5,7278.0,7308.0,7308.0,-1.761,152.5,2.05,-1.3166
2026-09-08,AMBICA AGAR & AROMAINDLTD     ,AMBICAAGAR,EQ,N,26.83,27.0,27.2,25.01,25.44,25.84,-5.1808,2.19,8.1625,-5.7778
2026-09-08,AMBIKA COTTON MILL LTD.       ,AMBIKCO   ,EQ,N,1642.8,1658.9,1658.9,1613.5,1631.9,1628.0,-0.6635,45.4,2.7636,-1.6276
2026-09-08,AMBUJA CEMENTS LTD            ,AMBUJACEM ,EQ,N,398.6,398.0,400.95,395.15,398.3,398.3,-0.0753,5.8,1.4551,0.0754
2026-09-08,AMD INDUSTRIES LIMITED        ,AMDIND    ,EQ,N,60.3,61.99,61.99,59.01,60.02,59.51,-0.4643,2.98,4.942,-3.1779
2026-09-08,AMJ LAND HOLDINGS LIMITED     ,AMJLAND   ,EQ,N,39.08,39.7,39.71,37.3,39.05,38.91,-0.0768,2.41,6.1668,-1.6373
2026-09-08,AMINES & PLASTICIZERS LTD     ,AMNPLST   ,EQ,N,168.22,173.7,173.7,165.52,167.82,167.0,-0.2378,8.18,4.8627,-3.3851
2026-09-08,AMRUTAJAN HEALTH LTD          ,AMRUTANJAN,EQ,N,500.3,503.0,503.85,493.0,500.45,501.0,0.03,10.85,2.1687,-0.507
2026-09-08,ANAND RATHI WEALTH LTD        ,ANANDRATHI,EQ,N,2224.0,2235.0,2235.0,2202.9,2229.5,2231.5,0.2473,32.1,1.4433,-0.2461
2026-09-08,ANANT RAJ LIMITED             ,ANANTRAJ  ,EQ,N,638.25,641.0,641.0,623.05,625.85,625.0,-1.9428,17.95,2.8124,-2.3635
2026-09-08,ANDHRA PAPER LIMITED          ,ANDHRAPAP ,EQ,N,72.2,73.91,79.79,67.0,72.09,71.25,-0.1524,12.79,17.7147,-2.4625
2026-09-08,ANDHRA SUGARS LTD             ,ANDHRSUGAR,EQ,N,99.4,99.99,100.99,97.01,98.79,99.48,-0.6137,3.98,4.004,-1.2001
2026-09-08,ANDREW YULE & CO. LTD.        ,ANDREWYU  ,EQ,N,27.35,27.35,27.79,26.8,27.18,27.05,-0.6216,0.99,3.6197,-0.6216
2026-09-08,ANGEL ONE LIMITED             ,ANGELONE  ,EQ,N,303.8,303.8,304.15,296.5,298.0,298.0,-1.9092,7.65,2.5181,-1.9092
2026-09-08,ANIK INDUSTRIES LTD           ,ANIKINDS  ,EQ,N,44.77,44.77,45.9,44.51,45.21,45.0,0.9828,1.39,3.1048,0.9828
2026-09-08,ANMOL INDIA LIMITED           ,ANMOL     ,EQ,N,10.09,10.49,11.48,10.0,11.38,11.18,12.7849,1.48,14.668,8.4843
2026-09-08,ANNAPURNA SWADISHT LTD        ,ANNAPURNA ,EQ,N,143.8,143.8,143.86,138.59,139.9,140.0,-2.7121,5.27,3.6648,-2.7121
2026-09-08,ANSAL BUILDWELL LTD.          ,ANSALBU   ,EQ,N,79.24,89.99,89.99,80.0,82.5,82.5,4.1141,9.99,12.6073,-8.3231
2026-09-08,ANTELOPUS SELAN ENRGY LTD     ,ANTELOPUS ,EQ,N,985.3,987.5,1127.5,971.4,1099.15,1109.8,11.5549,156.1,15.8429,11.3063
2026-09-08,ANTARCTICA LTD                ,ANTGRAPHIC,EQ,N,0.73,0.75,0.75,0.71,0.72,0.73,-1.3699,0.04,5.4795,-4.0
2026-09-08,ANTHEM BIOSCIENCES LTD        ,ANTHEM    ,EQ,N,933.5,939.2,959.9,920.0,957.8,957.5,2.6031,39.9,4.2742,1.9804
2026-09-08,ANUH PHARMA LIMITED           ,ANUHPHR   ,EQ,N,90.29,92.0,99.5,91.79,95.53,94.9,5.8035,7.71,8.5392,3.837
2026-09-08,THE ANUP ENGINEERING LTD      ,ANUP      ,EQ,N,1770.6,1768.3,1775.9,1717.0,1725.6,1733.6,-2.5415,58.9,3.3266,-2.4147
2026-09-08,ANUPAM RASAYAN INDIA LTD      ,ANURAS    ,EQ,N,1233.6,1243.9,1245.5,1222.5,1233.4,1233.5,-0.0162,23.0,1.8645,-0.8441
2026-09-08,AONEAMC - AONEGOLD            ,AONEGOLD  ,EQ,N,14.19,14.45,14.45,14.15,14.2,14.24,0.0705,0.3,2.1142,-1.7301
2026-09-08,AONEAMC - AONELIQUID          ,AONELIQUID,EQ,N,1075.79,1075.94,1075.95,1075.92,1075.94,1075.95,0.0139,0.03,0.0028,0.0
2026-09-08,AONEAMC - AONENIFTY           ,AONENIFTY ,EQ,N,9.83,9.58,9.96,9.58,9.79,9.8,-0.4069,0.38,3.8657,2.1921
2026-09-08,AONEAMC - AONESILVER          ,AONESILVER,EQ,N,8.79,8.85,8.98,8.81,8.82,8.86,0.3413,0.17,1.934,-0.339
2026-09-08,AONEAMC - AONETMMQ50          ,AONETMMQ50,EQ,N,10.31,10.36,10.4,10.3,10.35,10.4,0.388,0.1,0.9699,-0.0965
2026-09-08,AONEAMC - AONETOTAL           ,AONETOTAL ,EQ,N,11.84,11.99,11.99,11.8,11.81,11.84,-0.2534,0.19,1.6047,-1.5013
2026-09-08,APAR INDUSTRIES LTD.          ,APARINDS  ,EQ,N,17728.0,17789.0,17812.0,17372.0,17635.0,17657.0,-0.5246,440.0,2.4819,-0.8657
2026-09-08,ANJANI PORTLAND CEM LTD       ,APCL      ,EQ,N,99.93,100.0,101.96,100.0,100.32,100.1,0.3903,1.96,1.9614,0.32
2026-09-08,APCOTEX INDUSTRIES LIMITE     ,APCOTEXIND,EQ,N,631.6,630.05,633.05,601.0,612.15,612.0,-3.0795,32.05,5.0744,-2.841
2026-09-08,APEX FROZEN FOODS LIMITED     ,APEX      ,EQ,N,368.2,366.5,387.95,366.05,384.2,384.5,4.3455,21.9,5.9479,4.8295
2026-09-08,APL APOLLO TUBES LTD          ,APLAPOLLO ,EQ,N,2215.0,2204.6,2204.8,2165.0,2185.0,2185.0,-1.3544,39.8,1.7968,-0.8891
2026-09-08,ALEMBIC PHARMA LTD            ,APLLTD    ,EQ,N,799.55,802.0,810.95,792.6,808.5,810.0,1.1194,18.35,2.295,0.8105
2026-09-08,APOLLO MICRO SYSTEMS LTD      ,APOLLO    ,EQ,N,403.95,408.0,424.0,405.8,417.9,418.5,3.4534,18.2,4.5055,2.4265
2026-09-08,APOLLO HOSPITALS ENTER. L     ,APOLLOHOSP,EQ,N,8760.0,8761.5,8850.0,8745.0,8837.5,8837.5,0.8847,105.0,1.1986,0.8674
2026-09-08,APOLLO PIPES LIMITED          ,APOLLOPIPE,EQ,N,601.0,600.6,603.95,586.2,591.2,591.05,-1.6306,17.75,2.9534,-1.5651
2026-09-08,APOLLO TYRES LTD              ,APOLLOTYRE,EQ,N,420.8,420.8,421.2,410.05,411.5,412.1,-2.2101,11.15,2.6497,-2.2101
2026-09-08,APOLLO SINDOORI HOTEL LTD     ,APOLSINHOT,EQ,N,1204.9,1204.9,1218.9,1201.4,1209.1,1213.0,0.3486,17.5,1.4524,0.3486
2026-09-08,APOORVA LEAS F & INV C L      ,APOORVA   ,EQ,N,25.25,25.25,26.51,25.0,25.3,26.51,0.198,1.51,5.9802,0.198
2026-09-08,APTUS VALUE HSG FIN I LTD     ,APTUS     ,EQ,N,256.89,256.0,257.86,252.1,256.96,257.65,0.0272,5.76,2.2422,0.375
2026-09-08,AQYLON NEXUS LIMITED          ,AQYLON    ,EQ,N,23.54,23.53,24.65,22.37,23.1,23.22,-1.8692,2.28,9.6856,-1.8275
2026-09-08,ARCHIDPLY IND. LTD            ,ARCHIDPLY ,EQ,N,103.62,104.66,105.25,102.0,103.77,103.89,0.1448,3.25,3.1365,-0.8504
2026-09-08,ARCHIES LTD                   ,ARCHIES   ,EQ,N,12.88,12.95,13.22,12.89,13.14,13.17,2.0186,0.33,2.5621,1.4672
2026-09-08,ARCL ORGANICS LTD.            ,ARCL      ,EQ,N,233.87,222.2,239.8,222.2,224.92,229.96,-3.8269,17.6,7.5255,1.2241
2026-09-08,ARDEE INDUSTRIES LIMITED      ,ARDEE     ,EQ,N,56.09,56.2,56.2,54.51,54.74,54.65,-2.4068,1.69,3.013,-2.5979
2026-09-08,AMARA RAJA ENERGY MOB LTD     ,ARE&M     ,EQ,N,842.95,842.95,845.1,834.15,837.8,837.95,-0.6109,10.95,1.299,-0.6109
2026-09-08,RAJDARSHAN INDUSTRIES LTD     ,ARENTERP  ,EQ,N,34.76,34.7,36.0,32.3,33.34,34.99,-4.0852,3.7,10.6444,-3.9193
2026-09-08,ARFIN INDIA LIMITED           ,ARFIN     ,EQ,N,95.27,97.0,97.16,91.03,91.36,91.1,-4.1041,6.13,6.4343,-5.8144
2026-09-08,ARIHANT FOUN & HOU LTD        ,ARIHANT   ,EQ,N,961.25,932.55,959.3,910.4,919.55,915.0,-4.3381,48.9,5.0871,-1.394
2026-09-08,ARIHANT CAPITAL MKTS LTD      ,ARIHANTCAP,EQ,N,78.36,78.7,78.88,77.18,78.54,78.55,0.2297,1.7,2.1695,-0.2033
2026-09-08,ARIHANT SUPERSTRUCT LTD       ,ARIHANTSUP,EQ,N,233.75,234.1,239.1,231.65,232.6,231.65,-0.492,7.45,3.1872,-0.6408
2026-09-08,ARISINFRA SOLUTIONS LTD       ,ARIS      ,EQ,N,126.32,134.52,134.52,126.0,127.22,127.26,0.7125,8.52,6.7448,-5.4267
2026-09-08,ARKADE DEVELOPERS LIMITED     ,ARKADE    ,EQ,N,124.82,124.0,125.99,122.5,123.09,122.76,-1.386,3.49,2.796,-0.7339
2026-09-08,ARMAN FIN SERV LTD            ,ARMANFIN  ,EQ,N,2033.8,2025.0,2050.1,2001.0,2037.5,2040.0,0.1819,49.1,2.4142,0.6173
2026-09-08,ARO GRANITE IND. LTD.         ,AROGRANITE,EQ,N,24.29,24.5,24.95,23.86,24.1,24.1,-0.7822,1.09,4.4874,-1.6327
2026-09-08,ANAND RATHI SH N STK BR L     ,ARSSBL    ,EQ,N,516.3,513.05,515.55,508.4,513.65,510.0,-0.5133,7.15,1.3849,0.1169
2026-09-08,ARTEMIS MED SERVICE LTD       ,ARTEMISMED,EQ,N,343.5,347.5,350.0,338.6,342.05,343.0,-0.4221,11.4,3.3188,-1.5683
2026-09-08,ART NIRMAN LIMITED            ,ARTNIRMAN ,EQ,N,40.21,40.41,41.1,40.41,40.41,40.41,0.4974,0.69,1.716,0.0
2026-09-08,ARVEE LABORATORIES I LTD      ,ARVEE     ,EQ,N,163.93,164.74,196.71,163.61,193.74,196.71,18.1846,33.1,20.1915,17.6035
2026-09-08,ARVIND LIMITED                ,ARVIND    ,EQ,N,564.5,560.65,584.3,555.8,581.35,584.25,2.9849,28.5,5.0487,3.6921
2026-09-08,ARVIND FASHIONS LIMITED       ,ARVINDFASN,EQ,N,439.2,441.3,443.05,430.0,440.35,440.0,0.2618,13.05,2.9713,-0.2153
2026-09-08,ARVIND SMARTSPACES LTD        ,ARVSMART  ,EQ,N,646.8,648.2,653.55,626.0,629.65,627.7,-2.6515,27.55,4.2594,-2.8618
2026-09-08,ARYAMAN FINANCIAL SERV L      ,ARYAMAN   ,EQ,N,630.0,639.0,639.0,639.0,639.0,639.0,1.4286,0.0,0.0,0.0
2026-09-08,ASAHI INDIA GLASS LIMITED     ,ASAHIINDIA,EQ,N,954.65,954.95,963.9,950.0,955.6,955.55,0.0995,13.9,1.456,0.0681
2026-09-08,AUTOMOTIVE STAMPINGS & AS     ,ASAL      ,EQ,N,470.1,470.0,472.0,466.0,468.45,469.95,-0.351,6.0,1.2763,-0.3298
2026-09-08,ASSO ALCOHOLS & BREW LTD      ,ASALCBR   ,EQ,N,707.8,708.0,710.2,689.95,696.15,695.0,-1.6459,20.25,2.861,-1.6737
2026-09-08,ASHAPURA MINECHEM LTD         ,ASHAPURMIN,EQ,N,538.15,535.9,559.95,535.9,549.35,550.5,2.0812,24.05,4.469,2.5098
2026-09-08,ASHIANA HOUSING LTD           ,ASHIANA   ,EQ,N,349.75,350.4,350.85,345.0,346.3,345.8,-0.9864,5.85,1.6726,-1.1701
2026-09-08,ASHIMA LTD                    ,ASHIMASYN ,EQ,N,17.75,17.6,17.61,17.3,17.36,17.31,-2.1972,0.31,1.7465,-1.3636
2026-09-08,ASHOKA BUILDCON LTD           ,ASHOKA    ,EQ,N,115.5,115.46,115.6,113.56,114.27,114.6,-1.0649,2.04,1.7662,-1.0307
2026-09-08,ASHOKA METCAST LIMITED        ,ASHOKAMET ,EQ,N,14.3,14.5,15.25,14.04,14.44,14.69,0.979,1.21,8.4615,-0.4138
2026-09-08,ASHOK LEYLAND LTD             ,ASHOKLEY  ,EQ,N,170.0,170.0,170.17,167.75,169.0,169.0,-0.5882,2.42,1.4235,-0.5882
2026-09-08,ASIAN ENERGY SERVICES LTD     ,ASIANENE  ,EQ,N,511.8,519.0,565.7,507.6,553.55,555.3,8.1575,58.1,11.3521,6.657
2026-09-08,ASIAN HOTELS (NORTH) LTD      ,ASIANHOTNR,EQ,N,382.65,388.8,423.8,384.8,405.75,405.0,6.0368,39.0,10.1921,4.3596
2026-09-08,ASIAN PAINTS LIMITED          ,ASIANPAINT,EQ,N,2500.9,2499.0,2499.0,2474.1,2481.6,2481.6,-0.7717,24.9,0.9956,-0.6963
2026-09-08,ASIAN GRANITO IND. LTD.       ,ASIANTILES,EQ,N,49.85,49.45,50.5,49.41,50.04,49.88,0.3811,1.09,2.1866,1.1931
2026-09-08,ASIAN TEA & EXPORTS LTD.      ,ASIANTNE  ,EQ,N,9.5,9.89,9.89,9.37,9.69,9.38,2.0,0.52,5.4737,-2.0222
2026-09-08,ASK AUTOMOTIVE LIMITED        ,ASKAUTOLTD,EQ,N,611.5,609.0,621.0,601.2,610.15,608.0,-0.2208,19.8,3.2379,0.1888
2026-09-08,ASPINWALL & CO LTD            ,ASPINWALL ,EQ,N,260.65,255.05,256.95,253.8,254.15,253.8,-2.4938,3.15,1.2085,-0.3529
2026-09-08,ASIAN STAR CO. LTD.           ,ASTAR     ,EQ,N,597.9,590.0,597.0,590.0,596.95,596.95,-0.1589,7.0,1.1708,1.178
2026-09-08,ASTEC LIFESCIENCES LTD        ,ASTEC     ,EQ,N,552.35,551.2,662.8,551.2,662.8,662.8,19.9964,111.6,20.2046,20.2467
2026-09-08,ASTER DM QUALITY CARE LTD     ,ASTERDM   ,EQ,N,795.65,795.65,795.65,782.6,790.35,790.4,-0.6661,13.05,1.6402,-0.6661
2026-09-08,ASTRAL LIMITED                ,ASTRAL    ,EQ,N,1498.2,1498.2,1507.4,1485.0,1500.8,1500.8,0.1735,22.4,1.4951,0.1735
2026-09-08,ASTRA MICROWAVE LTD           ,ASTRAMICRO,EQ,N,1711.6,1748.0,1783.3,1708.3,1757.3,1762.0,2.67,75.0,4.3819,0.532
2026-09-08,ASTRAZENECA PHARMA IND LT     ,ASTRAZEN  ,EQ,N,6851.0,6860.0,6924.0,6830.0,6875.5,6874.5,0.3576,94.0,1.3721,0.2259
2026-09-08,ATAL REALTECH LIMITED         ,ATALREAL  ,EQ,N,26.5,26.01,26.07,21.2,21.2,21.2,-20.0,4.87,18.3774,-18.4929
2026-09-08,ATAM VALVES LIMITED           ,ATAM      ,EQ,N,54.27,54.55,55.98,54.54,55.34,55.44,1.9716,1.44,2.6534,1.4482
2026-09-08,ADANI TOTAL GAS LIMITED       ,ATGL      ,EQ,N,603.7,604.4,612.0,602.0,609.4,611.4,0.9442,10.0,1.6565,0.8273
2026-09-08,ATHER ENERGY LIMITED          ,ATHERENERG,EQ,N,1599.3,1607.3,1613.4,1568.0,1578.0,1578.0,-1.3318,45.4,2.8387,-1.8229
2026-09-08,ALLCARGO TERMINALS LTD        ,ATL       ,EQ,N,25.03,25.45,26.44,24.85,25.82,25.8,3.1562,1.59,6.3524,1.4538
2026-09-08,ATLANTAA LIMITED              ,ATLANTAA  ,EQ,N,37.66,37.8,39.02,36.92,38.3,38.15,1.6994,2.1,5.5762,1.3228
2026-09-08,ATLANTA ELECTRICALS LTD       ,ATLANTAELE,EQ,N,1938.1,1940.1,1948.0,1882.3,1922.3,1911.0,-0.8152,65.7,3.3899,-0.9175
2026-09-08,ATLAS CYCLE (HARYANA) LTD     ,ATLASCYCLE,EQ,N,94.49,95.6,113.38,95.0,113.03,112.49,19.6211,18.38,19.4518,18.2322
2026-09-08,ATUL LTD                      ,ATUL      ,EQ,N,6312.5,6335.0,6356.5,6305.0,6314.5,6317.0,0.0317,51.5,0.8158,-0.3236
2026-09-08,ATUL AUTO LIMITED             ,ATULAUTO  ,EQ,N,459.1,460.05,463.9,457.3,458.9,458.6,-0.0436,6.6,1.4376,-0.25
2026-09-08,AU SMALL FINANCE BANK LTD     ,AUBANK    ,EQ,N,1053.0,1055.7,1074.8,1051.4,1073.7,1073.7,1.9658,23.4,2.2222,1.705
2026-09-08,AUGMONT ENTERPRISES LTD       ,AUGMONT   ,EQ,N,891.6,899.0,909.95,882.8,893.4,891.0,0.2019,27.15,3.0451,-0.6229
2026-09-08,AURIONPRO SOLN LTD            ,AURIONPRO ,EQ,N,668.7,673.0,684.3,667.75,672.1,676.5,0.5084,16.55,2.475,-0.1337
2026-09-08,AUROBINDO PHARMA LTD          ,AUROPHARMA,EQ,N,1660.0,1660.5,1698.8,1655.0,1692.0,1692.0,1.9277,43.8,2.6386,1.897
2026-09-08,AURUM PROPTECH LIMITED        ,AURUM     ,EQ,N,225.14,225.85,228.0,223.78,227.26,227.1,0.9416,4.22,1.8744,0.6243
2026-09-08,AURUS GEM CORP LIMITED        ,AURUS     ,EQ,N,4.94,4.94,4.94,4.73,4.78,4.77,-3.2389,0.21,4.251,-3.2389
2026-09-08,AUSOM ENTERPRISE LIMITED      ,AUSOMENT  ,EQ,N,156.21,161.0,161.0,152.56,155.86,156.1,-0.2241,8.44,5.403,-3.1925
2026-09-08,AUSTIN ENGINEERING CO. L      ,AUSTENG   ,EQ,N,125.0,125.95,129.5,121.0,121.41,121.0,-2.872,8.5,6.8,-3.6046
2026-09-08,AUTOMOTIVE AXLES LIMITED      ,AUTOAXLES ,EQ,N,1666.6,1666.6,1685.0,1658.1,1664.4,1658.3,-0.132,26.9,1.6141,-0.132
2026-09-08,NIPPONAMC - NETFAUTO          ,AUTOBEES  ,EQ,N,286.85,286.69,288.0,284.05,286.83,288.0,-0.007,3.95,1.377,0.0488
2026-09-08,ICICIPRAMC - ICICIAUTO        ,AUTOIETF  ,EQ,N,28.81,28.81,28.95,28.51,28.82,28.9,0.0347,0.44,1.5272,0.0347
2026-09-08,AUTOLINE INDUSTRIES LTD       ,AUTOIND   ,EQ,N,84.73,85.0,87.78,84.21,87.03,86.91,2.7145,3.57,4.2134,2.3882
2026-09-08,AVADH SUG & ENERGY LTD        ,AVADHSUGAR,EQ,N,839.7,839.7,844.5,825.0,836.25,840.0,-0.4109,19.5,2.3223,-0.4109
2026-09-08,AVALON TECHNOLOGIES LTD       ,AVALON    ,EQ,N,2352.5,2350.0,2360.0,2280.8,2290.3,2285.0,-2.644,79.2,3.3666,-2.5404
2026-09-08,AVANCE TECHNOLOGIES LTD.      ,AVANCE    ,EQ,N,0.83,0.84,0.85,0.83,0.84,0.85,1.2048,0.02,2.4096,0.0
2026-09-08,AVANTEL LIMITED               ,AVANTEL   ,EQ,N,156.74,156.97,160.6,156.0,156.44,156.7,-0.1914,4.6,2.9348,-0.3376
2026-09-08,AVANTI FEEDS LIMITED          ,AVANTIFEED,EQ,N,786.55,786.95,847.9,784.75,837.15,842.0,6.4332,63.15,8.0287,6.3791
2026-09-08,ADITYA VISION LIMITED         ,AVL       ,EQ,N,599.25,604.0,617.0,589.95,614.6,616.45,2.5615,27.05,4.514,1.755
2026-09-08,AVONMORE CAP&MGT SERV LTD     ,AVONMORE  ,EQ,N,14.1,14.35,14.35,14.0,14.06,14.07,-0.2837,0.35,2.4823,-2.0209
2026-09-08,AVRO INDIA LIMITED            ,AVROIND   ,EQ,N,8.5,8.4,8.88,8.19,8.58,8.35,0.9412,0.69,8.1176,2.1429
2026-09-08,AVT NATURAL PRODUCTS LTD      ,AVTNPL    ,EQ,N,90.1,90.96,91.58,88.9,90.35,91.0,0.2775,2.68,2.9745,-0.6706
2026-09-08,AWFIS SPACE SOLUTIONS LTD     ,AWFIS     ,EQ,N,255.2,254.0,255.85,250.1,253.0,252.7,-0.8621,5.75,2.2531,-0.3937
2026-09-08,ANTONY WASTE HDG CELL LTD     ,AWHCL     ,EQ,N,370.5,370.5,372.45,361.0,365.75,366.65,-1.2821,11.45,3.0904,-1.2821
2026-09-08,AWL AGRI BUSINESS LIMITED     ,AWL       ,EQ,N,188.27,187.95,188.31,186.0,187.52,187.6,-0.3984,2.31,1.227,-0.2288
2026-09-08,AXIS BANK LIMITED             ,AXISBANK  ,EQ,N,1266.0,1262.8,1264.9,1239.5,1244.9,1244.9,-1.6667,25.4,2.0063,-1.4175
2026-09-08,AXISCADES TECH LTD            ,AXISCADES ,EQ,N,1778.0,1778.0,1861.0,1778.0,1848.6,1859.0,3.9708,83.0,4.6682,3.9708
2026-09-08,AXITA COTTON LIMITED          ,AXITA     ,EQ,N,8.0,8.03,8.04,7.97,7.99,8.0,-0.125,0.07,0.875,-0.4981
2026-09-08,AXTEL INDUSTRIES LTD.         ,AXTEL     ,EQ,N,391.65,390.0,411.85,388.0,408.85,409.0,4.3917,23.85,6.0896,4.8333
2026-09-08,AYE FINANCE LIMITED           ,AYE       ,EQ,N,184.06,185.37,188.83,183.51,184.78,184.05,0.3912,5.32,2.8904,-0.3183
2026-09-08,AYM SYNTEX LIMITED            ,AYMSYNTEX ,EQ,N,315.2,316.85,330.0,311.4,320.1,322.8,1.5546,18.6,5.901,1.0257
2026-09-08,AZAD ENGINEERING LIMITED      ,AZAD      ,EQ,N,2868.0,2885.0,2885.8,2800.0,2822.1,2835.0,-1.6004,85.8,2.9916,-2.1802
2026-09-08,AZAD INDIA MOBILITY LTD.      ,AZADIND   ,EQ,N,89.88,90.25,91.0,89.0,89.86,89.66,-0.0223,2.0,2.2252,-0.4321
2026-09-08,B.A.G FILMS AND MEDIA LTD     ,BAGFILMS  ,EQ,N,4.81,4.81,4.88,4.64,4.7,4.74,-2.2869,0.24,4.9896,-2.2869
2026-09-08,BAID FINSERV LIMITED          ,BAIDFIN   ,EQ,N,10.89,11.05,12.95,11.02,12.05,12.14,10.652,1.93,17.7227,9.0498
2026-09-08,BAJAJ AUTO LIMITED            ,BAJAJ-AUTO,EQ,N,11800.0,11727.0,11883.0,11716.0,11880.0,11880.0,0.678,167.0,1.4153,1.3047
2026-09-08,BAJAJ CONSUMER CARE LTD       ,BAJAJCON  ,EQ,N,526.0,526.0,527.6,512.0,514.1,515.0,-2.2624,15.6,2.9658,-2.2624
2026-09-08,BAJAJ ELECT.LTD               ,BAJAJELEC ,EQ,N,342.1,341.05,341.85,335.0,339.95,338.5,-0.6285,6.85,2.0023,-0.3225
2026-09-08,BAJAJ FINSERV LTD.            ,BAJAJFINSV,EQ,N,1938.6,1938.6,1951.9,1933.0,1938.1,1938.1,-0.0258,18.9,0.9749,-0.0258
2026-09-08,BAJAJ HEALTHCARE LIMITED      ,BAJAJHCARE,EQ,N,328.8,328.85,338.7,328.85,336.7,337.5,2.4027,9.85,2.9957,2.3871
2026-09-08,BAJAJ HOUSING FINANCE LTD     ,BAJAJHFL  ,EQ,N,84.04,83.51,84.2,82.58,84.01,84.1,-0.0357,1.62,1.9277,0.5987
2026-09-08,BAJAJ HINDUSTHAN SUGAR LT     ,BAJAJHIND ,EQ,N,22.77,22.8,23.17,22.4,22.66,22.61,-0.4831,0.77,3.3816,-0.614
2026-09-08,BAJAJ HOLDINGS & INVS LTD     ,BAJAJHLDNG,EQ,N,10956.0,11094.0,11124.0,10970.0,11046.0,11046.0,0.8215,154.0,1.4056,-0.4327
2026-09-08,INDEF MANUFACTURING LTD       ,BAJAJINDEF,EQ,N,222.26,225.6,226.89,220.02,220.95,222.38,-0.5894,6.87,3.091,-2.0612
2026-09-08,BAJAJ STEEL INDS. LTD.        ,BAJAJST   ,EQ,N,366.4,365.6,369.7,361.75,365.0,366.3,-0.3821,7.95,2.1698,-0.1641
2026-09-08,BAJEL PROJECTS LIMITED        ,BAJEL     ,EQ,N,187.45,187.3,187.3,182.12,183.62,183.46,-2.0432,5.18,2.7634,-1.9648
2026-09-08,BAJAJ FINANCE LIMITED         ,BAJFINANCE,EQ,N,1060.0,1058.8,1059.6,1050.0,1054.1,1054.1,-0.5566,9.6,0.9057,-0.4439
2026-09-08,SHREE TIRUPATI BALAJEE L      ,BALAJEE   ,EQ,N,25.73,26.49,26.49,25.11,25.46,25.32,-1.0494,1.38,5.3634,-3.8883
2026-09-08,BALAJI TELEFILMS LIMITED.     ,BALAJITELE,EQ,N,91.81,92.82,95.0,91.9,93.42,93.6,1.7536,3.1,3.3765,0.6464
2026-09-08,BALAJI AMINES LIMITED         ,BALAMINES ,EQ,N,2566.8,2575.0,2581.2,2452.0,2475.4,2475.0,-3.5609,129.2,5.0335,-3.868
2026-09-08,BALAXI PHARMA LTD             ,BALAXI    ,EQ,N,24.24,24.24,24.75,23.2,23.34,23.65,-3.7129,1.55,6.3944,-3.7129
2026-09-08,BALKRISHNA PAPER MILLS L      ,BALKRISHNA,EQ,N,16.9,17.4,17.4,16.8,17.03,17.18,0.7692,0.6,3.5503,-2.1264
2026-09-08,BALKRISHNA IND. LTD           ,BALKRISIND,EQ,N,2287.1,2279.4,2305.5,2237.2,2258.0,2255.0,-1.2724,68.3,2.9863,-0.9388
2026-09-08,BALMER LAWRIE & CO LTD        ,BALMLAWRIE,EQ,N,177.98,177.98,177.98,175.71,176.38,176.6,-0.899,2.27,1.2754,-0.899
2026-09-08,BAL PHARMA LTD.               ,BALPHARMA ,EQ,N,92.69,93.78,97.6,93.0,95.38,95.0,2.9021,4.6,4.9628,1.7061
2026-09-08,BALRAMPUR CHINI MILLS LTD     ,BALRAMCHIN,EQ,N,711.55,712.05,742.0,702.8,711.45,709.0,-0.0141,39.2,5.5091,-0.0843
2026-09-08,BALU FORGE INDUSTRIES LTD     ,BALUFORGE ,EQ,N,557.6,552.3,557.7,540.1,541.65,542.8,-2.8605,17.6,3.1564,-1.9283
2026-09-08,BANARAS BEADS LTD             ,BANARBEADS,EQ,N,111.13,112.0,113.95,109.05,109.99,111.99,-1.0258,4.9,4.4093,-1.7946
2026-09-08,BANNARI AMMAN SUGARS LTD      ,BANARISUG ,EQ,N,3832.3,3824.6,3824.6,3720.1,3743.6,3725.4,-2.3145,104.5,2.7268,-2.1179
2026-09-08,BANCO PRODUCTS (I) LTD        ,BANCOINDIA,EQ,N,626.95,625.0,631.7,622.65,628.3,628.0,0.2153,9.05,1.4435,0.528
2026-09-08,BANDHAN BANK LIMITED          ,BANDHANBNK,EQ,N,164.7,165.95,172.4,163.3,171.58,171.58,4.1773,9.1,5.5252,3.3926
2026-09-08,BANG OVERSEAS LTD.            ,BANG      ,EQ,N,34.61,34.11,34.65,33.45,33.52,33.45,-3.1494,1.2,3.4672,-1.7297
2026-09-08,DSPAMC - BANK10ADD            ,BANK10ADD ,EQ,N,16.91,16.85,16.9,16.65,16.69,16.65,-1.301,0.25,1.4784,-0.9496
2026-09-08,BFAM - BANK10BETF             ,BANK10BETF,EQ,N,20.76,20.69,20.69,20.49,20.52,20.52,-1.1561,0.2,0.9634,-0.8217
2026-09-08,BANKA BIOLOO LIMITED          ,BANKA     ,EQ,N,82.0,82.0,83.5,78.52,79.1,78.52,-3.5366,4.98,6.0732,-3.5366
2026-09-08,DSPAMC - DSPBANK              ,BANKADD   ,EQ,N,58.71,58.67,58.67,58.14,58.41,58.49,-0.511,0.53,0.9027,-0.4432
2026-09-08,BANK OF BARODA                ,BANKBARODA,EQ,N,237.0,236.8,237.7,234.54,236.6,236.6,-0.1688,3.16,1.3333,-0.0845
2026-09-08,NIP IND ETF BANK BEES         ,BANKBEES  ,EQ,N,591.58,593.7,593.77,588.3,589.09,589.2,-0.4209,5.47,0.9246,-0.7765
2026-09-08,UTIAMC-BANKBETA               ,BANKBETA  ,EQ,N,59.04,59.05,59.08,58.8,58.88,58.8,-0.271,0.28,0.4743,-0.2879
2026-09-08,BFAM - BANKBETF               ,BANKBETF  ,EQ,N,58.19,58.1,58.13,57.68,57.87,57.7,-0.5499,0.45,0.7733,-0.3959
2026-09-08,MIRAEAMC - BANKETF            ,BANKETF   ,EQ,N,581.69,582.09,582.09,578.45,579.02,578.53,-0.459,3.64,0.6258,-0.5274
2026-09-08,ICICIPRAMC - IPRU5008         ,BANKIETF  ,EQ,N,58.68,58.61,58.8,58.31,58.43,58.31,-0.426,0.49,0.835,-0.3071
2026-09-08,BANK OF INDIA                 ,BANKINDIA ,EQ,N,142.02,142.04,142.39,139.73,140.86,140.86,-0.8168,2.66,1.873,-0.8308
2026-09-08,KOTAKMAMC-KOTAKBKETF          ,BANKNIFTY1,EQ,N,59.32,59.32,59.32,59.0,59.06,59.1,-0.4383,0.32,0.5394,-0.4383
2026-09-08,MIRAEAMC - BANKPSU            ,BANKPSU   ,EQ,N,84.91,84.94,85.14,84.6,84.89,84.69,-0.0236,0.54,0.636,-0.0589
2026-09-08,BANSAL WIRE INDUSTRIES L      ,BANSALWIRE,EQ,N,317.4,320.0,321.0,312.45,314.9,314.05,-0.7876,8.55,2.6938,-1.5938
2026-09-08,BANSWARA SYNTEX LIMITED       ,BANSWRAS  ,EQ,N,115.32,115.95,116.0,113.1,115.0,114.0,-0.2775,2.9,2.5147,-0.8193
2026-09-08,BASF INDIA LTD                ,BASF      ,EQ,N,3788.0,3785.2,3811.4,3744.2,3788.8,3759.0,0.0211,67.2,1.774,0.0951
2026-09-08,BATA INDIA LTD                ,BATAINDIA ,EQ,N,669.45,669.0,670.4,659.9,663.85,664.0,-0.8365,10.5,1.5685,-0.7698
2026-09-08,BATLIBOI LTD.                 ,BATLIBOI  ,EQ,N,88.83,89.59,89.6,86.42,87.63,87.85,-1.3509,3.18,3.5799,-2.1877
2026-09-08,BAYER CROPSCIENCE LTD         ,BAYERCROP ,EQ,N,3987.4,3980.0,3997.8,3972.5,3984.9,3981.0,-0.0627,25.3,0.6345,0.1231
2026-09-08,EDELAMC - BBETF0432           ,BBETF0432 ,EQ,N,1346.06,1347.99,1349.89,1345.0,1345.75,1347.0,-0.023,4.89,0.3633,-0.1662
2026-09-08,BHARAT BIJLEE LTD             ,BBL       ,EQ,N,2239.1,2250.2,2291.7,2219.9,2240.1,2238.0,0.0447,71.8,3.2066,-0.4488
2026-09-08,BARODABNP - BBNPNBETF         ,BBNPNBETF ,EQ,N,57.78,57.72,58.29,57.1,57.13,57.1,-1.125,1.19,2.0595,-1.0222
2026-09-08,BARODABNP - BBNPPGOLD         ,BBNPPGOLD ,EQ,N,146.6,147.4,147.8,146.65,147.6,147.7,0.6821,1.15,0.7844,0.1357
2026-09-08,BLACK BOX LIMITED             ,BBOX      ,EQ,N,774.25,780.0,781.15,756.25,770.9,771.0,-0.4327,24.9,3.216,-1.1667
2026-09-08,BOMBAY BURMAH TRADING COR     ,BBTC      ,EQ,N,1471.9,1476.2,1490.0,1469.0,1477.5,1488.9,0.3805,21.0,1.4267,0.0881
2026-09-08,B&B TRIPLEWALL CONT LTD       ,BBTCL     ,EQ,N,231.6,229.55,235.0,225.55,229.89,230.0,-0.7383,9.45,4.0803,0.1481
2026-09-08,BRIGHTCOM GROUP LIMITED       ,BCG       ,EQ,N,9.62,9.7,11.18,9.67,10.57,10.62,9.8753,1.51,15.6965,8.9691
2026-09-08,BCL INDUSTRIES LIMITED        ,BCLIND    ,EQ,N,36.48,36.48,36.88,35.77,36.0,36.1,-1.3158,1.11,3.0428,-1.3158
2026-09-08,BRAND CONCEPTS LIMITED        ,BCONCEPTS ,EQ,N,173.98,173.55,173.76,164.83,166.33,166.95,-4.3971,8.93,5.1328,-4.1602
2026-09-08,BCPL RAILWAY INFRA LTD        ,BCPL      ,EQ,N,68.39,70.56,74.0,68.06,71.04,72.0,3.8748,5.94,8.6855,0.6803
2026-09-08,BHARAT DYNAMICS LIMITED       ,BDL       ,EQ,N,1241.7,1250.1,1262.0,1234.3,1242.5,1242.5,0.0644,27.7,2.2308,-0.608
2026-09-08,BEARDSELL LIMITED             ,BEARDSELL ,EQ,N,24.99,25.2,25.25,24.06,24.77,24.7,-0.8804,1.19,4.7619,-1.7063
2026-09-08,MRS BECTORS FOOD SPE LTD      ,BECTORFOOD,EQ,N,230.65,230.69,232.65,227.93,230.35,230.0,-0.1301,4.72,2.0464,-0.1474
2026-09-08,BEDMUTHA INDUST LTD           ,BEDMUTHA  ,EQ,N,107.76,108.0,111.99,107.79,108.0,108.0,0.2227,4.2,3.8976,0.0
2026-09-08,BEEKAY STEEL INDS. LTD.       ,BEEKAY    ,EQ,N,428.3,429.95,435.65,420.25,427.6,429.5,-0.1634,15.4,3.5956,-0.5466
2026-09-08,BHARAT ELECTRONICS LTD        ,BEL       ,EQ,N,404.0,408.0,416.0,406.5,410.55,410.55,1.6213,9.5,2.3515,0.625
2026-09-08,BELLA CASA FASH AND RET L     ,BELLACASA ,EQ,N,240.87,243.0,243.0,239.4,241.18,241.0,0.1287,3.6,1.4946,-0.749
2026-09-08,BELRISE INDUSTRIES LTD        ,BELRISE   ,EQ,N,230.29,230.41,230.95,225.0,227.17,227.79,-1.3548,5.95,2.5837,-1.4062
2026-09-08,BEML LIMITED                  ,BEML      ,EQ,N,2097.2,2120.0,2205.0,2095.1,2105.6,2099.0,0.4005,109.9,5.2403,-0.6792
2026-09-08,BENARES HOTELS LTD.           ,BENARAS   ,EQ,N,10134.0,10120.0,10250.0,10120.0,10250.0,10250.0,1.1447,130.0,1.2828,1.2846
2026-09-08,BENGAL & ASSAM CO. LTD.       ,BENGALASM ,EQ,N,6302.0,6349.5,6350.0,6206.0,6222.0,6226.0,-1.2694,144.0,2.285,-2.008
2026-09-08,BHANSALI ENG. POLYMERS LT     ,BEPL      ,EQ,N,126.84,125.8,134.5,125.75,133.84,134.07,5.5188,8.75,6.8985,6.3911
2026-09-08,BERGER PAINTS (I) LTD         ,BERGEPAINT,EQ,N,484.5,484.5,485.65,476.15,479.45,478.75,-1.0423,9.5,1.9608,-1.0423
2026-09-08,BEST AGROLIFE LIMITED         ,BESTAGRO  ,EQ,N,20.07,20.4,20.4,19.41,19.6,19.61,-2.3418,0.99,4.9327,-3.9216
2026-09-08,BETA DRUGS LIMITED            ,BETA      ,EQ,N,2123.9,2115.0,2173.9,2115.0,2139.8,2135.0,0.7486,58.9,2.7732,1.1726
2026-09-08,BF INVESTMENT LIMITED         ,BFINVEST  ,EQ,N,458.95,458.0,460.95,445.25,451.15,452.95,-1.6995,15.7,3.4209,-1.4956
2026-09-08,MIRAEAMC - MAFSETF            ,BFSI      ,EQ,N,26.97,26.29,27.04,26.29,26.78,26.78,-0.7045,0.75,2.7809,1.8638
2026-09-08,BF UTILITIES LIMITED          ,BFUTILITIE,EQ,N,529.4,526.0,537.2,523.0,526.55,526.0,-0.5383,14.2,2.6823,0.1046
2026-09-08,BHAGIRADHA CHEM & INDS L      ,BHAGCHEM  ,EQ,N,260.75,259.4,261.6,258.35,259.05,258.6,-0.652,3.25,1.2464,-0.1349
2026-09-08,BHAGYANAGAR INDIA LIMITED     ,BHAGYANGR ,EQ,N,373.4,385.9,392.05,380.0,392.05,392.05,4.9946,12.05,3.2271,1.5937
2026-09-08,BHANDARI HOSIERY EXP LTD      ,BHANDARI  ,EQ,N,2.98,3.0,3.04,2.97,3.01,3.03,1.0067,0.07,2.349,0.3333
2026-09-08,BHARAT COKING COAL LTD        ,BHARATCOAL,EQ,N,33.75,33.7,33.89,33.5,33.51,33.53,-0.7111,0.39,1.1556,-0.5638
2026-09-08,BHARAT FORGE LTD              ,BHARATFORG,EQ,N,1955.0,1954.5,2027.5,1930.5,2003.7,2003.7,2.491,97.0,4.9616,2.5173
2026-09-08,BHARAT RASAYAN LTD            ,BHARATRAS ,EQ,N,1161.0,1166.1,1176.9,1152.0,1159.5,1169.8,-0.1292,24.9,2.1447,-0.566
2026-09-08,BHARAT SEATS LIMITED          ,BHARATSE  ,EQ,N,227.65,227.65,228.79,221.75,226.85,227.3,-0.3514,7.04,3.0925,-0.3514
2026-09-08,BHARAT WIRE ROPES LTD.        ,BHARATWIRE,EQ,N,180.0,179.2,179.59,175.0,176.19,176.0,-2.1167,4.59,2.55,-1.6797
2026-09-08,BHARTI AIRTEL LIMITED         ,BHARTIARTL,EQ,N,1854.0,1846.2,1848.8,1829.0,1844.0,1844.0,-0.5394,19.8,1.068,-0.1192
2026-09-08,BHARTI HEXACOM LIMITED        ,BHARTIHEXA,EQ,N,1528.7,1519.0,1558.0,1519.0,1549.3,1550.0,1.3476,39.0,2.5512,1.9947
2026-09-08,BHEL                          ,BHEL      ,EQ,N,421.45,422.5,426.7,419.85,422.15,422.15,0.1661,6.85,1.6253,-0.0828
2026-09-08,BIGBLOC CONSTRUCTION LTD      ,BIGBLOC   ,EQ,N,41.43,41.0,42.1,41.0,41.19,41.5,-0.5793,1.1,2.6551,0.4634
2026-09-08,BIKAJI FOODS INTERN LTD       ,BIKAJI    ,EQ,N,580.25,579.0,590.2,577.4,583.7,580.0,0.5946,12.8,2.2059,0.8117
2026-09-08,BHARTIYA INTERNATIONAL        ,BIL       ,EQ,N,931.15,947.0,947.0,907.0,936.85,932.05,0.6121,40.0,4.2958,-1.0718
2026-09-08,BIMETAL BEARINGS LTD.         ,BIMETAL   ,EQ,N,620.1,606.0,628.5,606.0,612.5,612.5,-1.2256,22.5,3.6284,1.0726
2026-09-08,BIOCON LIMITED.               ,BIOCON    ,EQ,N,391.4,392.15,399.9,390.9,392.3,392.3,0.2299,9.0,2.2994,0.0383
2026-09-08,BIOFIL CHEM & PHARMA LTD      ,BIOFILCHEM,EQ,N,32.04,32.7,32.7,31.5,31.52,31.52,-1.623,1.2,3.7453,-3.6086
2026-09-08,BIRLA CABLE LIMITED           ,BIRLACABLE,EQ,N,357.75,339.9,339.9,339.9,339.9,339.9,-4.9895,0.0,0.0,0.0
2026-09-08,BIRLA CORPORATION LTD         ,BIRLACORPN,EQ,N,868.15,868.15,882.0,853.0,854.3,854.95,-1.5953,29.0,3.3404,-1.5953
2026-09-08,ADITYA BIRLA MONEY LTD        ,BIRLAMONEY,EQ,N,125.96,125.8,125.93,124.25,124.85,124.64,-0.8812,1.68,1.3338,-0.7552
2026-09-08,BIRLANU LIMITED               ,BIRLANU   ,EQ,N,1448.9,1444.0,1457.3,1425.0,1433.2,1427.2,-1.0836,32.3,2.2293,-0.7479
2026-09-08,BIRLA PRECISION TECH L        ,BIRLAPREC ,EQ,N,58.12,58.3,58.39,53.1,54.5,53.9,-6.2285,5.29,9.1019,-6.518
2026-09-08,BLACKBUCK LIMITED             ,BLACKBUCK ,EQ,N,583.6,583.6,583.6,572.0,573.4,573.9,-1.7478,11.6,1.9877,-1.7478
2026-09-08,BEML LAND ASSETS LIMITED      ,BLAL      ,EQ,N,158.98,160.79,163.07,159.49,161.92,162.9,1.8493,3.58,2.2519,0.7028
2026-09-08,BLB LIMITED                   ,BLBLIMITED,EQ,N,16.87,16.9,16.94,16.42,16.88,16.94,0.0593,0.52,3.0824,-0.1183
2026-09-08,BEHARI LAL ENGINEERING L      ,BLEL      ,EQ,N,478.3,477.75,485.0,448.0,451.05,451.0,-5.6973,37.0,7.7357,-5.5887
2026-09-08,BALMER LAWRIE INVSTS. L       ,BLIL      ,EQ,N,72.79,73.07,73.17,72.3,72.43,72.3,-0.4946,0.87,1.1952,-0.8759
2026-09-08,B.L.KASHYAP & SON LTD         ,BLKASHYAP ,EQ,N,56.85,57.05,57.29,55.92,56.8,56.7,-0.088,1.37,2.4099,-0.4382
2026-09-08,BLS INTL SERVS LTD            ,BLS       ,EQ,N,239.17,238.5,240.13,236.05,237.7,237.8,-0.6146,4.08,1.7059,-0.3354
2026-09-08,BLS E-SERVICES LIMITED        ,BLSE      ,EQ,N,319.45,321.95,324.7,315.1,322.05,322.0,0.8139,9.6,3.0052,0.0311
2026-09-08,BLUE CLOUD SOFTECH SOLU L     ,BLUECLOUDS,EQ,N,19.69,19.85,20.1,19.56,19.75,19.7,0.3047,0.54,2.7425,-0.5038
2026-09-08,BLUE COAST HOTELS LIMITED     ,BLUECOAST ,EQ,N,22.44,22.66,22.66,21.5,22.1,22.1,-1.5152,1.16,5.1693,-2.4713
2026-09-08,BLUE DART EXPRESS LTD         ,BLUEDART  ,EQ,N,4988.8,4988.8,4996.0,4921.0,4987.2,4996.0,-0.0321,75.0,1.5034,-0.0321
2026-09-08,BLUE JET HEALTHCARE LTD       ,BLUEJET   ,EQ,N,569.05,570.7,584.8,565.05,581.5,583.0,2.1879,19.75,3.4707,1.8924
2026-09-08,BLUE STAR LIMITED             ,BLUESTARCO,EQ,N,1496.0,1490.0,1492.7,1442.1,1460.9,1460.9,-2.3463,50.6,3.3824,-1.953
2026-09-08,BLUESTONE JEWEL LFSTL LTD     ,BLUESTONE ,EQ,N,870.0,872.0,884.8,850.1,868.7,868.0,-0.1494,34.7,3.9885,-0.3784
2026-09-08,BLUSPRING ENTERPRISES LTD     ,BLUSPRING ,EQ,N,137.19,138.28,138.32,123.48,123.61,123.48,-9.8987,14.84,10.8171,-10.6089
2026-09-08,BMW VENTURES LIMITED          ,BMWVENTLTD,EQ,N,55.21,55.98,55.98,54.5,54.8,54.86,-0.7426,1.48,2.6807,-2.1079
2026-09-08,BN AGROCHEM LTD.              ,BNAGROCHEM,EQ,N,213.46,203.01,215.0,203.01,214.0,214.0,0.253,11.99,5.617,5.4135
2026-09-08,AXISAMC-BNKETFAXIS            ,BNKETFAXIS,EQ,N,588.11,588.11,589.35,585.07,585.23,585.07,-0.4897,4.28,0.7278,-0.4897
2026-09-08,BODAL CHEMICALS LTD           ,BODALCHEM ,EQ,N,171.18,185.0,186.0,174.34,184.05,185.51,7.5184,11.66,6.8115,-0.5135
2026-09-08,BOHRA INDUSTRIES LIMITED      ,BOHRAIND  ,EQ,N,12.51,12.76,13.01,12.76,13.0,13.0,3.9169,0.25,1.9984,1.8809
2026-09-08,BOMBAY DYEING & MFG. CO L     ,BOMDYEING ,EQ,N,112.21,112.0,116.89,111.05,114.27,114.0,1.8358,5.84,5.2045,2.0268
2026-09-08,BONLON INDUSTRIES LIMITED     ,BONLON    ,EQ,N,40.08,41.5,41.93,40.1,40.88,40.85,1.996,1.83,4.5659,-1.494
2026-09-08,BORANA WEAVES LIMITED         ,BORANA    ,EQ,N,325.25,335.0,335.0,315.0,319.95,317.6,-1.6295,20.0,6.1491,-4.4925
2026-09-08,BOROSIL LIMITED               ,BOROLTD   ,EQ,N,254.24,252.17,257.4,252.17,255.54,255.22,0.5113,5.23,2.0571,1.3364
2026-09-08,BOROSIL RENEWABLES LTD        ,BORORENEW ,EQ,N,513.65,510.0,513.9,501.2,503.35,503.6,-2.0053,12.7,2.4725,-1.3039
2026-09-08,BOROSIL SCIENTIFIC LTD        ,BOROSCI   ,EQ,N,130.65,130.65,132.5,127.0,129.63,130.01,-0.7807,5.5,4.2097,-0.7807
2026-09-08,BOSCH HOME COMFRT IND LTD     ,BOSCH-HCIL,EQ,N,1849.1,1854.0,1854.0,1786.5,1794.0,1790.0,-2.9798,67.5,3.6504,-3.2362
2026-09-08,BOSCH LIMITED                 ,BOSCHLTD  ,EQ,N,48025.0,48200.0,48955.0,48100.0,48785.0,48785.0,1.5825,855.0,1.7803,1.2137
2026-09-08,BHARAT PETROLEUM CORP  LT     ,BPCL      ,EQ,N,312.9,311.1,314.25,301.4,303.85,303.85,-2.8923,12.85,4.1067,-2.3304
2026-09-08,BPL LTD                       ,BPL       ,EQ,N,48.77,49.6,50.0,48.62,48.65,48.62,-0.2461,1.38,2.8296,-1.9153
2026-09-08,BHARAT PARENTERALS LTD.       ,BPLPHARMA ,EQ,N,1548.7,1575.0,1575.0,1548.0,1568.8,1572.0,1.2979,27.0,1.7434,-0.3937
2026-09-08,BRAHMAPUTRA INFRA L           ,BRAHMINFRA,EQ,N,158.66,162.99,162.99,156.75,159.13,158.8,0.2962,6.24,3.9329,-2.3682
2026-09-08,BRIGADE ENTER. LTD            ,BRIGADE   ,EQ,N,679.05,675.8,689.95,669.0,687.0,687.0,1.1708,20.95,3.0852,1.6573
2026-09-08,BRIGADE HOTEL VENTURE LTD     ,BRIGHOTEL ,EQ,N,57.34,57.79,57.99,57.0,57.14,57.06,-0.3488,0.99,1.7265,-1.1248
2026-09-08,BRIGHT BROTHERS LTD.          ,BRIGHTBR  ,EQ,N,259.1,255.9,265.0,250.05,259.25,250.05,0.0579,14.95,5.77,1.3091
2026-09-08,BRITANNIA INDUSTRIES LTD      ,BRITANNIA ,EQ,N,5042.5,5036.0,5091.5,5012.0,5064.0,5064.0,0.4264,79.5,1.5766,0.556
2026-09-08,BHARAT ROAD NETWORK LTD       ,BRNL      ,EQ,N,17.09,17.38,17.38,17.0,17.12,17.05,0.1755,0.38,2.2235,-1.496
2026-09-08,BROOKS LAB LIMITED            ,BROOKS    ,EQ,N,67.7,69.7,69.75,61.52,63.3,64.24,-6.4993,8.23,12.1566,-9.1822
2026-09-08,BSE LIMITED                   ,BSE       ,EQ,N,3446.2,3440.0,3442.2,3362.0,3394.0,3394.0,-1.5147,80.2,2.3272,-1.3372
2026-09-08,ICICIPRAMC - ICICI500         ,BSE500IETF,EQ,N,39.26,40.05,40.25,39.05,39.19,39.2,-0.1783,1.2,3.0565,-2.1473
2026-09-08,BOMBAY SUPER HYBRID SEEDS     ,BSHSL     ,EQ,N,92.51,93.0,93.0,89.0,91.17,90.7,-1.4485,4.0,4.3239,-1.9677
2026-09-08,BSL LTD                       ,BSL       ,EQ,N,122.63,122.02,124.99,120.3,123.33,124.99,0.5708,4.69,3.8245,1.0736
2026-09-08,ADITYBIRLA SL GOLD ETF-GR     ,BSLGOLDETF,EQ,N,133.82,134.02,135.24,133.34,133.97,133.37,0.1121,1.9,1.4198,-0.0373
2026-09-08,ADITYBIRLA SL NIF ETF-GR      ,BSLNIFTY  ,EQ,N,27.93,28.62,28.62,27.76,27.88,28.2,-0.179,0.86,3.0791,-2.5856
2026-09-08,BIRLASLAMC - BSLSENETFG       ,BSLSENETFG,EQ,N,78.72,77.92,78.5,76.13,76.54,77.45,-2.7693,2.37,3.0107,-1.771
2026-09-08,BIRLASOFT LIMITED             ,BSOFT     ,EQ,N,282.45,282.8,283.7,280.3,281.65,282.0,-0.2832,3.4,1.2038,-0.4066
2026-09-08,BODHI TREE MULTIMEDIA LTD     ,BTML      ,EQ,N,8.49,8.37,8.49,7.48,8.02,8.02,-5.5359,1.01,11.8963,-4.1816
2026-09-08,SHANKARA BUILDPRO LIMITED     ,BUILDPRO  ,EQ,N,1271.4,1281.6,1320.0,1221.7,1301.1,1304.0,2.336,98.3,7.7316,1.5215
2026-09-08,BURNPUR CEMENT LIMITED        ,BURNPUR   ,EQ,N,20.49,19.47,19.47,19.47,19.47,19.47,-4.978,0.0,0.0,0.0
2026-09-08,BTRFLY GANDHI APPL LTD        ,BUTTERFLY ,EQ,N,614.9,614.9,630.0,609.7,614.55,614.15,-0.0569,20.3,3.3013,-0.0569
2026-09-08,BARAK VALLEY CEM. LTD.        ,BVCL      ,EQ,N,42.3,42.2,43.79,41.9,42.68,42.41,0.8983,1.89,4.4681,1.1374
2026-09-08,CAMLIN FINE SCIENCES LTD      ,CAMLINFINE,EQ,N,101.68,102.7,106.62,101.62,104.15,104.2,2.4292,5.0,4.9174,1.4119
2026-09-08,CAMPUS ACTIVEWEAR LIMITED     ,CAMPUS    ,EQ,N,218.77,217.5,219.02,216.2,216.81,217.0,-0.8959,2.82,1.289,-0.3172
2026-09-08,COMPUTER AGE MNGT SER LTD     ,CAMS      ,EQ,N,736.5,737.2,739.0,728.7,729.5,729.5,-0.9504,10.3,1.3985,-1.0445
2026-09-08,CANARA BANK                   ,CANBK     ,EQ,N,124.0,124.02,124.84,123.85,124.68,124.68,0.5484,0.99,0.7984,0.5322
2026-09-08,CAN FIN HOMES LTD             ,CANFINHOME,EQ,N,805.45,805.45,811.85,795.0,797.6,801.2,-0.9746,16.85,2.092,-0.9746
2026-09-08,CANARA HSBC LIFE INS CO L     ,CANHLIFE  ,EQ,N,153.97,152.0,154.71,148.61,154.16,154.12,0.1234,6.1,3.9618,1.4211
2026-09-08,CANTABIL RETAIL LTD           ,CANTABIL  ,EQ,N,238.83,238.6,239.28,235.35,236.87,236.0,-0.8207,3.93,1.6455,-0.7251
2026-09-08,CAPACITE INFRAPROJECT LTD     ,CAPACITE  ,EQ,N,205.8,205.05,206.82,198.65,199.72,199.8,-2.9543,8.17,3.9699,-2.5994
2026-09-08,CAPILLARY TECHNO INDIA L      ,CAPILLARY ,EQ,N,473.8,475.7,485.1,457.1,460.55,460.2,-2.7965,28.0,5.9097,-3.1848
2026-09-08,CAPITAL SMALL FIN BANK L      ,CAPITALSFB,EQ,N,277.9,281.95,281.95,275.0,277.0,279.0,-0.3239,6.95,2.5009,-1.7556
2026-09-08,CAPLIN POINT LAB LTD.         ,CAPLIPOINT,EQ,N,2814.0,2830.0,2850.4,2747.1,2770.1,2775.0,-1.5601,103.3,3.6709,-2.1166
2026-09-08,CARBORUNDUM UNIVERSAL LTD     ,CARBORUNIV,EQ,N,1104.0,1095.1,1126.8,1087.4,1095.9,1100.0,-0.7337,39.4,3.5688,0.0731
2026-09-08,CARE RATINGS LIMITED          ,CARERATING,EQ,N,1729.3,1740.0,1742.8,1705.0,1721.1,1725.0,-0.4742,37.8,2.1859,-1.0862
2026-09-08,CARRARO INDIA LIMITED         ,CARRARO   ,EQ,N,540.45,540.4,548.0,535.55,538.85,542.75,-0.296,12.45,2.3036,-0.2868
2026-09-08,CARTRADE TECH LIMITED         ,CARTRADE  ,EQ,N,3179.9,3186.0,3225.7,3110.0,3176.7,3183.0,-0.1006,115.7,3.6385,-0.2919
2026-09-08,CARYSIL LIMITED               ,CARYSIL   ,EQ,N,1152.6,1151.0,1194.0,1140.0,1155.0,1159.0,0.2082,54.0,4.6851,0.3475
2026-09-08,ICICIPRAMC - CASHIETF         ,CASHIETF  ,EQ,N,1078.48,1078.61,1078.63,1078.61,1078.61,1078.61,0.0121,0.02,0.0019,0.0
2026-09-08,CASTROL INDIA LIMITED         ,CASTROLIND,EQ,N,189.01,189.01,190.45,188.3,189.46,189.49,0.2381,2.15,1.1375,0.2381
2026-09-08,AVENUESAI LIMITED             ,CCAVENUE  ,EQ,N,15.94,16.0,16.1,15.29,15.36,15.41,-3.6386,0.81,5.0816,-4.0
2026-09-08,CONS. CONST. CONSORT LTD      ,CCCL      ,EQ,N,14.14,14.37,14.4,14.0,14.09,14.25,-0.3536,0.4,2.8289,-1.9485
2026-09-08,COUNTRY CLUB HOSP HOL LTD     ,CCHHL     ,EQ,N,12.65,12.65,12.99,12.42,12.69,12.73,0.3162,0.57,4.5059,0.3162
2026-09-08,CCL PRODUCTS (I) LTD          ,CCL       ,EQ,N,1097.4,1097.0,1137.0,1086.5,1130.6,1125.6,3.0253,50.5,4.6018,3.0629
2026-09-08,CENTRAL DEPO SER (I) LTD      ,CDSL      ,EQ,N,1414.9,1415.0,1417.0,1395.0,1400.0,1400.0,-1.0531,22.0,1.5549,-1.0601
2026-09-08,CEAT LIMITED                  ,CEATLTD   ,EQ,N,3336.1,3321.0,3346.3,3304.0,3313.2,3311.0,-0.6864,42.3,1.2679,-0.2349
2026-09-08,CEIGALL INDIA LIMITED         ,CEIGALL   ,EQ,N,370.3,371.35,381.7,371.35,374.85,374.0,1.2287,10.35,2.795,0.9425
2026-09-08,CEINSYS TECH LIMITED          ,CEINSYS   ,EQ,N,708.75,710.0,716.45,696.1,702.2,705.0,-0.9242,20.35,2.8713,-1.0986
2026-09-08,CELEBRITY FASHIONS LTD        ,CELEBRITY ,EQ,N,6.72,6.6,6.84,6.6,6.74,6.72,0.2976,0.24,3.5714,2.1212
2026-09-08,CELLO WORLD LIMITED           ,CELLO     ,EQ,N,338.95,340.25,348.95,336.0,343.95,345.95,1.4751,12.95,3.8206,1.0874
2026-09-08,GROWWAMC - CEMNTGROWW         ,CEMNTGROWW,EQ,N,14.54,14.61,14.78,14.33,14.38,14.42,-1.1004,0.45,3.0949,-1.5743
2026-09-08,CEMINDIA PROJECTS LIMITED     ,CEMPRO    ,EQ,N,1316.9,1319.0,1323.8,1265.5,1285.1,1285.0,-2.4148,58.3,4.4271,-2.5701
2026-09-08,CENTURY ENKA LTD              ,CENTENKA  ,EQ,N,607.05,609.95,611.65,586.55,589.2,591.95,-2.9404,25.1,4.1348,-3.4019
2026-09-08,CENTURY EXTRUSIONS LTD        ,CENTEXT   ,EQ,N,20.92,20.94,21.56,20.6,21.39,21.32,2.2467,0.96,4.5889,2.149
2026-09-08,CENTRAL BANK OF INDIA         ,CENTRALBK ,EQ,N,30.96,30.96,31.04,30.78,30.96,30.91,0.0,0.26,0.8398,0.0
2026-09-08,CENTRUM CAPITAL LIMITED       ,CENTRUM   ,EQ,N,22.47,22.47,22.85,22.25,22.57,22.63,0.445,0.6,2.6702,0.445
2026-09-08,CENTUM ELECTRONICS LTD        ,CENTUM    ,EQ,N,4376.9,4375.0,4400.0,4250.0,4287.4,4301.7,-2.0448,150.0,3.4271,-2.0023
2026-09-08,CENTURY PLYBOARDS (I) LTD     ,CENTURYPLY,EQ,N,739.3,745.0,749.5,738.0,744.1,740.0,0.6493,11.5,1.5555,-0.1208
2026-09-08,CERA SANITARYWARE LTD         ,CERA      ,EQ,N,5743.5,5744.0,5788.0,5710.0,5761.5,5750.0,0.3134,78.0,1.3581,0.3047
2026-09-08,CESC LTD                      ,CESC      ,EQ,N,145.44,145.47,146.66,143.9,146.05,145.9,0.4194,2.76,1.8977,0.3987
2026-09-08,CONCORD ENVIRO SYSTEMS L      ,CEWATER   ,EQ,N,265.25,267.5,269.9,262.15,267.0,268.0,0.6598,7.75,2.9218,-0.1869
2026-09-08,CONFIDENCE FUTURIST ENE L     ,CFEL      ,EQ,N,32.48,31.56,32.75,31.5,32.21,32.75,-0.8313,1.25,3.8485,2.0596
2026-09-08,CAPRI GLOBAL CAPITAL LTD      ,CGCL      ,EQ,N,275.7,276.8,278.8,268.15,270.75,271.5,-1.7954,10.65,3.8629,-2.1857
2026-09-08,CG POWER AND IND SOL LTD      ,CGPOWER   ,EQ,N,895.0,894.9,915.0,892.0,910.7,910.7,1.7542,23.0,2.5698,1.7656
2026-09-08,C G V A K SOFTWARE & EX L     ,CGVAK     ,EQ,N,147.27,147.27,152.99,144.0,146.54,147.0,-0.4957,8.99,6.1044,-0.4957
2026-09-08,CHALET HOTELS LIMITED         ,CHALET    ,EQ,N,908.75,907.35,907.35,885.65,897.75,888.5,-1.2105,21.7,2.3879,-1.058
2026-09-08,CHAMBAL FERTILIZERS LTD       ,CHAMBLFERT,EQ,N,418.05,416.85,420.3,415.0,418.65,416.4,0.1435,5.3,1.2678,0.4318
2026-09-08,CHEMBOND MATERIALTECH LTD     ,CHEMBOND  ,EQ,N,184.4,190.0,199.0,187.2,197.72,198.9,7.2234,11.8,6.3991,4.0632
2026-09-08,CHEMCRUX ENTERPRISES LTD.     ,CHEMCRUX  ,EQ,N,82.25,81.35,85.2,81.35,83.52,84.78,1.5441,3.85,4.6809,2.6675
2026-09-08,CHEMFAB ALKALIS LIMITED       ,CHEMFAB   ,EQ,N,356.05,364.45,364.45,350.15,354.9,355.55,-0.323,14.3,4.0163,-2.6204
2026-09-08,KOTAKMAMC - CHEMICAL          ,CHEMICAL  ,EQ,N,30.05,30.15,30.21,30.05,30.13,30.18,0.2662,0.16,0.5324,-0.0663
2026-09-08,CHEMPLAST SANMAR LIMITED      ,CHEMPLASTS,EQ,N,185.53,184.0,187.32,178.25,180.76,180.0,-2.571,9.07,4.8887,-1.7609
2026-09-08,CHENNAI PETROLEUM CORP LT     ,CHENNPETRO,EQ,N,1430.2,1429.2,1475.0,1415.1,1457.8,1461.0,1.9298,59.9,4.1882,2.0011
2026-09-08,CHEVIOT COMPANY LIMITED       ,CHEVIOT   ,EQ,N,1217.1,1225.0,1234.9,1208.0,1214.6,1210.5,-0.2054,26.9,2.2102,-0.849
2026-09-08,CHOICEAMC - CHOICEGOLD        ,CHOICEGOLD,EQ,N,150.14,153.32,153.32,150.0,151.01,150.79,0.5795,3.32,2.2113,-1.5067
2026-09-08,CHOICE INTERNATIONAL LTD      ,CHOICEIN  ,EQ,N,755.65,755.9,757.95,750.1,753.45,752.0,-0.2911,7.85,1.0388,-0.3241
2026-09-08,CHOLAMANDALAM IN & FIN CO     ,CHOLAFIN  ,EQ,N,1848.2,1834.0,1834.0,1810.0,1823.4,1823.4,-1.3418,24.0,1.2986,-0.578
2026-09-08,CHOLAMANDALAM FIN HOL LTD     ,CHOLAHLDNG,EQ,N,1520.7,1510.8,1533.3,1500.0,1526.2,1522.1,0.3617,33.3,2.1898,1.0193
2026-09-08,CIE AUTOMOTIVE INDIA LTD      ,CIEINDIA  ,EQ,N,383.55,386.0,386.35,382.5,383.4,384.35,-0.0391,3.85,1.0038,-0.6736
2026-09-08,CAPITAL INDIA FINANCE LTD     ,CIFL      ,EQ,N,19.89,20.4,20.69,19.86,20.16,20.17,1.3575,0.83,4.173,-1.1765
2026-09-08,CINELINE INDIA LIMITED        ,CINELINE  ,EQ,N,98.71,99.4,99.4,94.04,95.39,95.53,-3.3634,5.36,5.43,-4.0342
2026-09-08,CINEVISTA LIMITED             ,CINEVISTA ,EQ,N,14.25,14.35,14.82,14.1,14.21,14.29,-0.2807,0.72,5.0526,-0.9756
2026-09-08,CIPLA LTD                     ,CIPLA     ,EQ,N,1395.0,1393.4,1398.4,1377.2,1384.0,1384.0,-0.7885,21.2,1.5197,-0.6746
2026-09-08,CLEAN SCIENCE & TECH LTD      ,CLEAN     ,EQ,N,844.4,846.0,849.7,827.9,830.25,838.7,-1.6757,21.8,2.5817,-1.8617
2026-09-08,CLEAN MAX ENVIRO EN SOL L     ,CLEANMAX  ,EQ,N,1380.4,1390.0,1403.7,1352.2,1399.2,1398.1,1.3619,51.5,3.7308,0.6619
2026-09-08,CL EDUCATE LIMITED            ,CLEDUCATE ,EQ,N,60.97,62.47,62.47,58.1,59.11,58.5,-3.0507,4.37,7.1675,-5.3786
2026-09-08,CHAMAN LAL SETIA EXP LTD      ,CLSEL     ,EQ,N,299.65,299.05,308.0,296.0,305.65,306.3,2.0023,12.0,4.0047,2.207
2026-09-08,CALIBER MINING AND LOG L      ,CMLL      ,EQ,N,490.25,490.25,496.0,481.0,484.35,483.8,-1.2035,15.0,3.0597,-1.2035
2026-09-08,CENTRAL MINE P N D INST L     ,CMPDI     ,EQ,N,240.12,239.5,243.99,236.12,236.85,237.0,-1.3618,7.87,3.2775,-1.1065
2026-09-08,CMR GREEN TECHNOLOGIES L      ,CMRGREEN  ,EQ,N,221.03,224.4,226.5,221.0,222.16,223.0,0.5112,5.5,2.4883,-0.9982
2026-09-08,CMS INFO SYSTEMS LIMITED      ,CMSINFO   ,EQ,N,239.02,239.9,241.0,236.0,236.58,236.5,-1.0208,5.0,2.0919,-1.3839
2026-09-08,CREATIVE NEWTECH LIMITED      ,CNL       ,EQ,N,1209.5,1209.5,1215.0,1131.0,1149.2,1145.0,-4.9855,84.0,6.945,-4.9855
2026-09-08,COAL INDIA LTD                ,COALINDIA ,EQ,N,418.85,418.1,423.6,416.05,420.25,420.25,0.3342,7.55,1.8026,0.5142
2026-09-08,COASTAL CORPORATION LTD       ,COASTCORP ,EQ,N,40.44,40.99,41.37,40.0,40.69,40.56,0.6182,1.37,3.3877,-0.7319
2026-09-08,COCHIN SHIPYARD LIMITED       ,COCHINSHIP,EQ,N,1506.4,1506.0,1531.5,1505.0,1528.2,1528.2,1.4472,26.5,1.7592,1.4741
2026-09-08,JOHN COCKERILL INDIA LTD.     ,COCKERILL ,EQ,N,8065.5,8029.0,8409.0,8006.0,8325.5,8360.0,3.2236,403.0,4.9966,3.6929
2026-09-08,COFFEE DAY ENTERPRISE LTD     ,COFFEEDAY ,EQ,N,31.13,31.0,34.24,30.7,34.24,34.24,9.9904,3.54,11.3717,10.4516
2026-09-08,COFORGE LIMITED               ,COFORGE   ,EQ,N,1935.0,1935.0,1954.4,1914.1,1950.0,1950.0,0.7752,40.3,2.0827,0.7752
2026-09-08,COHANCE LIFESCIENCES LTD      ,COHANCE   ,EQ,N,449.55,451.8,460.5,448.1,451.6,454.25,0.456,12.4,2.7583,-0.0443
2026-09-08,COLGATE PALMOLIVE LTD.        ,COLPAL    ,EQ,N,1813.5,1814.0,1841.3,1799.1,1819.9,1819.9,0.3529,42.2,2.327,0.3252
2026-09-08,COMFORT INTECH LTD.           ,COMFINTE  ,EQ,N,6.11,6.13,6.28,6.01,6.11,6.15,0.0,0.27,4.419,-0.3263
2026-09-08,ICICIPRAMC - ICICICOMMO       ,COMMOIETF ,EQ,N,99.07,98.77,101.4,98.0,98.68,99.21,-0.3937,3.4,3.4319,-0.0911
2026-09-08,COMPETENT AUTOMOB CO. L       ,COMPEAU   ,EQ,N,353.0,353.0,370.0,345.0,369.0,369.3,4.5326,25.0,7.0822,4.5326
2026-09-08,COMPUCOM SOFTWARE LTD         ,COMPUSOFT ,EQ,N,13.16,13.14,13.28,13.0,13.15,13.1,-0.076,0.28,2.1277,0.0761
2026-09-08,COMMERCIAL SYN BAGS LTD       ,COMSYN    ,EQ,N,294.2,295.5,307.2,286.1,301.85,302.0,2.6003,21.1,7.172,2.1489
2026-09-08,CONTAINER CORP OF IND LTD     ,CONCOR    ,EQ,N,503.9,503.0,512.8,499.05,502.0,502.0,-0.3771,13.75,2.7287,-0.1988
2026-09-08,CONCORD BIOTECH LIMITED       ,CONCORDBIO,EQ,N,1443.2,1443.2,1492.0,1437.8,1470.5,1475.0,1.8916,54.2,3.7555,1.8916
2026-09-08,CONFIDENCE PETRO IND LTD.     ,CONFIPET  ,EQ,N,82.18,82.88,85.0,82.0,82.49,82.45,0.3772,3.0,3.6505,-0.4706
2026-09-08,KOTAKMAMC - KOTAKCONS         ,CONS      ,EQ,N,11.93,11.9,11.98,11.81,11.88,11.98,-0.4191,0.17,1.425,-0.1681
2026-09-08,AXISAMC-CONSUMAXIS            ,CONSUMAXIS,EQ,N,119.07,119.07,119.67,116.0,119.07,119.07,0.0,3.67,3.0822,0.0
2026-09-08,NIP IND ETF CONSUMPTION       ,CONSUMBEES,EQ,N,129.07,128.42,129.68,127.83,129.15,129.5,0.062,1.85,1.4333,0.5684
2026-09-08,MIRAEAMC - CONSUMER           ,CONSUMER  ,EQ,N,11.95,11.97,11.99,11.89,11.98,11.95,0.251,0.1,0.8368,0.0835
2026-09-08,ICICIPRAMC - ICICICONSU       ,CONSUMIETF,EQ,N,120.02,119.99,120.24,119.35,119.96,119.85,-0.05,0.89,0.7415,-0.025
2026-09-08,CONTROL PRINT LIMITED         ,CONTROLPR ,EQ,N,600.2,600.95,602.0,592.5,593.3,595.0,-1.1496,9.5,1.5828,-1.273
2026-09-08,CORAL INDIA FIN & HOUS LT     ,CORALFINAC,EQ,N,32.68,32.84,33.87,32.0,32.58,32.25,-0.306,1.87,5.7222,-0.7917
2026-09-08,WATERWAYS LEISURE TOUR L      ,CORDELIA  ,EQ,N,109.08,110.0,110.49,104.25,106.72,106.49,-2.1635,6.24,5.7206,-2.9818
2026-09-08,CORDS CABLE INDUS LTD.        ,CORDSCABLE,EQ,N,313.35,314.85,376.0,303.0,372.75,376.0,18.9564,73.0,23.2966,18.3897
2026-09-08,COROMANDEL INTERNTL. LTD      ,COROMANDEL,EQ,N,1974.6,1979.0,1979.1,1940.5,1951.1,1950.9,-1.1901,38.6,1.9548,-1.4098
2026-09-08,CORONA REMEDIES LIMITED       ,CORONA    ,EQ,N,2071.4,2093.4,2107.5,2054.8,2093.2,2100.0,1.0524,52.7,2.5442,-0.0096
2026-09-08,COSMO FIRST LIMITED           ,COSMOFIRST,EQ,N,926.3,935.4,935.4,905.0,909.15,911.95,-1.8515,30.4,3.2819,-2.8063
2026-09-08,CP CAPITAL LIMITED            ,CPCAP     ,EQ,N,135.89,140.0,142.0,136.1,137.36,136.95,1.0818,5.9,4.3417,-1.8857
2026-09-08,CAREER POINT EDUTECH LTD      ,CPEDU     ,EQ,N,195.31,198.5,198.5,189.2,191.35,191.8,-2.0275,9.3,4.7617,-3.602
2026-09-08,CAPTAIN POLYPLAST LIMITED     ,CPL       ,EQ,N,62.28,62.35,67.8,62.35,66.78,67.0,7.2254,5.45,8.7508,7.1051
2026-09-08,ADITYA INFOTECH LIMITED       ,CPPLUS    ,EQ,N,3752.9,3762.5,3850.0,3690.0,3828.8,3832.0,2.0224,160.0,4.2634,1.7621
2026-09-08,CPSE ETF                      ,CPSEETF   ,EQ,N,93.47,94.24,94.4,93.34,94.23,94.3,0.8131,1.06,1.1341,-0.0106
2026-09-08,CRAFTSMAN AUTOMATION LTD      ,CRAFTSMAN ,EQ,N,11297.0,11343.0,11542.0,11297.0,11406.0,11390.0,0.9649,245.0,2.1687,0.5554
2026-09-08,CANARA ROBECO AMC LIMITED     ,CRAMC     ,EQ,N,249.25,246.85,247.2,238.0,242.25,242.1,-2.8084,9.2,3.6911,-1.8635
2026-09-08,CRAVATEX LTD.                 ,CRAVATEX  ,EQ,N,322.05,337.95,339.9,315.0,317.35,316.0,-1.4594,24.9,7.7317,-6.0956
2026-09-08,CREATIVE EYE LIMITED          ,CREATIVEYE,EQ,N,6.18,6.01,6.23,5.95,6.09,6.19,-1.4563,0.28,4.5307,1.3311
2026-09-08,CREDITACCESS GRAMEEN LTD      ,CREDITACC ,EQ,N,1427.2,1425.0,1429.9,1392.5,1417.1,1416.9,-0.7077,37.4,2.6205,-0.5544
2026-09-08,CREST VENTURES LIMITED        ,CREST     ,EQ,N,370.65,366.0,368.0,356.5,362.35,366.75,-2.2393,11.5,3.1027,-0.9973
2026-09-08,CRISIL LTD                    ,CRISIL    ,EQ,N,4786.6,4786.6,4819.9,4603.1,4754.5,4786.0,-0.6706,216.8,4.5293,-0.6706
2026-09-08,CRIZAC LIMITED                ,CRIZAC    ,EQ,N,162.15,173.8,178.36,170.97,171.94,171.5,6.0376,7.39,4.5575,-1.0702
2026-09-08,CROMPT GREA CON ELEC LTD      ,CROMPTON  ,EQ,N,231.02,230.8,234.4,227.56,231.9,231.9,0.3809,6.84,2.9608,0.4766
2026-09-08,CROWN LIFTERS LIMITED         ,CROWN     ,EQ,N,115.39,117.35,117.35,114.01,115.58,115.8,0.1647,3.34,2.8945,-1.5083
2026-09-08,CSB BANK LIMITED              ,CSBBANK   ,EQ,N,321.15,323.0,323.0,311.15,312.85,313.0,-2.5845,11.85,3.6899,-3.1424
2026-09-08,CSL FINANCE LIMITED           ,CSLFINANCE,EQ,N,243.61,245.64,248.46,240.5,241.85,241.5,-0.7225,7.96,3.2675,-1.5429
2026-09-08,CSM TECHNOLOGIES LIMITED      ,CSM       ,EQ,N,93.57,95.0,95.24,93.0,94.13,94.47,0.5985,2.24,2.3939,-0.9158
2026-09-08,CITY UNION BANK LTD           ,CUB       ,EQ,N,238.48,238.6,239.17,232.16,232.97,234.18,-2.3105,7.01,2.9394,-2.3596
2026-09-08,CUBEX TUBINGS LTD             ,CUBEXTUB  ,EQ,N,76.25,76.82,80.0,76.82,78.88,79.0,3.4492,3.18,4.1705,2.6816
2026-09-08,CUMMINS INDIA LTD             ,CUMMINSIND,EQ,N,5030.0,5007.0,5040.0,4965.0,5040.0,5040.0,0.1988,75.0,1.4911,0.6591
2026-09-08,CUPID LIMITED                 ,CUPID     ,EQ,N,280.95,281.0,282.35,272.2,274.8,275.7,-2.189,10.15,3.6127,-2.2064
2026-09-08,CURA TECHNOLOGIES LIMITED     ,CURAA     ,EQ,N,77.96,84.0,84.0,76.0,78.0,78.0,0.0513,8.0,10.2617,-7.1429
2026-09-08,CYBER MEDIA (INDIA) LTD.      ,CYBERMEDIA,EQ,N,26.57,26.41,26.82,23.92,23.92,23.92,-9.9737,2.9,10.9146,-9.4282
2026-09-08,CYIENT LIMITED                ,CYIENT    ,EQ,N,1105.4,1100.0,1100.0,1078.0,1086.3,1086.9,-1.7279,22.0,1.9902,-1.2455
2026-09-08,CYIENT DLM LIMITED            ,CYIENTDLM ,EQ,N,865.35,867.3,1009.0,867.3,976.25,1009.0,12.8156,141.7,16.3749,12.562
2026-09-08,DABUR INDIA LTD               ,DABUR     ,EQ,N,375.5,375.25,377.95,373.75,375.0,375.0,-0.1332,4.2,1.1185,-0.0666
2026-09-08,DALMIA BHARAT LIMITED         ,DALBHARAT ,EQ,N,1713.9,1713.9,1739.2,1671.8,1700.5,1711.2,-0.7818,67.4,3.9326,-0.7818
2026-09-08,DALMIA BHARAT SUG IN LTD      ,DALMIASUG ,EQ,N,447.8,448.05,457.2,439.0,450.35,450.45,0.5695,18.2,4.0643,0.5133
2026-09-08,DAM CAPITAL ADVISORS LTD      ,DAMCAPITAL,EQ,N,143.38,142.67,147.2,142.67,145.29,146.0,1.3321,4.53,3.1594,1.8364
2026-09-08,DANGEE DUMS LIMITED           ,DANGEE    ,EQ,N,2.89,2.9,2.96,2.77,2.88,2.92,-0.346,0.19,6.5744,-0.6897
2026-09-08,DATAMATICS GLOBAL SER LTD     ,DATAMATICS,EQ,N,756.3,752.0,760.85,733.85,739.0,735.0,-2.2875,27.0,3.57,-1.7287
2026-09-08,DATA PATTERNS INDIA LTD       ,DATAPATTNS,EQ,N,4590.8,4617.1,4950.0,4617.1,4932.3,4940.0,7.4388,332.9,7.2515,6.8268
2026-09-08,DAVANGERE SUGAR COMPANY L     ,DAVANGERE ,EQ,N,1.96,2.03,2.03,1.92,1.93,1.92,-1.5306,0.11,5.6122,-4.9261
2026-09-08,D.B.CORP LTD                  ,DBCORP    ,EQ,N,195.24,194.65,195.51,193.4,195.3,194.67,0.0307,2.11,1.0807,0.3339
2026-09-08,DEEPAK BUILDERS & ENG I L     ,DBEIL     ,EQ,N,7.5,7.56,7.69,6.77,7.26,7.3,-3.2,0.92,12.2667,-3.9683
2026-09-08,DILIP BUILDCON LIMITED        ,DBL       ,EQ,N,391.85,392.0,394.95,390.15,393.55,394.85,0.4338,4.8,1.225,0.3954
2026-09-08,DHAMPUR BIO ORGANICS LTD      ,DBOL      ,EQ,N,127.52,126.8,127.5,125.01,126.12,126.0,-1.0979,2.49,1.9526,-0.5363
2026-09-08,VALOR ESTATE LIMITED          ,DBREALTY  ,EQ,N,100.88,101.0,103.35,100.88,101.19,101.41,0.3073,2.47,2.4485,0.1881
2026-09-08,DISHMAN CARBO AMCIS LTD       ,DCAL      ,EQ,N,171.53,172.0,174.89,170.51,173.98,173.85,1.4283,4.38,2.5535,1.1512
2026-09-08,DCB BANK LIMITED              ,DCBBANK   ,EQ,N,221.31,221.0,234.8,219.91,229.55,229.6,3.7233,14.89,6.7281,3.8688
2026-09-08,DC INFOTECH AND COMUN LTD     ,DCI       ,EQ,N,351.25,353.0,353.0,300.25,300.75,300.5,-14.3772,52.75,15.0178,-14.8017
2026-09-08,DCM FINANCIAL SERVICES LT     ,DCMFINSERV,EQ,N,5.33,5.31,5.32,5.06,5.11,5.11,-4.1276,0.26,4.878,-3.7665
2026-09-08,DCM NOUVELLE LIMITED          ,DCMNVL    ,EQ,N,183.01,186.3,187.98,177.35,180.44,181.0,-1.4043,10.63,5.8084,-3.1455
2026-09-08,DCM SHRIRAM LIMITED           ,DCMSHRIRAM,EQ,N,1011.2,1008.0,1015.9,1005.8,1008.2,1009.0,-0.2967,10.1,0.9988,0.0198
2026-09-08,DCM SHRIRAM INTERNATNL L      ,DCMSIL    ,EQ,N,67.42,68.0,71.98,67.89,69.09,68.5,2.477,4.09,6.0664,1.6029
2026-09-08,DCM SHRIRAM IND LTD           ,DCMSRIND  ,EQ,N,44.53,44.99,45.09,43.11,43.78,44.34,-1.6843,1.98,4.4464,-2.6895
2026-09-08,DCW LTD                       ,DCW       ,EQ,N,47.99,47.99,49.25,46.85,47.65,47.46,-0.7085,2.4,5.001,-0.7085
2026-09-08,DCX SYSTEMS LIMITED           ,DCXINDIA  ,EQ,N,173.67,173.95,178.15,173.17,174.09,173.82,0.2418,4.98,2.8675,0.0805
2026-09-08,DDEV PLASTIKS IND LTD         ,DDEVPLSTIK,EQ,N,274.75,274.95,274.95,268.9,269.45,269.0,-1.929,6.05,2.202,-2.0004
2026-09-08,DECCAN CEMENTS LIMITED        ,DECCANCE  ,EQ,N,573.15,570.85,578.15,564.0,567.75,567.0,-0.9422,14.15,2.4688,-0.543
2026-09-08,DECCAN GOLD MINES LTD.        ,DECNGOLD  ,EQ,N,215.77,215.77,224.5,214.0,223.22,223.6,3.4528,10.5,4.8663,3.4528
2026-09-08,DEE DEVELOPMENT ENG LTD       ,DEEDEV    ,EQ,N,677.05,682.6,710.0,663.65,701.6,695.0,3.626,46.35,6.8459,2.7835
2026-09-08,DEEP POLYMERS LTD.            ,DEEP      ,EQ,N,35.57,35.57,36.35,34.76,35.56,36.0,-0.0281,1.59,4.4701,-0.0281
2026-09-08,DEEPA JEWELLERS LIMITED       ,DEEPA     ,EQ,N,177.0,221.0,222.0,193.0,194.37,194.7,9.8136,29.0,16.3842,-12.0498
2026-09-08,DEEPAK FERTILIZERS & PETR     ,DEEPAKFERT,EQ,N,1344.2,1349.9,1366.7,1341.0,1345.9,1345.5,0.1265,25.7,1.9119,-0.2963
2026-09-08,DEEPAK NITRITE LTD            ,DEEPAKNTR ,EQ,N,1642.1,1642.0,1659.9,1620.1,1647.8,1649.0,0.3471,39.8,2.4237,0.3532
2026-09-08,DEEP INDUSTRIES LIMITED       ,DEEPINDS  ,EQ,N,785.2,789.55,823.0,771.4,818.7,821.0,4.2664,51.6,6.5716,3.692
2026-09-08,MIRAEAMC - DEFENCE            ,DEFENCE   ,EQ,N,82.04,82.51,83.9,82.5,83.81,83.9,2.1575,1.4,1.7065,1.5756
2026-09-08,DELHIVERY LIMITED             ,DELHIVERY ,EQ,N,453.8,452.8,458.2,450.25,454.9,454.9,0.2424,7.95,1.7519,0.4638
2026-09-08,DELTA CORP LIMITED            ,DELTACORP ,EQ,N,56.2,56.2,56.36,55.2,55.44,55.49,-1.3523,1.16,2.0641,-1.3523
2026-09-08,DELTA MANUFACTURING LTD       ,DELTAMAGNT,EQ,N,58.38,56.72,58.98,56.72,58.44,58.44,0.1028,2.26,3.8712,3.0324
2026-09-08,DEN NETWORKS LTD              ,DEN       ,EQ,N,27.9,27.9,27.99,26.55,27.18,27.2,-2.5806,1.44,5.1613,-2.5806
2026-09-08,DE NORA INDIA LIMITED         ,DENORA    ,EQ,N,814.35,825.15,833.95,800.15,805.95,803.5,-1.0315,33.8,4.1505,-2.3268
2026-09-08,DENTA WATER N INFRA SOL L     ,DENTA     ,EQ,N,280.65,282.6,282.75,276.15,279.65,280.5,-0.3563,6.6,2.3517,-1.0439
2026-09-08,DEV INFO TECHNOLOGY LTD       ,DEVIT     ,EQ,N,24.27,24.39,24.39,23.9,23.99,24.0,-1.1537,0.49,2.019,-1.64
2026-09-08,DEV ACCELERATOR LIMITED       ,DEVX      ,EQ,N,33.0,33.06,34.5,33.0,33.75,33.6,2.2727,1.5,4.5455,2.0871
2026-09-08,DEVYANI INTERNATIONAL LTD     ,DEVYANI   ,EQ,N,138.8,138.67,139.79,135.8,137.99,138.02,-0.5836,3.99,2.8746,-0.4904
2026-09-08,DIGICONTENT LIMITED           ,DGCONTENT ,EQ,N,24.55,24.43,25.0,24.43,24.54,24.5,-0.0407,0.57,2.3218,0.4503
2026-09-08,DHAMPUR SUGAR MILLS LTD.      ,DHAMPURSUG,EQ,N,171.28,172.49,173.75,166.95,168.88,169.55,-1.4012,6.8,3.9701,-2.0929
2026-09-08,DHANLAXMI BANK LIMITED        ,DHANBANK  ,EQ,N,31.36,31.36,31.42,30.95,31.11,31.29,-0.7972,0.47,1.4987,-0.7972
2026-09-08,DHANUKA AGRITECH LTD          ,DHANUKA   ,EQ,N,1023.7,1028.0,1028.0,989.15,994.05,998.0,-2.8964,38.85,3.7951,-3.3025
2026-09-08,DHARMAJ CROP GUARD LTD        ,DHARMAJ   ,EQ,N,270.05,270.0,271.05,265.55,269.75,267.5,-0.1111,5.5,2.0367,-0.0926
2026-09-08,DHATRE UDYOG LTD.             ,DHATRE    ,EQ,N,4.57,4.98,4.98,4.32,4.69,4.7,2.6258,0.66,14.442,-5.8233
2026-09-08,DHOOT TRANSMISSION LTD        ,DHOOTTRANS,EQ,N,1551.7,1551.7,1608.5,1537.0,1597.6,1585.2,2.958,71.5,4.6078,2.958
2026-09-08,DHRUV CONSULTANCY SER LTD     ,DHRUV     ,EQ,N,22.8,22.8,23.4,22.8,23.4,23.4,2.6316,0.6,2.6316,2.6316
2026-09-08,DHUNSERI INVESTMENTS LTD      ,DHUNINV   ,EQ,N,1036.5,1041.65,1041.65,1008.75,1014.5,1012.5,-2.1225,32.9,3.1741,-2.6064
2026-09-08,DIAMINES & CHEMICALS LTD      ,DIAMINESQ ,EQ,N,242.29,240.0,247.49,240.0,245.07,245.01,1.1474,7.49,3.0913,2.1125
2026-09-08,PRATAAP SNACKS LIMITED        ,DIAMONDYD ,EQ,N,1142.2,1148.7,1168.3,1125.0,1129.3,1129.9,-1.1294,43.3,3.7909,-1.6889
2026-09-08,DIC INDIA LIMITED             ,DICIND    ,EQ,N,625.35,613.0,638.3,613.0,622.85,625.9,-0.3998,25.3,4.0457,1.6069
2026-09-08,DIFFUSION ENGINEERS LTD       ,DIFFNKG   ,EQ,N,454.4,454.4,459.75,441.0,442.5,441.85,-2.6188,18.75,4.1263,-2.6188
2026-09-08,DIGIDRIVE DISTRIBUTORS L      ,DIGIDRIVE ,EQ,N,17.73,17.84,18.3,17.52,17.73,17.83,0.0,0.78,4.3993,-0.6166
2026-09-08,DIGISPICE TECHNOLOGIES LT     ,DIGISPICE ,EQ,N,16.97,16.97,17.1,16.71,16.91,16.99,-0.3536,0.39,2.2982,-0.3536
2026-09-08,DIGITIDE SOLUTIONS LTD        ,DIGITIDE  ,EQ,N,95.77,96.06,96.06,92.49,93.42,93.99,-2.4538,3.57,3.7277,-2.7483
2026-09-08,DIGJAM LTD                    ,DIGJAMLMTD,EQ,N,49.94,51.19,54.0,51.19,51.78,52.0,3.6844,2.81,5.6268,1.1526
2026-09-08,DISA INDIA LTD.               ,DISAQ     ,EQ,N,11758.0,11899.0,11994.0,11800.0,11926.0,11813.0,1.4288,194.0,1.6499,0.2269
2026-09-08,DISH TV INDIA LTD.            ,DISHTV    ,EQ,N,2.52,2.53,2.57,2.49,2.54,2.54,0.7937,0.08,3.1746,0.3953
2026-09-08,DIVGI TORQTRANSFER SYST L     ,DIVGIITTS ,EQ,N,1175.9,1175.9,1213.0,1152.3,1189.3,1198.9,1.1396,60.7,5.162,1.1396
2026-09-08,MIRAEAMC - DIVIDEND           ,DIVIDEND  ,EQ,N,35.32,35.17,35.37,35.14,35.24,35.24,-0.2265,0.23,0.6512,0.199
2026-09-08,DIVI S LABORATORIES LTD       ,DIVISLAB  ,EQ,N,9315.0,9375.5,9588.0,9253.0,9575.0,9575.0,2.7912,335.0,3.5963,2.1279
2026-09-08,NIP IND ETF DIV OPP           ,DIVOPPBEES,EQ,N,76.06,76.36,76.36,75.61,75.74,75.87,-0.4207,0.75,0.9861,-0.8119
2026-09-08,DIXON TECHNO (INDIA) LTD      ,DIXON     ,EQ,N,14180.0,14128.0,14229.0,14052.0,14100.0,14100.0,-0.5642,177.0,1.2482,-0.1982
2026-09-08,DJ MEDIAPRINT & LOG LTD       ,DJML      ,EQ,N,75.07,74.48,77.0,72.68,76.08,76.0,1.3454,4.32,5.7546,2.1482
2026-09-08,DLF LIMITED                   ,DLF       ,EQ,N,672.7,672.4,676.4,665.0,675.1,675.1,0.3568,11.4,1.6947,0.4015
2026-09-08,D-LINK INDIA LTD              ,DLINKINDIA,EQ,N,445.7,449.95,449.95,440.05,443.0,444.0,-0.6058,9.9,2.2212,-1.5446
2026-09-08,AVENUE SUPERMARTS LIMITED     ,DMART     ,EQ,N,3710.0,3697.1,3743.0,3680.5,3720.2,3720.2,0.2749,62.5,1.6846,0.6248
2026-09-08,DMCC SPECIALITY CHEMICALS     ,DMCC      ,EQ,N,293.3,295.75,295.75,289.25,290.4,289.25,-0.9887,6.5,2.2162,-1.809
2026-09-08,DILIGENT MEDIA CORP LTD.      ,DNAMEDIA  ,EQ,N,2.63,2.62,2.79,2.53,2.61,2.57,-0.7605,0.26,9.8859,-0.3817
2026-09-08,DODLA DAIRY LIMITED           ,DODLA     ,EQ,N,1073.1,1082.1,1087.9,1070.0,1081.7,1085.8,0.8014,17.9,1.6681,-0.037
2026-09-08,DOLAT ALGOTECH LIMITED        ,DOLATALGO ,EQ,N,69.96,69.96,70.95,68.9,70.7,70.68,1.0577,2.05,2.9302,1.0577
2026-09-08,DOLLAR INDUSTRIES LIMITED     ,DOLLAR    ,EQ,N,262.05,262.05,265.95,260.0,264.75,264.2,1.0303,5.95,2.2706,1.0303
2026-09-08,DOLPHIN OFF ENT (IND) L       ,DOLPHIN   ,EQ,N,720.4,726.95,731.0,680.35,687.75,683.0,-4.5322,50.65,7.0308,-5.3924
2026-09-08,DOMS INDUSTRIES LIMITED       ,DOMS      ,EQ,N,2201.5,2194.0,2215.3,2170.0,2191.4,2193.1,-0.4588,45.3,2.0577,-0.1185
2026-09-08,DONEAR IND. LIMITED           ,DONEAR    ,EQ,N,89.13,88.7,91.49,86.16,86.79,86.35,-2.6254,5.33,5.98,-2.1533
2026-09-08,D. P. ABHUSHAN LIMITED        ,DPABHUSHAN,EQ,N,1424.7,1424.8,1437.9,1400.2,1411.6,1413.1,-0.9195,37.7,2.6462,-0.9264
2026-09-08,DR. AGARWAL'S EYE HOSP L      ,DRAGARWQ  ,EQ,N,5323.5,5320.0,5351.0,5236.0,5267.5,5260.0,-1.0519,115.0,2.1602,-0.9868
2026-09-08,DRC SYSTEMS INDIA LIMITED     ,DRCSYSTEMS,EQ,N,13.25,13.55,13.55,12.86,12.9,12.95,-2.6415,0.69,5.2075,-4.797
2026-09-08,DREAMFOLKS SERVICES LTD       ,DREAMFOLKS,EQ,N,65.94,65.12,66.35,64.96,65.14,65.0,-1.2132,1.39,2.108,0.0307
2026-09-08,DREDGING CORP OF INDIA        ,DREDGECORP,EQ,N,1054.2,1054.2,1068.0,1037.5,1049.1,1050.9,-0.4838,30.5,2.8932,-0.4838
2026-09-08,DR. REDDY S LABORATORIES      ,DRREDDY   ,EQ,N,1144.2,1146.5,1154.5,1144.0,1151.0,1151.0,0.5943,10.5,0.9177,0.3925
2026-09-08,DYNACONS SYS & SOLN LTD       ,DSSL      ,EQ,N,1040.4,1041.3,1082.0,1024.6,1061.7,1059.4,2.0473,57.4,5.5171,1.9591
2026-09-08,DUCON INFRATECHNOLOGIES L     ,DUCON     ,EQ,N,1.79,1.79,1.98,1.78,1.8,1.8,0.5587,0.2,11.1732,0.5587
2026-09-08,DHUNSERI VENTURES LIMITED     ,DVL       ,EQ,N,298.2,300.1,300.1,290.55,292.05,292.2,-2.0624,9.55,3.2025,-2.6824
2026-09-08,DWARIKESH SUGAR IND LTD       ,DWARKESH  ,EQ,N,47.38,47.5,48.55,46.61,47.96,48.35,1.2241,1.94,4.0946,0.9684
2026-09-08,DYNAMIC CABLES LIMITED        ,DYCL      ,EQ,N,461.05,462.95,475.0,452.35,460.6,460.5,-0.0976,22.65,4.9127,-0.5076
2026-09-08,DYNAMATIC TECHNOLOGIES        ,DYNAMATECH,EQ,N,11569.0,11520.0,11689.0,11450.0,11584.0,11601.0,0.1297,239.0,2.0659,0.5556
2026-09-08,DYNEMIC PRODUCTS LIMITED      ,DYNPRO    ,EQ,N,233.2,230.3,238.45,230.0,233.28,230.32,0.0343,8.45,3.6235,1.294
2026-09-08,EASY TRIP PLANNERS LTD        ,EASEMYTRIP,EQ,N,6.01,5.98,6.08,5.88,5.94,5.97,-1.1647,0.2,3.3278,-0.6689
2026-09-08,EAST WEST FREIGHT CARRI L     ,EASTWEST  ,EQ,N,2.36,2.31,2.4,2.28,2.36,2.37,0.0,0.12,5.0847,2.1645
2026-09-08,EDELAMC - EBANK10             ,EBANK10   ,EQ,N,16.65,16.72,16.72,16.5,16.54,16.5,-0.6607,0.22,1.3213,-1.0766
2026-09-08,EDELAMC - EBANKNIFTY          ,EBANKNIFTY,EQ,N,57.78,57.62,57.67,57.23,57.48,57.48,-0.5192,0.44,0.7615,-0.243
2026-09-08,EDELAMC - EBBETF0430          ,EBBETF0430,EQ,N,1612.3,1614.88,1618.84,1610.0,1613.61,1611.81,0.0813,8.84,0.5483,-0.0786
2026-09-08,EDELAMC - EBBETF0431          ,EBBETF0431,EQ,N,1435.08,1439.51,1440.99,1432.02,1435.18,1432.02,0.007,8.97,0.6251,-0.3008
2026-09-08,EDELAMC - EBBETF0433          ,EBBETF0433,EQ,N,1310.01,1312.56,1312.97,1305.0,1306.94,1306.0,-0.2343,7.97,0.6084,-0.4282
2026-09-08,GNG ELECTRONICS LIMITED       ,EBGNG     ,EQ,N,619.1,626.0,675.0,617.0,665.15,671.15,7.4382,58.0,9.3684,6.254
2026-09-08,EDELAMC - ECAPINSURE          ,ECAPINSURE,EQ,N,23.9,24.01,24.01,23.65,23.73,23.76,-0.7113,0.36,1.5063,-1.1662
2026-09-08,ECLERX SERVICES LTD           ,ECLERX    ,EQ,N,1888.8,1907.8,1959.0,1888.0,1945.1,1940.3,2.9807,71.0,3.759,1.9551
2026-09-08,ECO RECYCLING LTD.            ,ECORECO   ,EQ,N,456.0,451.05,464.65,446.05,450.4,449.85,-1.2281,18.6,4.0789,-0.1441
2026-09-08,ECOS (INDIA) MOB & HOSP L     ,ECOSMOBLTY,EQ,N,111.75,112.68,113.5,111.5,111.87,111.69,0.1074,2.0,1.7897,-0.7188
2026-09-08,EDELWEISS FIN SERV LTD        ,EDELWEISS ,EQ,N,132.72,134.0,139.8,127.48,138.8,138.6,4.5811,12.32,9.2827,3.5821
2026-09-08,EFC (I) LIMITED               ,EFCIL     ,EQ,N,191.74,193.0,193.0,185.82,186.53,187.0,-2.7172,7.18,3.7447,-3.3523
2026-09-08,EDELAMC - EGOLD               ,EGOLD     ,EQ,N,151.95,154.4,154.4,151.3,152.25,151.95,0.1974,3.1,2.0401,-1.3925
2026-09-08,EICHER MOTORS LTD             ,EICHERMOT ,EQ,N,7672.0,7700.0,7747.5,7655.0,7747.5,7747.5,0.9841,92.5,1.2057,0.6169
2026-09-08,EID PARRY INDIA LTD           ,EIDPARRY  ,EQ,N,777.7,778.1,785.1,760.0,763.7,764.05,-1.8002,25.1,3.2275,-1.8507
2026-09-08,ENVIRO INFRA ENGINEERS L      ,EIEL      ,EQ,N,198.33,198.03,200.0,195.68,196.2,196.35,-1.074,4.32,2.1782,-0.9241
2026-09-08,EIH ASSOCIATED HOTELS LTD     ,EIHAHOTELS,EQ,N,296.45,296.45,299.9,293.0,295.7,293.2,-0.253,6.9,2.3275,-0.253
2026-09-08,EIH LIMITED                   ,EIHOTEL   ,EQ,N,294.0,291.9,307.5,291.45,295.75,296.0,0.5952,16.05,5.4592,1.3189
2026-09-08,EIMCO ELECON (INDIA) LTD      ,EIMCOELECO,EQ,N,2268.0,2278.5,2305.0,2250.0,2258.2,2270.0,-0.4321,55.0,2.425,-0.8909
2026-09-08,EVEREST KANTO CYLINDERLTD     ,EKC       ,EQ,N,104.7,104.6,104.6,102.3,103.14,103.14,-1.49,2.3,2.1968,-1.3958
2026-09-08,EKI ENERGY SERVICES LTD       ,EKI       ,EQ,N,71.37,74.0,74.0,70.45,70.81,71.0,-0.7846,3.55,4.9741,-4.3108
2026-09-08,ELANTAS BECK INDIA LTD.       ,ELANTAS   ,EQ,N,13054.0,13250.0,13999.0,13187.0,13891.0,13801.0,6.4118,812.0,6.2203,4.8377
2026-09-08,ELCID INVESTMENTS LTD.        ,ELCIDIN   ,EQ,N,108950.0,108915.0,108915.0,106500.0,106500.0,106500.0,-2.2487,2415.0,2.2166,-2.2173
2026-09-08,ELDECO HSG & IND LTD.         ,ELDEHSG   ,EQ,N,788.85,777.05,797.0,777.05,795.7,795.7,0.8684,19.95,2.529,2.4001
2026-09-08,ELECON ENG. CO. LTD           ,ELECON    ,EQ,N,426.7,426.9,428.0,420.0,421.15,422.6,-1.3007,8.0,1.8749,-1.3469
2026-09-08,ELECTROSTEEL CASTINGS LTD     ,ELECTCAST ,EQ,N,80.51,80.35,81.5,79.32,79.9,79.86,-0.7577,2.18,2.7077,-0.56
2026-09-08,ELECTROTHERM (I) LTD.         ,ELECTHERM ,EQ,N,966.4,966.4,981.3,961.2,964.6,961.2,-0.1863,20.1,2.0799,-0.1863
2026-09-08,ELGI EQUIPMENTS LTD           ,ELGIEQUIP ,EQ,N,642.4,644.9,645.5,635.1,638.2,641.0,-0.6538,10.4,1.6189,-1.0389
2026-09-08,ELGI RUBBER CO. LTD           ,ELGIRUBCO ,EQ,N,57.68,57.68,59.85,57.0,59.12,58.2,2.4965,2.85,4.9411,2.4965
2026-09-08,ELIN ELECTRONICS LIMITED      ,ELIN      ,EQ,N,96.14,97.6,100.0,95.38,98.42,97.55,2.3715,4.62,4.8055,0.8402
2026-09-08,EDELAMC - ELIQUID             ,ELIQUID   ,EQ,N,1046.71,1046.84,1046.84,1046.82,1046.84,1046.84,0.0124,0.02,0.0019,0.0
2026-09-08,ELITECON INTERNATIONAL L      ,ELITECON  ,EQ,N,8.25,7.84,7.84,7.84,7.84,7.84,-4.9697,0.0,0.0,0.0
2026-09-08,ELLENBARRIE INDUS GASES L     ,ELLEN     ,EQ,N,321.7,322.95,329.05,316.65,322.8,326.9,0.3419,12.4,3.8545,-0.0464
2026-09-08,EDELAMC - ELM250              ,ELM250    ,EQ,N,16.41,16.74,16.76,16.27,16.47,16.57,0.3656,0.49,2.986,-1.6129
2026-09-08,EDELAMC - ELMDIV              ,ELMDIV    ,EQ,N,36.26,36.24,36.24,36.04,36.13,36.22,-0.3585,0.2,0.5516,-0.3035
2026-09-08,ELPRO INTERNATIONAL LTD       ,ELPROINTL ,EQ,N,175.05,177.95,177.95,174.01,174.17,174.02,-0.5027,3.94,2.2508,-2.1242
2026-09-08,EMAMI LIMITED                 ,EMAMILTD  ,EQ,N,367.55,367.4,372.5,362.2,363.65,365.0,-1.0611,10.3,2.8023,-1.0207
2026-09-08,EMAMI REALTY LIMITED          ,EMAMIREAL ,EQ,N,67.62,67.62,67.7,65.7,66.18,65.75,-2.1295,2.0,2.9577,-2.1295
2026-09-08,EMBASSY DEVELOPMENTS LTD      ,EMBDL     ,EQ,N,59.1,59.23,59.23,57.57,58.12,57.86,-1.6582,1.66,2.8088,-1.8741
2026-09-08,EMCURE PHARMACEUTICALS L      ,EMCURE    ,EQ,N,1926.8,1944.0,1955.0,1916.0,1925.8,1919.0,-0.0519,39.0,2.0241,-0.9362
2026-09-08,EDELAMC - EMETAL              ,EMETAL    ,EQ,N,13.17,13.23,13.29,13.13,13.2,13.27,0.2278,0.16,1.2149,-0.2268
2026-09-08,ELECTRONICS MART IND LTD      ,EMIL      ,EQ,N,178.24,179.75,189.8,175.65,186.02,184.9,4.3649,14.15,7.9387,3.4882
2026-09-08,EMKAY GLOBAL FIN SERV LTD     ,EMKAY     ,EQ,N,265.15,265.0,265.15,260.0,260.7,260.0,-1.6783,5.15,1.9423,-1.6226
2026-09-08,EMMVEE PHOTOVOLTAIC PWR L     ,EMMVEE    ,EQ,N,325.2,325.65,332.75,323.25,331.25,330.9,1.8604,9.5,2.9213,1.7196
2026-09-08,EMPIRE INDUSTRIES LTD.        ,EMPIND    ,EQ,N,1192.1,1204.9,1204.9,1169.2,1176.8,1176.0,-1.2834,35.7,2.9947,-2.3321
2026-09-08,EMPOWER INDIA LTD.            ,EMPOWER   ,EQ,N,1.93,2.01,2.02,2.0,2.01,2.02,4.1451,0.02,1.0363,0.0
2026-09-08,EMS LIMITED                   ,EMSLIMITED,EQ,N,385.55,385.0,385.0,376.0,378.4,379.95,-1.8545,9.0,2.3343,-1.7143
2026-09-08,EMUDHRA LIMITED               ,EMUDHRA   ,EQ,N,502.45,505.0,517.15,493.8,509.1,508.8,1.3235,23.35,4.6472,0.8119
2026-09-08,EDELAMC - EMULTIMQ            ,EMULTIMQ  ,EQ,N,42.0,41.79,42.14,41.72,42.09,42.03,0.2143,0.42,1.0,0.7179
2026-09-08,ENDURANCE TECHNO. LTD.        ,ENDURANCE ,EQ,N,2763.2,2770.0,2784.3,2702.0,2735.3,2736.0,-1.0097,82.3,2.9784,-1.2527
2026-09-08,MIRAEAMC - ENERGY             ,ENERGY    ,EQ,N,38.15,38.22,38.5,38.17,38.45,38.47,0.7864,0.33,0.865,0.6018
2026-09-08,AXISAMC - ENERGYAXIS          ,ENERGYAXIS,EQ,N,19.03,19.03,19.8,19.03,19.18,19.5,0.7882,0.77,4.0462,0.7882
2026-09-08,ENERGY DEVE. CO.LTD           ,ENERGYDEV ,EQ,N,15.43,15.43,15.65,15.25,15.33,15.29,-0.6481,0.4,2.5924,-0.6481
2026-09-08,EDELAMC - ENEXT50             ,ENEXT50   ,EQ,N,72.63,72.27,72.86,72.27,72.85,72.85,0.3029,0.59,0.8123,0.8025
2026-09-08,ENGINEERS INDIA LTD           ,ENGINERSIN,EQ,N,277.05,277.6,281.95,271.45,279.2,281.6,0.776,10.5,3.7899,0.5764
2026-09-08,EDELAMC - ENIFTY              ,ENIFTY    ,EQ,N,24.01,23.4,23.95,23.4,23.89,23.89,-0.4998,0.55,2.2907,2.094
2026-09-08,ENTERTAIN NET. IND. LTD.      ,ENIL      ,EQ,N,101.34,101.4,103.19,99.57,100.21,100.97,-1.1151,3.62,3.5721,-1.1736
2026-09-08,ENKEI WHEELS (INDIA) LTD.     ,ENKEIWHEL ,EQ,N,395.15,395.0,410.0,390.0,396.6,406.9,0.3669,20.0,5.0614,0.4051
2026-09-08,SIEMENS ENERGY INDIA LTD      ,ENRIN     ,EQ,N,3121.9,3109.0,3249.8,3086.0,3200.1,3200.0,2.5049,163.8,5.2468,2.9302
2026-09-08,ENTERO HEALTHCARE SOLU L      ,ENTERO    ,EQ,N,1898.4,1895.1,1920.0,1841.2,1851.8,1860.0,-2.4547,78.8,4.1509,-2.2848
2026-09-08,EPACK DURABLE LIMITED         ,EPACK     ,EQ,N,186.33,186.31,190.24,186.0,187.38,188.94,0.5635,4.24,2.2755,0.5743
2026-09-08,EPACK PREFAB TECHN LTD        ,EPACKPEB  ,EQ,N,230.44,233.0,238.8,231.01,234.0,234.89,1.5449,7.79,3.3805,0.4292
2026-09-08,EPIGRAL LIMITED               ,EPIGRAL   ,EQ,N,1179.8,1215.0,1215.0,1172.4,1189.8,1191.8,0.8476,42.6,3.6108,-2.0741
2026-09-08,EPL LIMITED                   ,EPL       ,EQ,N,248.95,248.1,252.6,245.95,248.1,248.9,-0.3414,6.65,2.6712,0.0
2026-09-08,MIRAEAMC - EQUAL200           ,EQUAL200  ,EQ,N,13.72,14.06,14.06,13.69,13.74,13.74,0.1458,0.37,2.6968,-2.276
2026-09-08,MIRAEAMC - EQUAL50            ,EQUAL50   ,EQ,N,327.67,327.1,327.47,326.46,327.03,327.03,-0.1953,1.01,0.3082,-0.0214
2026-09-08,DSPAMC - DSPNEWETF            ,EQUAL50ADD,EQ,N,338.64,345.41,345.41,336.95,337.41,337.4,-0.3632,8.46,2.4982,-2.3161
2026-09-08,EQUITAS SMALL FIN BNK LTD     ,EQUITASBNK,EQ,N,73.35,73.2,73.22,72.3,72.54,72.5,-1.1043,0.92,1.2543,-0.9016
2026-09-08,ERIS LIFESCIENCES LIMITED     ,ERIS      ,EQ,N,1324.3,1322.9,1333.8,1315.1,1324.7,1324.8,0.0302,18.7,1.4121,0.1361
2026-09-08,ESAB INDIA LTD                ,ESABINDIA ,EQ,N,6092.0,6109.0,6117.5,6010.0,6067.0,6051.0,-0.4104,107.5,1.7646,-0.6875
2026-09-08,ESCORTS KUBOTA LIMITED        ,ESCORTS   ,EQ,N,2957.4,2980.3,3029.3,2962.2,3013.2,3013.8,1.8868,67.1,2.2689,1.1039
2026-09-08,ESDS SOFTWARE SOLUTION L      ,ESDS      ,EQ,N,1090.05,1189.0,1308.05,1140.6,1308.05,1308.05,19.9991,167.45,15.3617,10.0126
2026-09-08,EDELAMC - ESENSEX             ,ESENSEX   ,EQ,N,76.77,76.77,76.77,76.3,76.46,76.55,-0.4038,0.47,0.6122,-0.4038
2026-09-08,MIRAEAMC - MAESGETF           ,ESG       ,EQ,N,40.84,41.66,41.66,40.53,40.54,40.53,-0.7346,1.13,2.7669,-2.6884
2026-09-08,EDELAMC - ESILVER             ,ESILVER   ,EQ,N,230.04,230.04,233.59,229.69,230.45,230.73,0.1782,3.9,1.6954,0.1782
2026-09-08,ESSAR SHIPPING LTD            ,ESSARSHPNG,EQ,N,16.41,16.5,16.86,15.9,16.05,15.9,-2.1938,0.96,5.8501,-2.7273
2026-09-08,INTEGRA ESSENTIA LIMITED      ,ESSENTIA  ,EQ,N,1.1,1.1,1.15,1.05,1.05,1.06,-4.5455,0.1,9.0909,-4.5455
2026-09-08,ESTER INDUSTRIES LTD          ,ESTER     ,EQ,N,91.54,91.5,92.39,91.02,91.43,91.5,-0.1202,1.37,1.4966,-0.0765
2026-09-08,ETERNAL LIMITED               ,ETERNAL   ,EQ,N,320.8,320.8,324.3,320.5,321.6,321.6,0.2494,3.8,1.1845,0.2494
2026-09-08,ETHOS LIMITED                 ,ETHOSLTD  ,EQ,N,2746.6,2779.0,2800.0,2736.7,2761.5,2769.3,0.5425,63.3,2.3047,-0.6297
2026-09-08,EUREKA FORBES LIMITED         ,EUREKAFORB,EQ,N,406.2,407.9,412.05,404.55,408.55,409.0,0.5785,7.5,1.8464,0.1594
2026-09-08,EURO PANEL PRODUCTS LTD       ,EUROBOND  ,EQ,N,150.78,154.8,155.79,148.25,154.63,154.0,2.5534,7.54,5.0007,-0.1098
2026-09-08,EURO PRATIK SALES LIMITED     ,EUROPRATIK,EQ,N,257.0,257.0,259.6,254.55,256.95,259.6,-0.0195,5.05,1.965,-0.0195
2026-09-08,EVEREADY INDS. IND.  LTD.     ,EVEREADY  ,EQ,N,327.15,329.9,351.55,324.4,348.85,346.2,6.633,27.15,8.2989,5.7442
2026-09-08,ICICIPRAMC - EVIETF           ,EVIETF    ,EQ,N,32.27,32.27,34.18,32.0,32.48,32.51,0.6508,2.18,6.7555,0.6508
2026-09-08,MIRAEAMC - EVINDIA            ,EVINDIA   ,EQ,N,32.38,32.64,32.64,32.15,32.4,32.38,0.0618,0.49,1.5133,-0.7353
2026-09-08,EXCEL INDUSTRIES LTD          ,EXCELINDUS,EQ,N,1002.6,1004.0,1004.0,984.1,993.0,990.0,-0.9575,19.9,1.9848,-1.0956
2026-09-08,EXCELSOFT TECHNOLOGIES L      ,EXCELSOFT ,EQ,N,68.26,69.8,69.9,68.5,69.06,68.55,1.172,1.4,2.051,-1.0602
2026-09-08,EXICOM TELE SYSTEMS LTD       ,EXICOM    ,EQ,N,184.33,184.75,189.17,180.12,181.65,181.0,-1.4539,9.05,4.9097,-1.6779
2026-09-08,EXIDE INDUSTRIES LTD          ,EXIDEIND  ,EQ,N,425.75,424.95,427.2,415.55,418.15,418.6,-1.7851,11.65,2.7363,-1.6002
2026-09-08,EXPLEO SOLUTIONS LIMITED      ,EXPLEOSOL ,EQ,N,899.55,899.95,903.9,881.7,887.95,892.5,-1.2895,22.2,2.4679,-1.3334
2026-09-08,EXXARO TILES LIMITED          ,EXXARO    ,EQ,N,6.59,6.41,6.6,6.41,6.51,6.52,-1.214,0.19,2.8832,1.5601
2026-09-08,FABTECH TECHNOLOGIES LTD      ,FABTECH   ,EQ,N,148.47,148.2,149.39,146.5,146.91,146.5,-1.0507,2.89,1.9465,-0.8704
2026-09-08,FACT LTD                      ,FACT      ,EQ,N,793.3,795.0,823.3,786.65,791.2,794.0,-0.2647,36.65,4.6199,-0.478
2026-09-08,FAZE THREE LIMITED            ,FAZE3Q    ,EQ,N,500.9,500.0,500.0,494.0,497.3,500.0,-0.7187,6.0,1.1978,-0.54
2026-09-08,FINEOTEX CHEMICAL LIMITED     ,FCL       ,EQ,N,56.66,58.84,59.5,56.7,58.44,58.2,3.1415,2.8,4.9418,-0.6798
2026-09-08,FCS SOFTWARE SOLN. LTD.       ,FCSSOFT   ,EQ,N,1.43,1.46,1.46,1.41,1.42,1.43,-0.6993,0.05,3.4965,-2.7397
2026-09-08,FDC LIMITED                   ,FDC       ,EQ,N,342.15,343.0,347.5,341.95,345.95,346.9,1.1106,5.55,1.6221,0.8601
2026-09-08,FEDDERS HOLDING LTD.          ,FEDDERSHOL,EQ,N,48.03,48.3,48.89,47.99,48.0,47.99,-0.0625,0.9,1.8738,-0.6211
2026-09-08,FEDERAL BANK LTD              ,FEDERALBNK,EQ,N,342.0,343.05,345.9,341.45,344.15,344.15,0.6287,4.45,1.3012,0.3207
2026-09-08,FEDBANK FINANCIAL SER L       ,FEDFINA   ,EQ,N,165.45,167.0,167.89,161.51,162.3,161.51,-1.9039,6.38,3.8561,-2.8144
2026-09-08,FERMENTA BIOTECH LTD.         ,FERMENTA  ,EQ,N,496.5,490.0,495.45,472.2,480.7,478.4,-3.1823,23.25,4.6828,-1.898
2026-09-08,FIBERWEB INDIA LIMITED        ,FIBERWEB  ,EQ,N,26.42,26.42,26.42,25.73,26.03,26.39,-1.4762,0.69,2.6117,-1.4762
2026-09-08,FIEM INDUSTRIES LIMITED       ,FIEMIND   ,EQ,N,2068.8,2068.8,2074.0,2035.0,2038.2,2044.9,-1.4791,39.0,1.8852,-1.4791
2026-09-08,FILATEX INDIA LTD             ,FILATEX   ,EQ,N,76.59,76.59,77.24,74.86,76.44,76.13,-0.1958,2.38,3.1075,-0.1958
2026-09-08,FILATEX FASHIONS LIMITED      ,FILATFASH ,EQ,N,0.18,0.18,0.19,0.18,0.18,0.19,0.0,0.01,5.5556,0.0
2026-09-08,FINOLEX CABLES LTD            ,FINCABLES ,EQ,N,1227.0,1235.1,1311.8,1230.2,1302.3,1303.0,6.1369,81.6,6.6504,5.4409
2026-09-08,FINE ORGANIC IND. LTD.        ,FINEORG   ,EQ,N,5125.0,5120.0,5207.0,5082.0,5196.0,5173.0,1.3854,125.0,2.439,1.4844
2026-09-08,ICICIPRAMC-ICICIFIN           ,FINIETF   ,EQ,N,32.71,32.73,32.73,32.44,32.56,32.58,-0.4586,0.29,0.8866,-0.5194
2026-09-08,FINKURVE FINANCIAL SERV L     ,FINKURVE  ,EQ,N,71.45,72.05,72.05,66.1,69.09,69.86,-3.303,5.95,8.3275,-4.1083
2026-09-08,FINO PAYMENTS BANK LTD        ,FINOPB    ,EQ,N,138.9,137.71,142.37,137.5,139.97,140.0,0.7703,4.87,3.5061,1.6411
2026-09-08,FINOLEX INDUSTRIES LTD        ,FINPIPE   ,EQ,N,157.16,157.0,159.17,156.71,157.86,158.44,0.4454,2.46,1.5653,0.5478
2026-09-08,BRAINBEES SOLUTIONS LTD       ,FIRSTCRY  ,EQ,N,177.03,178.0,178.03,174.6,176.24,176.6,-0.4463,3.43,1.9375,-0.9888
2026-09-08,FISCHER MEDICAL VENTURE L     ,FISCHER   ,EQ,N,35.72,35.71,36.29,35.4,35.56,35.53,-0.4479,0.89,2.4916,-0.4201
2026-09-08,FIVE-STAR BUS FIN LTD         ,FIVESTAR  ,EQ,N,526.2,524.05,528.75,518.5,524.15,524.0,-0.3896,10.25,1.9479,0.0191
2026-09-08,FLAIR WRITING INDUST LTD      ,FLAIR     ,EQ,N,240.22,240.2,250.0,234.95,236.96,235.06,-1.3571,15.05,6.2651,-1.3489
2026-09-08,DSPAMC - FLEXIADD             ,FLEXIADD  ,EQ,N,9.98,10.18,10.18,9.93,9.97,10.01,-0.1002,0.25,2.505,-2.0629
2026-09-08,GUJARAT FLUOROCHEM LTD        ,FLUOROCHEM,EQ,N,4530.5,4539.0,4684.9,4486.0,4676.6,4684.0,3.2248,198.9,4.3902,3.0315
2026-09-08,DSPAMC - FMCGADD              ,FMCGADD   ,EQ,N,45.93,45.91,46.24,45.7,46.07,46.07,0.3048,0.54,1.1757,0.3485
2026-09-08,ICICIPRAMC - ICICIFMCG        ,FMCGIETF  ,EQ,N,49.17,49.32,49.5,48.92,49.31,49.46,0.2847,0.58,1.1796,-0.0203
2026-09-08,FEDERAL-MOGUL GOETZE (IND     ,FMGOETZE  ,EQ,N,482.05,482.1,482.1,466.75,469.25,468.6,-2.6553,15.35,3.1843,-2.6654
2026-09-08,FUTURE MKT NETWORKS LTD       ,FMNL      ,EQ,N,9.77,9.43,9.79,9.41,9.52,9.5,-2.5589,0.38,3.8895,0.9544
2026-09-08,FOODS & INNS LIMITED          ,FOODSIN   ,EQ,N,57.4,56.8,57.99,55.25,56.08,55.26,-2.2997,2.74,4.7735,-1.2676
2026-09-08,FORCE MOTORS LIMITED          ,FORCEMOT  ,EQ,N,17829.0,17750.0,17865.0,17590.0,17625.0,17625.0,-1.1442,275.0,1.5424,-0.7042
2026-09-08,FORTIS HEALTHCARE LTD         ,FORTIS    ,EQ,N,910.0,908.05,913.0,902.35,908.0,908.0,-0.2198,10.65,1.1703,-0.0055
2026-09-08,FOSECO INDIA LTD              ,FOSECOIND ,EQ,N,6128.5,6128.5,6198.5,6015.5,6095.5,6078.0,-0.5385,183.0,2.986,-0.5385
2026-09-08,FRACTAL ANALYTICS LIMITED     ,FRACTAL   ,EQ,N,801.2,802.0,804.65,791.2,794.75,794.5,-0.805,13.45,1.6787,-0.904
2026-09-08,FREDUN PHARMACEUTICALS L      ,FREDUN    ,EQ,N,1405.5,1409.9,1430.0,1320.1,1356.8,1360.0,-3.465,109.9,7.8193,-3.7662
2026-09-08,FRONTIER SPRINGS LTD.         ,FRONTSP   ,EQ,N,1268.0,1261.8,1267.4,1246.0,1258.2,1260.0,-0.7729,21.4,1.6877,-0.2853
2026-09-08,FIRSTSOURCE SOLU. LTD.        ,FSL       ,EQ,N,259.6,261.0,261.0,256.5,257.8,258.95,-0.6934,4.5,1.7334,-1.2261
2026-09-08,FUSION FINANCE LIMITED        ,FUSION    ,EQ,N,200.52,200.52,203.33,197.82,202.06,201.4,0.768,5.51,2.7479,0.768
2026-09-08,GABRIEL INDIA LTD             ,GABRIEL   ,EQ,N,1363.5,1360.1,1395.0,1346.1,1389.6,1386.0,1.9142,48.9,3.5864,2.169
2026-09-08,GUJARAT AMBUJA EXPORTS LT     ,GAEL      ,EQ,N,165.48,165.89,170.3,164.35,167.3,168.0,1.0998,5.95,3.5956,0.85
2026-09-08,GAIL (INDIA) LTD              ,GAIL      ,EQ,N,176.0,175.09,176.2,173.84,175.09,175.09,-0.517,2.36,1.3409,0.0
2026-09-08,GAJA ALT ASSET MGT LTD        ,GAJA      ,EQ,N,155.42,156.9,157.2,152.54,153.64,153.5,-1.1453,4.66,2.9983,-2.0778
2026-09-08,GALA PRECISION ENG LTD        ,GALAPREC  ,EQ,N,1037.4,1028.0,1058.4,1020.0,1054.9,1058.0,1.6869,38.4,3.7016,2.6167
2026-09-08,GALAXY SURFACTANTS LTD        ,GALAXYSURF,EQ,N,2136.6,2170.0,2283.4,2166.3,2251.9,2233.9,5.3964,117.1,5.4807,3.7742
2026-09-08,GALLANTT ISPAT LIMITED        ,GALLANTT  ,EQ,N,572.45,571.0,571.7,556.3,561.65,563.0,-1.8866,15.4,2.6902,-1.6375
2026-09-08,GANDHAR OIL REFINE IND L      ,GANDHAR   ,EQ,N,264.85,263.15,265.95,261.3,264.05,262.75,-0.3021,4.65,1.7557,0.342
2026-09-08,GANDHI SPL. TUBES LTD         ,GANDHITUBE,EQ,N,898.55,904.0,904.0,878.0,892.95,881.0,-0.6232,26.0,2.8936,-1.2223
2026-09-08,GANESHA ECOSPHERE LIMITED     ,GANECOS   ,EQ,N,990.0,990.0,1044.3,978.5,1040.4,1040.0,5.0909,65.8,6.6465,5.0909
2026-09-08,GANESH CONSUMER PRODUCT L     ,GANESHCP  ,EQ,N,169.59,170.95,172.04,167.5,169.71,171.0,0.0708,4.54,2.677,-0.7254
2026-09-08,GANESH HOUSING LIMITED        ,GANESHHOU ,EQ,N,758.75,756.1,761.95,745.1,750.8,749.0,-1.0478,16.85,2.2208,-0.701
2026-09-08,GANGA FORGING LIMITED         ,GANGAFORGE,EQ,N,1.63,1.64,1.64,1.58,1.59,1.59,-2.454,0.06,3.681,-3.0488
2026-09-08,GANGES SECURITIES LIMITED     ,GANGESSECU,EQ,N,121.89,120.4,121.8,116.5,118.63,119.3,-2.6745,5.3,4.3482,-1.4701
2026-09-08,GARWARE TECH FIBRES LTD       ,GARFIBRES ,EQ,N,819.25,819.25,821.75,802.0,819.15,820.0,-0.0122,19.75,2.4107,-0.0122
2026-09-08,GARUDA CONSTRUCT N ENG L      ,GARUDA    ,EQ,N,178.63,183.0,198.39,181.15,183.61,181.41,2.7879,17.24,9.6512,0.3333
2026-09-08,GATEWAY DISTRIPARKS LTD       ,GATEWAY   ,EQ,N,53.96,54.44,54.96,53.5,53.94,53.89,-0.0371,1.46,2.7057,-0.9184
2026-09-08,GAYATRI HIGHWAYS LIMITED      ,GAYAHWS   ,EQ,N,1.92,1.97,1.98,1.92,1.94,1.96,1.0417,0.06,3.125,-1.5228
2026-09-08,GAYATRI PROJECTS LTD          ,GAYAPROJ  ,EQ,N,22.18,22.4,23.28,22.3,23.26,23.28,4.8693,0.98,4.4184,3.8393
2026-09-08,GRETEX CORPORATE SERVICES     ,GCSL      ,EQ,N,601.85,602.9,608.8,595.65,598.25,595.65,-0.5982,13.15,2.1849,-0.7713
2026-09-08,GEEKAY WIRES LIMITED          ,GEEKAYWIRE,EQ,N,30.14,30.55,30.87,29.4,29.51,29.45,-2.0902,1.47,4.8772,-3.4043
2026-09-08,GEM AROMATICS LIMITED         ,GEMAROMA  ,EQ,N,158.19,160.24,164.69,157.3,161.86,163.1,2.32,7.39,4.6716,1.011
2026-09-08,GENERIC ENG CONS PROJ LTD     ,GENCON    ,EQ,N,41.98,42.3,42.66,41.31,41.89,42.65,-0.2144,1.35,3.2158,-0.9693
2026-09-08,GENESYS INTL CORPN LTD        ,GENESYS   ,EQ,N,240.16,240.25,288.19,239.5,288.19,288.19,19.9992,48.69,20.274,19.9542
2026-09-08,GENUS P&B LIMITED             ,GENUSPAPER,EQ,N,13.22,13.48,13.79,12.67,12.86,12.95,-2.7231,1.12,8.472,-4.5994
2026-09-08,GENUS POWER INFRASTRU LTD     ,GENUSPOWER,EQ,N,336.4,337.0,338.2,331.85,333.65,334.45,-0.8175,6.35,1.8876,-0.9941
2026-09-08,GEOJIT FINANCIAL SER L        ,GEOJITFSL ,EQ,N,82.78,82.95,83.04,77.85,81.08,81.79,-2.0536,5.19,6.2696,-2.2544
2026-09-08,THE GE SHPG.LTD               ,GESHIP    ,EQ,N,1376.7,1375.0,1397.7,1374.4,1383.8,1385.0,0.5157,23.3,1.6925,0.64
2026-09-08,GFL LIMITED                   ,GFLLIMITED,EQ,N,62.17,62.9,63.59,59.21,60.17,60.29,-3.217,4.38,7.0452,-4.3402
2026-09-08,GRAND FOUNDRY LTD             ,GFSTEELS  ,EQ,N,15.0,16.5,16.5,16.5,16.5,16.5,10.0,0.0,0.0,0.0
2026-09-08,GHCL LIMITED                  ,GHCL      ,EQ,N,433.35,434.0,434.05,428.5,433.05,433.9,-0.0692,5.55,1.2807,-0.2189
2026-09-08,GHCL TEXTILES LIMITED         ,GHCLTEXTIL,EQ,N,133.36,133.52,134.29,131.18,131.96,132.9,-1.0498,3.11,2.332,-1.1684
2026-09-08,GIC HOUSING FINANCE LTD       ,GICHSGFIN ,EQ,N,140.42,140.42,141.9,138.5,138.73,138.94,-1.2035,3.4,2.4213,-1.2035
2026-09-08,GLOBE INTL CARRIERS LTD       ,GICL      ,EQ,N,24.42,24.01,24.8,23.2,24.53,24.68,0.4505,1.6,6.552,2.1658
2026-09-08,GENERAL INS CORP OF INDIA     ,GICRE     ,EQ,N,349.8,351.0,353.15,346.2,348.1,347.85,-0.486,6.95,1.9868,-0.8262
2026-09-08,GILLANDERS ARBUTHNOT LTD      ,GILLANDERS,EQ,N,104.63,104.63,104.63,100.11,101.81,103.0,-2.6952,4.52,4.32,-2.6952
2026-09-08,GILLETTE INDIA LTD            ,GILLETTE  ,EQ,N,7380.5,7360.0,7564.0,7311.5,7530.5,7506.0,2.0324,252.5,3.4212,2.3166
2026-09-08,UTIAMC-GILT10BETA             ,GILT10BETA,EQ,N,26.4,26.66,26.77,26.33,26.7,26.7,1.1364,0.44,1.6667,0.15
2026-09-08,UTIAMC-GILT5BETA              ,GILT5BETA ,EQ,N,66.94,67.18,67.18,65.96,66.8,66.8,-0.2091,1.22,1.8225,-0.5656
2026-09-08,RELCAPAMC - NETFGILT5Y        ,GILT5YBEES,EQ,N,66.31,67.66,68.3,66.15,66.33,66.42,0.0302,2.15,3.2423,-1.9657
2026-09-08,GUJ IND POW CO. LTD           ,GIPCL     ,EQ,N,200.72,201.8,201.98,198.2,201.1,201.01,0.1893,3.78,1.8832,-0.3469
2026-09-08,GKB OPHTHALMICS LTD.          ,GKB       ,EQ,N,65.25,68.95,71.77,65.0,71.52,71.77,9.6092,6.77,10.3755,3.7273
2026-09-08,GK ENERGY LIMITED             ,GKENERGY  ,EQ,N,129.46,131.3,133.88,127.51,129.61,129.8,0.1159,6.37,4.9204,-1.2871
2026-09-08,GUJARAT KIDNEY N SUP SP L     ,GKSL      ,EQ,N,176.34,176.34,179.8,174.0,175.19,175.06,-0.6521,5.8,3.2891,-0.6521
2026-09-08,GKW LIMITED                   ,GKWLIMITED,EQ,N,1550.6,1550.0,1584.0,1550.0,1551.7,1579.9,0.0709,34.0,2.1927,0.1097
2026-09-08,GLAND PHARMA LIMITED          ,GLAND     ,EQ,N,2974.3,2979.9,2979.9,2901.9,2959.3,2960.0,-0.5043,78.0,2.6225,-0.6913
2026-09-08,GLAXOSMITHKLINE PHARMA LT     ,GLAXO     ,EQ,N,2957.8,2978.0,3001.3,2921.2,2928.2,2934.0,-1.0007,80.1,2.7081,-1.6723
2026-09-08,GLENMARK PHARMACEUTICALS      ,GLENMARK  ,EQ,N,2451.9,2469.9,2492.0,2439.0,2474.5,2474.5,0.9217,53.0,2.1616,0.1862
2026-09-08,GUJARAT LEASE FINANCING L     ,GLFL      ,EQ,N,5.63,5.72,5.73,5.35,5.35,5.35,-4.9734,0.38,6.7496,-6.4685
2026-09-08,GLOBAL EDUCATION LIMITED      ,GLOBAL    ,EQ,N,120.15,120.49,129.4,120.46,126.62,126.72,5.3849,8.94,7.4407,5.0876
2026-09-08,GLOBALE TESSILE LIMITED       ,GLOBALE   ,EQ,N,11.4,11.15,11.74,10.85,10.91,10.91,-4.2982,0.89,7.807,-2.1525
2026-09-08,GLOBAL VEC HELICORP LTD       ,GLOBALVECT,EQ,N,139.64,141.0,142.43,138.26,139.29,140.7,-0.2506,4.17,2.9863,-1.2128
2026-09-08,GLOBE ENTERPRISE (I) LTD      ,GLOBE     ,EQ,N,1.86,1.84,1.88,1.84,1.87,1.88,0.5376,0.04,2.1505,1.6304
2026-09-08,GLOBE CIVIL PROJECTS LTD      ,GLOBECIVIL,EQ,N,46.15,47.0,47.0,45.0,45.34,45.0,-1.7551,2.0,4.3337,-3.5319
2026-09-08,GLOBUS SPIRITS LTD            ,GLOBUSSPR ,EQ,N,895.1,894.0,894.5,852.1,861.45,863.6,-3.7594,42.4,4.7369,-3.6409
2026-09-08,GLOSTER LIMITED               ,GLOSTERLTD,EQ,N,603.4,603.4,614.5,591.1,598.8,605.0,-0.7623,23.4,3.878,-0.7623
2026-09-08,GLOTTIS LIMITED               ,GLOTTIS   ,EQ,N,59.62,59.63,60.86,56.8,57.13,57.35,-4.1765,4.06,6.8098,-4.1925
2026-09-08,G M BREWERIES LTD             ,GMBREW    ,EQ,N,941.4,941.4,941.4,921.35,927.75,926.55,-1.45,20.05,2.1298,-1.45
2026-09-08,GUJARAT MINERAL DEV CORP      ,GMDCLTD   ,EQ,N,557.6,558.1,576.1,552.75,568.85,568.65,2.0176,23.35,4.1876,1.9262
2026-09-08,GMM PFAUDLER LIMITED          ,GMMPFAUDLR,EQ,N,1235.7,1262.8,1308.6,1235.7,1285.2,1285.0,4.0058,72.9,5.8995,1.7738
2026-09-08,GMR AIRPORTS LIMITED          ,GMRAIRPORT,EQ,N,95.94,95.94,97.28,95.74,97.0,97.0,1.1049,1.54,1.6052,1.1049
2026-09-08,GMR POW AND URBAN INFRA L     ,GMRP&UI   ,EQ,N,93.57,93.57,96.05,91.75,95.61,95.52,2.1802,4.3,4.5955,2.1802
2026-09-08,GNA AXLES LIMITED             ,GNA       ,EQ,N,543.2,546.9,564.0,543.8,553.4,553.5,1.8778,20.2,3.7187,1.1885
2026-09-08,GUJ NAR VAL FER & CHEM L      ,GNFC      ,EQ,N,597.9,599.9,601.0,586.15,589.1,589.0,-1.4718,14.85,2.4837,-1.8003
2026-09-08,GUJARAT NATURAL RES L         ,GNRL      ,EQ,N,113.96,115.0,117.8,106.7,108.95,109.1,-4.3963,11.1,9.7403,-5.2609
2026-09-08,GOA CARBON LIMITED            ,GOACARBON ,EQ,N,382.55,387.0,393.0,382.15,386.25,385.0,0.9672,10.85,2.8362,-0.1938
2026-09-08,GOCL CORPORATION LIMITED      ,GOCLCORP  ,EQ,N,436.95,433.55,441.9,433.0,435.6,435.0,-0.309,8.9,2.0368,0.4728
2026-09-08,GO FASHION INDIA LTD          ,GOCOLORS  ,EQ,N,329.7,330.5,330.95,325.45,327.45,327.25,-0.6824,5.5,1.6682,-0.9228
2026-09-08,GODAVARI BIOREFINERIES L      ,GODAVARIB ,EQ,N,244.95,244.95,246.89,240.0,244.37,245.98,-0.2368,6.89,2.8128,-0.2368
2026-09-08,GODFREY PHILLIPS INDIA LT     ,GODFRYPHLP,EQ,N,2029.0,2024.0,2036.9,2003.0,2010.0,2010.0,-0.9364,33.9,1.6708,-0.6917
2026-09-08,GO DIGIT GENERAL INS LTD      ,GODIGIT   ,EQ,N,256.6,255.05,261.45,254.5,259.15,259.1,0.9938,6.95,2.7085,1.6075
2026-09-08,GODREJ AGROVET LIMITED        ,GODREJAGRO,EQ,N,665.5,665.5,675.0,655.35,673.6,675.0,1.2171,19.65,2.9527,1.2171
2026-09-08,GODREJ CONSUMER PRODUCTS      ,GODREJCP  ,EQ,N,861.9,866.5,870.95,855.15,865.0,865.0,0.3597,15.8,1.8332,-0.1731
2026-09-08,GODREJ INDUSTRIES LTD         ,GODREJIND ,EQ,N,1159.8,1152.0,1155.0,1130.2,1144.0,1140.1,-1.3623,24.8,2.1383,-0.6944
2026-09-08,GODREJ PROPERTIES LTD         ,GODREJPROP,EQ,N,1922.2,1920.0,1926.3,1885.1,1906.6,1906.6,-0.8116,41.2,2.1434,-0.6979
2026-09-08,GOKALDAS EXPORTS LTD.         ,GOKEX     ,EQ,N,776.95,774.0,783.6,768.4,781.3,782.7,0.5599,15.2,1.9564,0.9432
2026-09-08,GOKUL REFOILS & SOLV LTD      ,GOKUL     ,EQ,N,42.85,43.8,44.4,42.02,42.54,42.15,-0.7235,2.38,5.5543,-2.8767
2026-09-08,GOKUL AGRO RESOURCES LTD      ,GOKULAGRO ,EQ,N,231.69,231.45,240.0,229.79,233.15,232.44,0.6302,10.21,4.4068,0.7345
2026-09-08,KOTAK GOLD ETF                ,GOLD1     ,EQ,N,126.71,127.06,127.9,126.54,127.09,127.27,0.2999,1.36,1.0733,0.0236
2026-09-08,360ONEAMC - GOLD360           ,GOLD360   ,EQ,N,147.85,148.4,149.55,147.55,148.25,148.8,0.2705,2.0,1.3527,-0.1011
2026-09-08,DSPAMC - DSPGOLD              ,GOLDADD   ,EQ,N,14.74,14.92,14.92,14.72,14.79,14.84,0.3392,0.2,1.3569,-0.8713
2026-09-08,AXISAMC-GOLDAXIS              ,GOLDAXIS  ,EQ,N,126.22,127.0,127.67,126.3,126.86,126.94,0.5071,1.37,1.0854,-0.1102
2026-09-08,NIP IND ETF GOLD BEES         ,GOLDBEES  ,EQ,N,125.58,126.0,126.7,125.29,125.84,125.88,0.207,1.41,1.1228,-0.127
2026-09-08,UTIAMC-UTIGOLDBETA            ,GOLDBETA  ,EQ,N,128.0,128.25,129.0,127.5,128.15,128.3,0.1172,1.5,1.1719,-0.078
2026-09-08,BANDHANAMC - GOLDBND          ,GOLDBND   ,EQ,N,151.8,152.69,153.17,151.26,152.36,152.42,0.3689,1.91,1.2582,-0.2161
2026-09-08,ZERODHAAMC - GOLDCASE         ,GOLDCASE  ,EQ,N,23.9,23.93,24.15,23.85,23.95,23.98,0.2092,0.3,1.2552,0.0836
2026-09-08,MIRAEAMC - MAGOLDETF          ,GOLDETF   ,EQ,N,147.84,149.44,149.44,147.36,147.88,147.96,0.0271,2.08,1.4069,-1.0439
2026-09-08,GOLDIAM INTERNATIONAL LTD     ,GOLDIAM   ,EQ,N,340.45,339.45,343.9,335.6,338.2,337.65,-0.6609,8.3,2.4379,-0.3682
2026-09-08,ICICI PRUDENTIAL GOLD ETF     ,GOLDIETF  ,EQ,N,130.01,131.25,131.3,129.8,130.38,130.41,0.2846,1.5,1.1538,-0.6629
2026-09-08,GOODLUCK INDIA LIMITED        ,GOODLUCK  ,EQ,N,479.75,480.0,528.8,465.05,515.65,518.0,7.4831,63.75,13.2882,7.4271
2026-09-08,GOODYEAR INDIA LIMITED        ,GOODYEAR  ,EQ,N,730.8,730.8,734.85,723.5,725.2,723.6,-0.7663,11.35,1.5531,-0.7663
2026-09-08,GOPAL SNACKS LIMITED          ,GOPAL     ,EQ,N,266.3,267.7,267.7,263.0,264.2,263.0,-0.7886,4.7,1.7649,-1.3074
2026-09-08,GOYAL ALUMINIUMS LIMITED      ,GOYALALUM ,EQ,N,6.16,6.33,6.33,6.13,6.21,6.23,0.8117,0.2,3.2468,-1.8957
2026-09-08,GODAWARI POW & ISP LTD        ,GPIL      ,EQ,N,244.05,243.8,247.06,242.5,245.71,244.8,0.6802,4.56,1.8685,0.7834
2026-09-08,GUJARAT PIPAVAV PORT LTD      ,GPPL      ,EQ,N,160.98,160.9,162.96,159.56,160.58,161.0,-0.2485,3.4,2.1121,-0.1989
2026-09-08,GPT HEALTHCARE LIMITED        ,GPTHEALTH ,EQ,N,161.37,161.37,164.4,159.0,160.7,161.49,-0.4152,5.4,3.3463,-0.4152
2026-09-08,GPT INFRAPROJECTS LTD         ,GPTINFRA  ,EQ,N,111.76,111.2,113.0,110.5,111.42,110.65,-0.3042,2.5,2.2369,0.1978
2026-09-08,GRADIENTE INFOTAINMENT L      ,GRADIENTE ,EQ,N,2.64,2.62,2.67,2.52,2.54,2.59,-3.7879,0.15,5.6818,-3.0534
2026-09-08,GRAND OAK CANYONS DIST L      ,GRANDOAK  ,EQ,N,35.86,36.25,36.25,34.36,34.56,35.0,-3.6252,1.89,5.2705,-4.6621
2026-09-08,GRANULES INDIA LIMITED        ,GRANULES  ,EQ,N,867.3,869.0,899.85,865.0,895.35,892.0,3.2342,34.85,4.0182,3.0322
2026-09-08,GRAPHITE INDIA LTD            ,GRAPHITE  ,EQ,N,717.1,718.0,743.9,713.0,734.25,734.95,2.3916,30.9,4.309,2.2632
2026-09-08,GRASIM INDUSTRIES LTD         ,GRASIM    ,EQ,N,3302.4,3302.4,3318.2,3277.0,3306.8,3306.8,0.1332,41.2,1.2476,0.1332
2026-09-08,GRAUER & WEIL IND LTD         ,GRAUWEIL  ,EQ,N,71.45,71.88,73.2,70.53,72.01,72.1,0.7838,2.67,3.7369,0.1809
2026-09-08,GRAVISS HOSPITALITY LTD.      ,GRAVISSHO ,EQ,N,28.66,28.67,28.67,28.67,28.67,28.67,0.0349,0.0,0.0,0.0
2026-09-08,GRAVITA INDIA LIMITED         ,GRAVITA   ,EQ,N,1676.9,1665.0,1690.0,1665.0,1682.3,1690.0,0.322,25.0,1.4908,1.039
2026-09-08,GREAVES COTTON LTD.           ,GREAVESCOT,EQ,N,194.45,195.5,195.8,192.31,193.06,192.65,-0.7148,3.49,1.7948,-1.2481
2026-09-08,GREENLAM INDUSTRIES LTD.      ,GREENLAM  ,EQ,N,236.87,235.8,238.0,234.74,235.53,235.0,-0.5657,3.26,1.3763,-0.1145
2026-09-08,GREENPANEL INDUSTRIES LTD     ,GREENPANEL,EQ,N,162.55,162.6,164.44,160.5,161.69,161.69,-0.5291,3.94,2.4239,-0.5597
2026-09-08,GREENPLY INDUSTRIES LTD       ,GREENPLY  ,EQ,N,302.2,305.35,305.35,297.35,299.35,298.9,-0.9431,8.0,2.6473,-1.965
2026-09-08,ORIENT GREEN POWER CO LTD     ,GREENPOWER,EQ,N,9.23,9.19,9.29,9.1,9.14,9.15,-0.9751,0.19,2.0585,-0.5441
2026-09-08,GRINDWELL NORTON LIMITED      ,GRINDWELL ,EQ,N,1932.9,1933.0,1939.8,1910.0,1922.8,1927.4,-0.5225,29.8,1.5417,-0.5277
2026-09-08,G R INFRAPROJECTS LIMITED     ,GRINFRA   ,EQ,N,862.6,860.0,865.25,853.4,859.3,853.4,-0.3826,11.85,1.3738,-0.0814
2026-09-08,GRM OVERSEAS LIMITED          ,GRMOVER   ,EQ,N,85.8,85.15,88.91,85.01,88.17,88.1,2.7622,3.9,4.5455,3.5467
2026-09-08,THE GROB TEA COMPANY LTD      ,GROBTEA   ,EQ,N,959.15,966.0,966.0,966.0,966.0,966.0,0.7142,0.0,0.0,0.0
2026-09-08,BILLIONBRAINS GARAGE VN L     ,GROWW     ,EQ,N,194.73,194.78,195.58,193.0,195.24,195.3,0.2619,2.58,1.3249,0.2362
2026-09-08,GROWWAMC - GROWWCAPM          ,GROWWCAPM ,EQ,N,11.56,11.54,11.59,11.4,11.43,11.46,-1.1246,0.19,1.6436,-0.9532
2026-09-08,GROWWAMC - GROWWCHEM          ,GROWWCHEM ,EQ,N,30.08,29.93,30.43,29.9,30.21,30.2,0.4322,0.53,1.762,0.9355
2026-09-08,GROWWAMC - GROWWDEFNC         ,GROWWDEFNC,EQ,N,97.75,98.0,101.0,97.75,99.97,100.36,2.2711,3.25,3.3248,2.0102
2026-09-08,GROWWAMC - GROWWEV            ,GROWWEV   ,EQ,N,32.37,32.76,32.76,32.0,32.23,32.3,-0.4325,0.76,2.3479,-1.6178
2026-09-08,GROWWAMC - GROWWGOLD          ,GROWWGOLD ,EQ,N,14.81,14.86,14.97,14.8,14.85,14.88,0.2701,0.17,1.1479,-0.0673
2026-09-08,GROWWAMC - GROWWHOSPI         ,GROWWHOSPI,EQ,N,52.1,52.0,52.24,51.76,51.89,52.0,-0.4031,0.48,0.9213,-0.2115
2026-09-08,GROWWAMC - GROWWLIQID         ,GROWWLIQID,EQ,N,110.65,110.67,110.67,110.66,110.66,110.67,0.009,0.01,0.009,-0.009
2026-09-08,GROWWAMC - GROWWLOVOL         ,GROWWLOVOL,EQ,N,10.28,10.28,10.42,10.17,10.2,10.28,-0.7782,0.25,2.4319,-0.7782
2026-09-08,GROWWAMC - GROWWMC150         ,GROWWMC150,EQ,N,230.1,231.0,232.5,229.19,230.25,230.1,0.0652,3.31,1.4385,-0.3247
2026-09-08,GROWWAMC - GROWWMETAL         ,GROWWMETAL,EQ,N,12.52,12.4,12.68,12.4,12.48,12.46,-0.3195,0.28,2.2364,0.6452
2026-09-08,GROWWAMC - GROWWMOM50         ,GROWWMOM50,EQ,N,11.0,11.2,11.2,10.96,11.05,11.1,0.4545,0.24,2.1818,-1.3393
2026-09-08,GROWWAMC - GROWWN200          ,GROWWN200 ,EQ,N,11.27,11.55,11.55,11.16,11.17,11.23,-0.8873,0.39,3.4605,-3.29
2026-09-08,GROWWAMC - GROWWNET           ,GROWWNET  ,EQ,N,10.79,10.7,11.06,10.09,10.86,10.85,0.6487,0.97,8.9898,1.4953
2026-09-08,GROWWAMC - GROWWNIFTY         ,GROWWNIFTY,EQ,N,9.6,9.36,9.66,9.36,9.58,9.66,-0.2083,0.3,3.125,2.3504
2026-09-08,GROWWAMC - GROWWNXT50         ,GROWWNXT50,EQ,N,72.79,73.15,74.85,72.11,74.6,74.85,2.4866,2.74,3.7643,1.9822
2026-09-08,GROWWAMC - GROWWPOWER         ,GROWWPOWER,EQ,N,11.2,11.23,11.38,11.21,11.34,11.33,1.25,0.17,1.5179,0.9795
2026-09-08,GROWWAMC - GROWWPSE           ,GROWWPSE  ,EQ,N,97.95,96.0,99.6,96.0,98.16,99.6,0.2144,3.6,3.6753,2.25
2026-09-08,GROWWAMC - GROWWPSUBK         ,GROWWPSUBK,EQ,N,84.67,84.67,85.48,83.51,84.49,84.23,-0.2126,1.97,2.3267,-0.2126
2026-09-08,GROWWAMC - GROWWRAIL          ,GROWWRAIL ,EQ,N,28.0,28.22,28.22,27.7,27.79,27.85,-0.75,0.52,1.8571,-1.5237
2026-09-08,GROWWAMC - GROWWRLTY          ,GROWWRLTY ,EQ,N,10.05,10.07,10.35,9.91,10.03,10.05,-0.199,0.44,4.3781,-0.3972
2026-09-08,GROWWAMC - GROWWSC250         ,GROWWSC250,EQ,N,10.67,10.8,10.8,10.58,10.64,10.63,-0.2812,0.22,2.0619,-1.4815
2026-09-08,GROWWAMC - GROWWSLVR          ,GROWWSLVR ,EQ,N,22.53,22.9,22.94,22.55,22.65,22.69,0.5326,0.39,1.731,-1.0917
2026-09-08,GRP LIMITED                   ,GRPLTD    ,EQ,N,2004.1,2042.0,2042.0,1962.0,2001.4,1981.0,-0.1347,80.0,3.9918,-1.9882
2026-09-08,GARDEN REACH SHIP&ENG LTD     ,GRSE      ,EQ,N,2506.6,2518.0,2568.9,2512.0,2525.7,2531.0,0.762,56.9,2.27,0.3058
2026-09-08,GARWARE HI-TECH FILMS LTD     ,GRWRHITECH,EQ,N,6951.5,7006.0,7049.0,6900.5,6975.5,6948.0,0.3452,148.5,2.1362,-0.4353
2026-09-08,BIRLASLAMC - GSEC10ABSL       ,GSEC10ABSL,EQ,N,111.61,112.93,112.93,111.72,112.93,112.93,1.1827,1.21,1.0841,0.0
2026-09-08,DSPAMC - GSEC10ADD            ,GSEC10ADD ,EQ,N,26.81,26.81,26.83,26.47,26.83,26.83,0.0746,0.36,1.3428,0.0746
2026-09-08,ICICIPRAMC - ICICI10GS        ,GSEC10IETF,EQ,N,261.92,262.18,262.18,262.18,262.18,262.18,0.0993,0.0,0.0,0.0
2026-09-08,MIRAEAMC - MAGS813ETF         ,GSEC10YEAR,EQ,N,30.35,30.49,30.51,30.29,30.3,30.3,-0.1647,0.22,0.7249,-0.6232
2026-09-08,ICICIPRAMC - ICICI5GSEC       ,GSEC5IETF ,EQ,N,66.5,66.72,67.11,66.2,66.24,66.92,-0.391,0.91,1.3684,-0.7194
2026-09-08,GUJ STATE FERT & CHEM LTD     ,GSFC      ,EQ,N,162.02,162.2,162.33,160.42,160.81,160.88,-0.7468,1.91,1.1789,-0.857
2026-09-08,GLOBAL SURFACES LIMITED       ,GSLSU     ,EQ,N,29.45,30.5,30.5,28.24,29.3,29.5,-0.5093,2.26,7.674,-3.9344
2026-09-08,GSP CROP SCIENCE LIMITED      ,GSPCROP   ,EQ,N,600.95,600.0,606.7,480.8,531.0,527.9,-11.6399,125.9,20.9502,-11.5
2026-09-08,GSS INFOTECH LIMITED          ,GSS       ,EQ,N,11.02,11.34,11.34,10.83,10.96,10.98,-0.5445,0.51,4.6279,-3.351
2026-09-08,GTL LTD                       ,GTL       ,EQ,N,7.25,7.3,7.3,6.71,7.02,7.07,-3.1724,0.59,8.1379,-3.8356
2026-09-08,GTL INFRA.LTD                 ,GTLINFRA  ,EQ,N,1.2,1.21,1.22,1.17,1.18,1.19,-1.6667,0.05,4.1667,-2.4793
2026-09-08,GTPL HATHWAY LIMITED          ,GTPL      ,EQ,N,58.91,59.0,59.13,57.67,58.08,58.25,-1.4089,1.46,2.4784,-1.5593
2026-09-08,GUFIC BIOSCIENCES LTD.        ,GUFICBIO  ,EQ,N,448.0,448.0,451.0,436.8,440.3,440.1,-1.7187,14.2,3.1696,-1.7187
2026-09-08,GUJARAT ALKALIES & CHEM       ,GUJALKALI ,EQ,N,707.85,709.0,730.0,707.85,718.75,719.8,1.5399,22.15,3.1292,1.3752
2026-09-08,GUJ. APOLLO IND. LTD.         ,GUJAPOLLO ,EQ,N,345.2,348.05,348.6,341.5,342.2,341.5,-0.8691,7.1,2.0568,-1.6808
2026-09-08,GUJARAT ENERGY LIMITED        ,GUJENERGY ,EQ,N,261.93,261.93,262.9,258.91,260.18,260.0,-0.6681,3.99,1.5233,-0.6681
2026-09-08,GUJARAT RAFFIA INDUST LTD     ,GUJRAFFIA ,EQ,N,40.9,40.0,42.0,40.0,41.95,41.95,2.5672,2.0,4.89,4.875
2026-09-08,GUJARAT THEMIS BIOSYN LTD     ,GUJTHEM   ,EQ,N,429.3,432.75,470.05,431.85,453.25,453.0,5.5788,38.2,8.8982,4.7371
2026-09-08,GULF OIL LUB. IND. LTD.       ,GULFOILLUB,EQ,N,1052.8,1059.6,1061.0,1047.0,1057.6,1059.2,0.4559,14.0,1.3298,-0.1888
2026-09-08,GULSHAN POLYOLS LIMITED       ,GULPOLY   ,EQ,N,183.04,183.04,184.2,180.0,181.96,181.72,-0.59,4.2,2.2946,-0.59
2026-09-08,GE POWER INDIA LIMITED        ,GVPIL     ,EQ,N,655.15,662.45,673.8,651.35,656.2,658.0,0.1603,22.45,3.4267,-0.9435
2026-09-08,GE VERNOVA T&D INDIA LTD      ,GVT&D     ,EQ,N,4367.2,4636.1,4793.0,4610.0,4750.0,4750.0,8.7653,183.0,4.1903,2.4568
2026-09-08,GYFTR LIMITED                 ,GYFTR     ,EQ,N,186.34,189.65,190.0,186.0,186.02,186.02,-0.1717,4.0,2.1466,-1.9141
2026-09-08,HINDUSTAN AERONAUTICS LTD     ,HAL       ,EQ,N,4855.2,4904.1,5072.0,4903.7,5031.1,5031.1,3.6229,168.3,3.4664,2.5897
2026-09-08,HALDER VENTURE LIMITED        ,HALDER    ,EQ,N,286.6,281.6,297.0,281.6,293.55,289.0,2.425,15.4,5.3733,4.2436
2026-09-08,HALEOS LABS LIMITED           ,HALEOSLABS,EQ,N,1462.0,1497.4,1497.4,1445.5,1448.1,1465.1,-0.9508,51.9,3.5499,-3.2924
2026-09-08,HAMPTON SKY REALTY LTD.       ,HAMPTON   ,EQ,N,8.11,8.19,9.65,7.71,8.59,8.38,5.9186,1.94,23.9211,4.884
2026-09-08,HAPPIEST MINDS TECHNO LTD     ,HAPPSTMNDS,EQ,N,343.5,341.25,349.35,338.1,345.65,344.85,0.6259,11.25,3.2751,1.2894
2026-09-08,HAPPY FORGINGS LIMITED        ,HAPPYFORGE,EQ,N,2231.4,2259.9,2260.0,2171.5,2230.3,2235.0,-0.0493,88.5,3.9661,-1.3098
2026-09-08,HARDWYN INDIA LIMITED         ,HARDWYN   ,EQ,N,9.17,9.25,9.25,9.01,9.14,9.16,-0.3272,0.24,2.6172,-1.1892
2026-09-08,HARIOM PIPE INDUSTRIES L      ,HARIOMPIPE,EQ,N,365.2,367.4,377.0,358.0,371.7,369.5,1.7798,19.0,5.2026,1.1704
2026-09-08,HARRISON MALAYALAM LTD        ,HARRMALAYA,EQ,N,189.85,193.0,193.0,189.0,189.92,189.5,0.0369,4.0,2.1069,-1.5959
2026-09-08,HARSHA ENGINEERS INT LTD      ,HARSHA    ,EQ,N,455.45,461.05,468.9,451.15,466.8,465.0,2.492,17.75,3.8972,1.2472
2026-09-08,HATHWAY CABLE & DATACOM       ,HATHWAY   ,EQ,N,10.38,10.39,10.39,10.26,10.29,10.31,-0.8671,0.13,1.2524,-0.9625
2026-09-08,HATSUN AGRO PRODUCT LTD.      ,HATSUN    ,EQ,N,1132.8,1132.8,1218.2,1132.8,1198.0,1213.3,5.7556,85.4,7.5388,5.7556
2026-09-08,HAVELLS INDIA LIMITED         ,HAVELLS   ,EQ,N,1150.0,1147.0,1147.6,1135.4,1140.0,1140.0,-0.8696,12.2,1.0609,-0.6103
2026-09-08,SRI HAVISHA HOSP & INFR L     ,HAVISHA   ,EQ,N,1.32,1.35,1.35,1.32,1.33,1.34,0.7576,0.03,2.2727,-1.4815
2026-09-08,HAWKINS COOKERS LTD           ,HAWKINCOOK,EQ,N,8254.0,8395.0,8395.0,8171.0,8212.0,8200.0,-0.5088,224.0,2.7138,-2.1799
2026-09-08,HAZOOR MULTI PROJECTS LTD     ,HAZOOR    ,EQ,N,19.85,20.0,20.13,19.66,19.97,20.13,0.6045,0.47,2.3678,-0.15
2026-09-08,H B ESTATE DEVELOPERS L       ,HBESD     ,EQ,N,74.1,75.0,76.66,72.51,76.66,76.66,3.4548,4.15,5.6005,2.2133
2026-09-08,HBL ENGINEERING LTD           ,HBLENGINE ,EQ,N,703.9,704.9,733.85,698.1,731.25,732.0,3.8855,35.75,5.0788,3.7381
2026-09-08,HB PORTFOLIO LTD.             ,HBPOR     ,EQ,N,60.46,60.5,62.0,57.03,61.79,61.79,2.1998,4.97,8.2203,2.1322
2026-09-08,HB STOCKHOLDINGS LIMITED      ,HBSL      ,EQ,N,52.43,53.5,56.0,53.26,54.01,54.01,3.0135,2.74,5.226,0.9533
2026-09-08,HINDUSTAN CONSTRUCTION CO     ,HCC       ,EQ,N,23.54,23.52,24.1,23.06,23.86,23.85,1.3594,1.04,4.418,1.4456
2026-09-08,HEALTHCARE GLOB. ENT. LTD     ,HCG       ,EQ,N,687.9,690.95,697.6,676.55,690.6,689.65,0.3925,21.05,3.06,-0.0507
2026-09-08,HCL INFOSYSTEMS LTD           ,HCL-INSYS ,EQ,N,9.99,10.1,10.2,10.01,10.12,10.2,1.3013,0.19,1.9019,0.198
2026-09-08,HCL TECHNOLOGIES LTD          ,HCLTECH   ,EQ,N,1282.8,1281.4,1290.0,1268.2,1277.0,1277.0,-0.4521,21.8,1.6994,-0.3434
2026-09-08,HDB FINANCIAL SERVICES L      ,HDBFS     ,EQ,N,685.05,686.0,689.95,677.7,683.1,682.0,-0.2847,12.25,1.7882,-0.4227
2026-09-08,HDFC AMC LIMITED              ,HDFCAMC   ,EQ,N,2432.0,2443.5,2454.0,2433.0,2447.3,2447.3,0.6291,21.0,0.8635,0.1555
2026-09-08,HDFC BANK LTD                 ,HDFCBANK  ,EQ,N,710.5,707.1,708.9,703.0,703.0,703.0,-1.0556,5.9,0.8304,-0.5798
2026-09-08,HDFCAMC - HDFCBSE500          ,HDFCBSE500,EQ,N,37.19,37.37,37.59,37.11,37.35,37.33,0.4302,0.48,1.2907,-0.0535
2026-09-08,HDFC GOLD ETF                 ,HDFCGOLD  ,EQ,N,129.88,130.15,130.9,129.5,130.18,130.2,0.231,1.4,1.0779,0.0231
2026-09-08,HDFCAMC - HDFCGROWTH          ,HDFCGROWTH,EQ,N,117.39,117.25,118.09,117.0,117.33,118.09,-0.0511,1.09,0.9285,0.0682
2026-09-08,HDFC LIFE INS CO LTD          ,HDFCLIFE  ,EQ,N,533.2,539.9,547.8,533.65,533.8,533.8,0.1125,14.15,2.6538,-1.1298
2026-09-08,HDFCAMC - HDFCLIQUID          ,HDFCLIQUID,EQ,N,1076.85,1077.01,1077.01,1076.99,1077.0,1077.01,0.0139,0.02,0.0019,-0.0009
2026-09-08,HDFCAMC - HDFCLOWVOL          ,HDFCLOWVOL,EQ,N,20.35,20.27,20.32,20.25,20.29,20.25,-0.2948,0.07,0.344,0.0987
2026-09-08,HDFCAMC - HDFCMID150          ,HDFCMID150,EQ,N,23.38,23.75,23.75,23.3,23.42,23.44,0.1711,0.45,1.9247,-1.3895
2026-09-08,HDFCAMC - HDFCMOMENT          ,HDFCMOMENT,EQ,N,31.0,31.0,31.3,30.98,31.23,31.18,0.7419,0.32,1.0323,0.7419
2026-09-08,HDFCAMC - HDFCNEXT50          ,HDFCNEXT50,EQ,N,74.38,74.6,74.78,74.1,74.5,74.78,0.1613,0.68,0.9142,-0.134
2026-09-08,HDFCAMC - HDFCNIF100          ,HDFCNIF100,EQ,N,25.76,26.31,26.31,25.62,25.71,25.72,-0.1941,0.69,2.6786,-2.2805
2026-09-08,HDFCAMC - HDFCNIFBAN          ,HDFCNIFBAN,EQ,N,58.84,58.84,58.84,58.42,58.55,58.42,-0.4929,0.42,0.7138,-0.4929
2026-09-08,HDFCAMC - HDFCNIFIT           ,HDFCNIFIT ,EQ,N,32.06,32.75,32.75,31.8,32.0,32.11,-0.1871,0.95,2.9632,-2.2901
2026-09-08,HDFCAMC - HDFCNIFTY           ,HDFCNIFTY ,EQ,N,268.29,268.29,273.0,266.83,267.23,267.02,-0.3951,6.17,2.2998,-0.3951
2026-09-08,HDFCAMC - HDFCNIMEG           ,HDFCNIMEG ,EQ,N,131.56,132.19,132.71,131.0,131.8,132.13,0.1824,1.71,1.2998,-0.295
2026-09-08,HDFCAMC HDFCPSUBK             ,HDFCPSUBK ,EQ,N,85.07,84.9,85.33,84.41,84.59,84.6,-0.5642,0.92,1.0815,-0.3651
2026-09-08,HDFCAMC - HDFCPVTBAN          ,HDFCPVTBAN,EQ,N,28.25,28.16,28.25,27.99,28.04,28.01,-0.7434,0.26,0.9204,-0.4261
2026-09-08,HDFCAMC - HDFCQUAL            ,HDFCQUAL  ,EQ,N,58.12,58.17,58.65,58.06,58.25,58.65,0.2237,0.59,1.0151,0.1375
2026-09-08,HDFCAMC - HDFCSENSEX          ,HDFCSENSEX,EQ,N,86.47,86.69,86.69,85.98,85.99,86.0,-0.5551,0.71,0.8211,-0.8075
2026-09-08,HDFCAMC - HDFCSILVER          ,HDFCSILVER,EQ,N,219.9,223.38,224.2,220.01,221.31,221.5,0.6412,4.19,1.9054,-0.9267
2026-09-08,HDFCAMC - HDFCSML250          ,HDFCSML250,EQ,N,186.73,186.51,187.2,185.69,186.57,186.2,-0.0857,1.51,0.8087,0.0322
2026-09-08,HDFCAMC - HDFCVALUE           ,HDFCVALUE ,EQ,N,124.54,124.25,126.33,123.4,123.92,124.24,-0.4978,2.93,2.3527,-0.2656
2026-09-08,HEADS UP VENTURES LIMITED     ,HEADSUP   ,EQ,N,7.02,7.0,7.67,6.75,7.04,6.75,0.2849,0.92,13.1054,0.5714
2026-09-08,DSPAMC - HEALTHADD            ,HEALTHADD ,EQ,N,16.68,16.74,17.0,16.63,16.67,16.67,-0.06,0.37,2.2182,-0.4182
2026-09-08,AXISAMC-HEALTHAXIS            ,HEALTHAXIS,EQ,N,168.11,168.0,169.68,168.0,169.31,169.31,0.7138,1.68,0.9993,0.7798
2026-09-08,MIRAEAMC - HEALTHCARE         ,HEALTHCARE,EQ,N,21.64,21.67,21.88,21.62,21.82,21.82,0.8318,0.26,1.2015,0.6922
2026-09-08,ICICIPRAMC - ICICIPHARM       ,HEALTHIETF,EQ,N,169.45,169.45,171.3,169.07,170.85,171.3,0.8262,2.23,1.316,0.8262
2026-09-08,HEALTH X PLATFORM LIMITED     ,HEALTHX   ,EQ,N,296.9,301.35,312.4,300.0,302.6,302.5,1.9198,12.4,4.1765,0.4148
2026-09-08,BIRLASLAMC - HEALTHY          ,HEALTHY   ,EQ,N,17.03,17.45,17.45,16.93,17.09,17.09,0.3523,0.52,3.0534,-2.063
2026-09-08,HEC INFRA PROJECTS LTD        ,HECPROJECT,EQ,N,118.17,120.48,140.2,118.02,122.98,123.31,4.0704,22.18,18.7696,2.075
2026-09-08,HEIDELBERGCEMENT (I) LTD      ,HEIDELBERG,EQ,N,160.56,161.49,161.49,158.62,159.72,159.6,-0.5232,2.87,1.7875,-1.096
2026-09-08,HEMISPHERE PROP IND LTD       ,HEMIPROP  ,EQ,N,125.08,124.5,125.44,124.05,124.41,124.49,-0.5357,1.39,1.1113,-0.0723
2026-09-08,HERANBA INDUSTRIES LTD        ,HERANBA   ,EQ,N,169.62,170.0,175.99,169.21,172.8,173.1,1.8748,6.78,3.9972,1.6471
2026-09-08,HERITAGE FOODS LTD            ,HERITGFOOD,EQ,N,384.15,385.0,385.15,376.5,382.15,382.2,-0.5206,8.65,2.2517,-0.7403
2026-09-08,HERO MOTOCORP LIMITED         ,HEROMOTOCO,EQ,N,5270.0,5305.0,5339.5,5285.0,5333.5,5333.5,1.2049,54.5,1.0342,0.5372
2026-09-08,HESTER BIOSCIENCES LTD        ,HESTERBIO ,EQ,N,2362.7,2354.7,2369.9,2290.0,2318.3,2344.9,-1.8792,79.9,3.3817,-1.5458
2026-09-08,HEXA TRADEX LIMITED           ,HEXATRADEX,EQ,N,158.58,159.98,165.9,157.11,157.34,157.3,-0.7819,8.79,5.5429,-1.6502
2026-09-08,HEXAWARE TECHNOLOGIES LTD     ,HEXT      ,EQ,N,522.85,523.8,524.45,508.75,518.85,519.8,-0.765,15.7,3.0028,-0.945
2026-09-08,H.G.INFRA ENGINEERING LTD     ,HGINFRA   ,EQ,N,488.7,488.35,488.35,477.85,484.55,488.35,-0.8492,10.5,2.1486,-0.7781
2026-09-08,HANDSON GBL MNGMNT LTD        ,HGM       ,EQ,N,50.81,53.4,53.4,48.05,50.16,49.66,-1.2793,5.35,10.5294,-6.0674
2026-09-08,HINDUJA GLOBAL SOLS. LTD.     ,HGS       ,EQ,N,395.55,395.1,398.4,382.8,387.95,387.0,-1.9214,15.6,3.9439,-1.8097
2026-09-08,HIKAL LIMITED                 ,HIKAL     ,EQ,N,243.0,246.2,253.8,238.19,246.01,247.0,1.2387,15.61,6.4239,-0.0772
2026-09-08,HIGHWAY INFRASTRUCTURE L      ,HILINFRA  ,EQ,N,43.72,44.22,44.22,43.5,43.7,43.6,-0.0457,0.72,1.6468,-1.1759
2026-09-08,HILTON METAL FORGING LTD      ,HILTON    ,EQ,N,18.64,18.66,18.99,18.5,18.65,18.66,0.0536,0.49,2.6288,-0.0536
2026-09-08,HIMATSINGKA SEIDE LTD         ,HIMATSEIDE,EQ,N,70.15,70.15,70.24,68.8,69.46,69.56,-0.9836,1.44,2.0527,-0.9836
2026-09-08,HINDUSTAN ADHESIVES LTD.      ,HINDADH   ,EQ,N,361.25,357.75,372.65,357.75,363.7,367.95,0.6782,14.9,4.1246,1.6632
2026-09-08,HINDALCO  INDUSTRIES  LTD     ,HINDALCO  ,EQ,N,1006.0,1014.0,1024.7,1007.5,1009.0,1009.0,0.2982,17.2,1.7097,-0.4931
2026-09-08,HIND ALUMINIUM INDS. LTD.     ,HINDALUMI ,EQ,N,96.25,100.5,100.5,94.5,97.9,97.9,1.7143,6.0,6.2338,-2.5871
2026-09-08,HINDUSTAN COMPOSITES LTD.     ,HINDCOMPOS,EQ,N,398.75,398.5,400.0,382.75,395.35,394.0,-0.8527,17.25,4.326,-0.7905
2026-09-08,HINDCON CHEMICALS LIMITED     ,HINDCON   ,EQ,N,24.25,24.83,24.83,24.25,24.39,24.47,0.5773,0.58,2.3918,-1.772
2026-09-08,HINDUSTAN COPPER LTD          ,HINDCOPPER,EQ,N,509.1,520.0,537.0,520.0,532.85,533.0,4.6651,17.0,3.3392,2.4712
2026-09-08,HINDUSTAN OIL EXPLORATION     ,HINDOILEXP,EQ,N,188.85,188.48,194.99,187.01,193.66,193.0,2.547,7.98,4.2256,2.7483
2026-09-08,HINDUSTAN PETROLEUM CORP      ,HINDPETRO ,EQ,N,356.9,353.4,355.95,346.0,347.0,347.0,-2.7739,9.95,2.7879,-1.811
2026-09-08,HINDUSTAN UNILEVER LTD.       ,HINDUNILVR,EQ,N,1960.0,1967.0,1990.8,1956.7,1980.0,1980.0,1.0204,34.1,1.7398,0.6609
2026-09-08,HINDWARE HME INOVATON LTD     ,HINDWAREAP,EQ,N,182.54,182.54,182.54,180.0,180.28,180.02,-1.2381,2.54,1.3915,-1.2381
2026-09-08,HINDUSTAN ZINC LIMITED        ,HINDZINC  ,EQ,N,589.15,593.05,606.7,593.0,595.5,595.5,1.0778,13.7,2.3254,0.4131
2026-09-08,HIRECT LIMITED                ,HIRECT    ,EQ,N,1211.9,1214.2,1305.0,1214.2,1281.4,1282.0,5.7348,90.8,7.4924,5.5345
2026-09-08,HISAR METAL IND. LIMITED      ,HISARMETAL,EQ,N,162.02,165.2,165.26,160.24,160.26,160.24,-1.0863,5.02,3.0984,-2.9903
2026-09-08,HI-TECH PIPES LIMITED         ,HITECH    ,EQ,N,75.96,75.86,75.9,74.5,75.4,75.48,-0.7372,1.4,1.8431,-0.6064
2026-09-08,HLE GLASCOAT LIMITED          ,HLEGLAS   ,EQ,N,336.25,345.0,345.0,328.15,334.5,336.95,-0.5204,16.85,5.0112,-3.0435
2026-09-08,HLV LIMITED                   ,HLVLTD    ,EQ,N,6.41,6.5,6.5,6.3,6.4,6.37,-0.156,0.2,3.1201,-1.5385
2026-09-08,HMA AGRO INDUSTRIES LTD       ,HMAAGRO   ,EQ,N,20.66,20.8,21.08,19.9,20.01,19.95,-3.1462,1.18,5.7115,-3.7981
2026-09-08,HINDUSTAN FOODS LIMITED       ,HNDFDS    ,EQ,N,628.9,627.55,637.6,620.0,623.5,620.2,-0.8586,17.6,2.7985,-0.6454
2026-09-08,NIP IND ETF HANGSENG BEES     ,HNGSNGBEES,EQ,N,469.32,477.51,477.51,466.0,466.97,467.48,-0.5007,11.51,2.4525,-2.2073
2026-09-08,HOME FIRST FIN CO IND LTD     ,HOMEFIRST ,EQ,N,1233.7,1245.1,1248.1,1225.5,1237.1,1231.4,0.2756,22.6,1.8319,-0.6425
2026-09-08,HONASA CONSUMER LIMITED       ,HONASA    ,EQ,N,468.9,468.95,483.0,468.95,476.05,475.2,1.5248,14.05,2.9964,1.514
2026-09-08,HONEYWELL AUTOMATION IND      ,HONAUT    ,EQ,N,35565.0,35335.0,35725.0,34970.0,35060.0,35050.0,-1.4199,755.0,2.1229,-0.7783
2026-09-08,HONDA I POWER PRODUCT LTD     ,HONDAPOWER,EQ,N,1999.8,2017.0,2018.2,1976.0,1981.7,1979.2,-0.9051,42.2,2.1102,-1.7501
2026-09-08,HORIZON INDUSTRIAL PRKS L     ,HORIZONIND,EQ,N,54.85,54.82,55.74,54.25,55.54,55.5,1.258,1.49,2.7165,1.3134
2026-09-08,HP ADHESIVES LIMITED          ,HPAL      ,EQ,N,35.7,35.5,36.18,35.17,35.42,35.67,-0.7843,1.01,2.8291,-0.2254
2026-09-08,HINDPRAKASH INDUSTRY LTD      ,HPIL      ,EQ,N,121.87,121.87,127.9,121.87,122.0,122.0,0.1067,6.03,4.9479,0.1067
2026-09-08,HPL ELECTRIC & POWER LTD      ,HPL       ,EQ,N,301.55,301.55,305.55,300.3,303.0,303.45,0.4808,5.25,1.741,0.4808
2026-09-08,HARIYANA SHIP BREAKERS L      ,HRYNSHP   ,EQ,N,100.98,101.98,101.98,96.0,100.62,100.99,-0.3565,5.98,5.922,-1.3336
2026-09-08,HSBCAMC - HSBCGOLD            ,HSBCGOLD  ,EQ,N,132.11,133.41,133.41,132.05,132.67,132.66,0.4239,1.36,1.0294,-0.5547
2026-09-08,HIMADRI SPECIALITY CHEM L     ,HSCL      ,EQ,N,672.65,676.3,680.5,667.15,670.65,671.9,-0.2973,13.35,1.9847,-0.8354
2026-09-08,HT MEDIA LIMITED              ,HTMEDIA   ,EQ,N,25.7,25.74,26.15,25.11,25.41,25.5,-1.1284,1.04,4.0467,-1.2821
2026-09-08,HUBTOWN LIMITED               ,HUBTOWN   ,EQ,N,189.91,188.48,190.0,184.59,185.56,184.99,-2.2906,5.41,2.8487,-1.5492
2026-09-08,HSG & URBAN DEV CORPN LTD     ,HUDCO     ,EQ,N,179.24,178.1,178.99,177.0,178.26,178.7,-0.5468,1.99,1.1102,0.0898
2026-09-08,HUHTAMAKI INDIA LIMITED       ,HUHTAMAKI ,EQ,N,250.05,248.55,253.2,247.5,250.7,251.9,0.2599,5.7,2.2795,0.865
2026-09-08,MIRAEAMC - HYBRIDETF          ,HYBRIDETF ,EQ,N,10.05,10.08,10.1,10.05,10.07,10.1,0.199,0.05,0.4975,-0.0992
2026-09-08,HYUNDAI MOTOR INDIA LTD       ,HYUNDAI   ,EQ,N,2210.0,2200.0,2222.0,2198.9,2220.0,2220.0,0.4525,23.1,1.0452,0.9091
2026-09-08,INDIABULLS LIMITED            ,IBULLSLTD ,EQ,N,25.7,25.51,26.39,25.23,25.95,25.86,0.9728,1.16,4.5136,1.7248
2026-09-08,ICDS LTD                      ,ICDSLTD   ,EQ,N,67.32,65.1,66.0,60.59,61.26,60.81,-9.0018,5.41,8.0362,-5.8986
2026-09-08,ICE MAKE REFRIGERAT LTD       ,ICEMAKE   ,EQ,N,724.75,723.9,733.0,720.0,730.35,731.0,0.7727,13.0,1.7937,0.891
2026-09-08,ICICI PRUDENTIAL AMC LTD      ,ICICIAMC  ,EQ,N,3013.7,3001.0,3031.9,2983.8,3013.0,3001.0,-0.0232,48.1,1.596,0.3999
2026-09-08,ICICIPRAMC - BHARATIWIN       ,ICICIB22  ,EQ,N,113.84,113.49,114.48,113.46,113.91,114.0,0.0615,1.02,0.896,0.3701
2026-09-08,ICICI BANK LTD.               ,ICICIBANK ,EQ,N,1427.5,1424.0,1424.9,1396.3,1399.4,1399.4,-1.9685,28.6,2.0035,-1.7275
2026-09-08,ICICI LOMBARD GIC LIMITED     ,ICICIGI   ,EQ,N,1493.4,1500.0,1503.3,1474.5,1484.4,1484.4,-0.6027,28.8,1.9285,-1.04
2026-09-08,ICICI PRU LIFE INS CO LTD     ,ICICIPRULI,EQ,N,470.65,476.85,478.35,466.25,469.3,469.3,-0.2868,12.1,2.5709,-1.5833
2026-09-08,INDO COUNT INDUSTRIES LTD     ,ICIL      ,EQ,N,453.7,451.75,453.45,437.95,450.85,448.95,-0.6282,15.5,3.4164,-0.1992
2026-09-08,ICRA LIMITED                  ,ICRA      ,EQ,N,4929.4,4949.9,4955.0,4833.1,4854.4,4850.0,-1.5215,121.9,2.4729,-1.9293
2026-09-08,IDBI BANK LIMITED             ,IDBI      ,EQ,N,90.75,91.3,92.0,79.05,81.11,81.22,-10.6226,12.95,14.27,-11.161
2026-09-08,VODAFONE IDEA LIMITED         ,IDEA      ,EQ,N,15.6,15.58,15.58,15.31,15.42,15.42,-1.1538,0.27,1.7308,-1.027
2026-09-08,IDEAFORGE TECHNO LTD          ,IDEAFORGE ,EQ,N,765.45,771.0,799.0,771.0,775.2,777.0,1.2738,28.0,3.658,0.5447
2026-09-08,IDFC FIRST BANK LIMITED       ,IDFCFIRSTB,EQ,N,86.44,86.44,87.1,86.02,86.5,86.5,0.0694,1.08,1.2494,0.0694
2026-09-08,BANDHANAMC - IDFNIFTYET       ,IDFNIFTYET,EQ,N,262.43,262.3,262.54,261.02,261.92,262.1,-0.1943,1.52,0.5792,-0.1449
2026-09-08,INDIAN ENERGY EXC LTD         ,IEX       ,EQ,N,117.5,117.5,117.75,116.0,116.54,116.54,-0.817,1.75,1.4894,-0.817
2026-09-08,IFB AGRO INDUSTRIES LTD       ,IFBAGRO   ,EQ,N,896.25,914.2,914.2,884.05,887.05,888.0,-1.0265,30.15,3.364,-2.9698
2026-09-08,IFB INDUSTRIES LTD            ,IFBIND    ,EQ,N,1313.6,1314.0,1314.9,1290.0,1296.0,1297.0,-1.3398,24.9,1.8956,-1.3699
2026-09-08,IFCI LTD                      ,IFCI      ,EQ,N,102.51,103.4,103.59,91.77,92.61,92.25,-9.6576,11.82,11.5306,-10.4352
2026-09-08,IFGL REFRACTORIES LIMITED     ,IFGLEXPOR ,EQ,N,203.79,203.97,205.56,195.0,198.22,199.5,-2.7332,10.56,5.1818,-2.819
2026-09-08,IGARASHI MOTORS INDIA LTD     ,IGARASHI  ,EQ,N,415.15,412.05,417.5,412.05,415.6,415.0,0.1084,5.45,1.3128,0.8615
2026-09-08,INDOGULF CROPSCIENCES LTD     ,IGCL      ,EQ,N,72.48,73.47,73.47,72.1,72.54,72.2,0.0828,1.37,1.8902,-1.2658
2026-09-08,INTL GEMOLOGICAL INST LTD     ,IGIL      ,EQ,N,318.0,318.0,320.05,314.35,318.1,319.0,0.0314,5.7,1.7925,0.0314
2026-09-08,INDRAPRASTHA GAS LTD          ,IGL       ,EQ,N,154.8,153.25,154.49,152.7,154.02,153.7,-0.5039,1.79,1.1563,0.5024
2026-09-08,I G PETROCHEMICALS LTD        ,IGPL      ,EQ,N,558.8,564.35,590.0,560.15,584.55,588.0,4.6081,29.85,5.3418,3.5793
2026-09-08,IIFL FINANCE LIMITED          ,IIFL      ,EQ,N,654.05,660.2,675.8,616.4,628.0,626.3,-3.9829,59.4,9.0819,-4.8773
2026-09-08,IIFL CAPITAL SERVICES LTD     ,IIFLCAPS  ,EQ,N,340.45,341.95,341.95,339.0,339.4,339.05,-0.3084,2.95,0.8665,-0.7457
2026-09-08,INDUSTRIAL INV TRUST LTD      ,IITL      ,EQ,N,140.1,141.01,159.15,139.08,149.88,149.25,6.9807,20.07,14.3255,6.2903
2026-09-08,IKIO TECHNOLOGIES LIMITED     ,IKIO      ,EQ,N,202.98,202.0,226.78,201.98,219.73,220.0,8.252,24.8,12.218,8.7772
2026-09-08,INVENTURUS KNOWLEDGE SO L     ,IKS       ,EQ,N,1788.0,1800.0,1813.2,1769.8,1780.0,1782.5,-0.4474,43.4,2.4273,-1.1111
2026-09-08,IMAGICAAWORLD ENT LTD         ,IMAGICAA  ,EQ,N,54.86,56.5,56.51,54.3,54.43,54.9,-0.7838,2.21,4.0284,-3.6637
2026-09-08,INDIAN METALS & FERRO         ,IMFA      ,EQ,N,1286.9,1287.0,1315.0,1283.1,1306.7,1309.0,1.5386,31.9,2.4788,1.5307
2026-09-08,IND MOTOR PART & ACC LTD      ,IMPAL     ,EQ,N,1114.2,1130.9,1170.0,1090.5,1151.5,1120.0,3.3477,79.5,7.1352,1.8216
2026-09-08,INSOLATION ENERGY LIMITED     ,INA       ,EQ,N,92.77,92.77,95.69,90.38,93.12,93.7,0.3773,5.31,5.7238,0.3773
2026-09-08,INCREDIBLE INDUSTRIES LTD     ,INCREDIBLE,EQ,N,32.34,32.48,32.48,31.31,31.78,31.51,-1.7316,1.17,3.6178,-2.1552
2026-09-08,INDBANK MERCH BANK            ,INDBANK   ,EQ,N,28.16,28.68,28.68,27.6,27.69,27.63,-1.669,1.08,3.8352,-3.4519
2026-09-08,INDEGENE LIMITED              ,INDGN     ,EQ,N,599.35,597.0,603.6,579.2,589.2,591.0,-1.6935,24.4,4.0711,-1.3065
2026-09-08,THE INDIAN HOTELS CO. LTD     ,INDHOTEL  ,EQ,N,716.2,712.6,723.55,712.6,720.0,720.0,0.5306,10.95,1.5289,1.0385
2026-09-08,THE INDIA CEMENTS LIMITED     ,INDIACEM  ,EQ,N,356.1,356.0,357.55,352.4,353.45,353.2,-0.7442,5.15,1.4462,-0.7163
2026-09-08,INDIAMART INTERMESH LTD       ,INDIAMART ,EQ,N,1706.4,1700.1,1714.1,1681.0,1684.5,1686.7,-1.2834,33.1,1.9398,-0.9176
2026-09-08,INDIAN BANK                   ,INDIANB   ,EQ,N,869.4,868.5,868.9,855.15,859.9,859.9,-1.0927,13.75,1.5816,-0.9902
2026-09-08,INDIAN CARD CLOTHING CO.      ,INDIANCARD,EQ,N,217.85,224.4,224.99,212.19,218.81,218.54,0.4407,12.8,5.8756,-2.4911
2026-09-08,INDIAN HUME PIPE CO. LTD.     ,INDIANHUME,EQ,N,394.9,393.6,395.0,385.6,388.9,390.0,-1.5194,9.4,2.3803,-1.1941
2026-09-08,INDIA SHELTER FIN CORP L      ,INDIASHLTR,EQ,N,672.15,670.0,675.0,667.5,671.7,672.9,-0.0669,7.5,1.1158,0.2537
2026-09-08,INTERGLOBE AVIATION LTD       ,INDIGO    ,EQ,N,5001.0,4971.0,5022.5,4952.0,5000.0,5000.0,-0.02,70.5,1.4097,0.5834
2026-09-08,INDIGO PAINTS LIMITED         ,INDIGOPNTS,EQ,N,1178.0,1172.0,1176.2,1131.0,1140.3,1139.0,-3.2003,45.2,3.837,-2.7048
2026-09-08,INDIQUBE SPACES LIMITED       ,INDIQUBE  ,EQ,N,202.13,203.61,206.85,198.02,205.09,206.18,1.4644,8.83,4.3685,0.7269
2026-09-08,INDIA NIPPON ELECT  LTD       ,INDNIPPON ,EQ,N,1128.4,1130.1,1135.9,1092.0,1122.3,1125.0,-0.5406,43.9,3.8905,-0.6902
2026-09-08,INDO BORAX & CHEMICAL LTD     ,INDOBORAX ,EQ,N,503.95,503.3,515.45,503.1,511.05,511.0,1.4089,12.35,2.4506,1.5398
2026-09-08,INDOCO REMEDIES LTD.          ,INDOCO    ,EQ,N,250.7,250.73,256.88,243.0,244.25,244.0,-2.5728,13.88,5.5365,-2.5845
2026-09-08,INDO FARM EQUIPMENT LTD       ,INDOFARM  ,EQ,N,131.65,141.0,150.19,138.92,144.16,143.8,9.5025,11.27,8.5606,2.2411
2026-09-08,INDOKEM LTD.                  ,INDOKEM   ,EQ,N,636.35,649.85,649.85,624.9,627.4,630.0,-1.4065,24.95,3.9208,-3.4546
2026-09-08,INDO-MIM LIMITED              ,INDOMIM   ,EQ,N,946.7,951.0,989.0,943.75,968.95,967.0,2.3503,45.25,4.7798,1.8875
2026-09-08,INDO RAMA SYNTHETICS LTD      ,INDORAMA  ,EQ,N,73.56,74.25,76.0,70.72,74.98,75.36,1.9304,5.28,7.1778,0.9832
2026-09-08,INDOSTAR CAPITAL FIN LTD      ,INDOSTAR  ,EQ,N,253.08,253.95,254.55,250.0,251.29,250.0,-0.7073,4.55,1.7979,-1.0475
2026-09-08,INDO TECH TRANSFORM LTD.      ,INDOTECH  ,EQ,N,3666.6,3679.9,3848.9,3600.0,3696.8,3699.7,0.8237,248.9,6.7883,0.4593
2026-09-08,INDO THAI SEC LTD             ,INDOTHAI  ,EQ,N,37.53,39.4,39.4,39.4,39.4,39.4,4.9827,0.0,0.0,0.0
2026-09-08,INDO US BIOTECH LTD           ,INDOUS    ,EQ,N,78.74,78.81,83.0,78.05,78.85,80.33,0.1397,4.95,6.2865,0.0508
2026-09-08,INDOWIND ENERGY LTD           ,INDOWIND  ,EQ,N,8.91,9.09,9.1,8.65,8.85,8.94,-0.6734,0.45,5.0505,-2.6403
2026-09-08,INDUSTRIAL & PRU INV CO L     ,INDPRUD   ,EQ,N,6385.0,6389.0,6389.0,6200.0,6210.0,6210.0,-2.7408,189.0,2.9601,-2.8017
2026-09-08,INDRAPRASTHA MEDICAL CORP     ,INDRAMEDCO,EQ,N,351.4,351.95,356.2,348.45,355.15,355.25,1.0672,7.75,2.2055,0.9092
2026-09-08,IND SWIFT LABORATORIES LT     ,INDSWFTLAB,EQ,N,368.7,368.7,401.45,368.7,388.3,389.0,5.316,32.75,8.8826,5.316
2026-09-08,IND TERRAIN FASHIONS LTD      ,INDTERRAIN,EQ,N,30.74,30.0,30.45,30.0,30.3,30.37,-1.4314,0.45,1.4639,1.0
2026-09-08,INDUSIND BANK LIMITED         ,INDUSINDBK,EQ,N,998.0,991.6,1004.7,988.3,997.7,997.7,-0.0301,16.4,1.6433,0.6152
2026-09-08,INDUS TOWERS LIMITED          ,INDUSTOWER,EQ,N,376.45,376.45,376.95,370.0,373.05,373.05,-0.9032,6.95,1.8462,-0.9032
2026-09-08,INFOBEANS TECHNO. LTD.        ,INFOBEAN  ,EQ,N,159.73,159.2,160.13,157.1,158.61,157.6,-0.7012,3.03,1.897,-0.3706
2026-09-08,INFOMEDIA PRESS LIMITED       ,INFOMEDIA ,EQ,N,5.43,5.21,5.8,5.21,5.53,5.42,1.8416,0.59,10.8656,6.142
2026-09-08,MIRAEAMC - INFRA              ,INFRA     ,EQ,N,11.98,11.97,12.04,11.95,12.01,12.03,0.2504,0.09,0.7513,0.3342
2026-09-08,NIP IND ETF INFRA BEES        ,INFRABEES ,EQ,N,949.48,949.48,951.07,943.89,947.27,951.07,-0.2328,7.18,0.7562,-0.2328
2026-09-08,ICICIPRAMC - ICICIINFRA       ,INFRAIETF ,EQ,N,94.39,94.39,95.14,93.81,94.76,93.81,0.392,1.33,1.409,0.392
2026-09-08,INFOSYS LIMITED               ,INFY      ,EQ,N,1087.5,1095.0,1095.0,1078.9,1082.0,1082.0,-0.5057,16.1,1.4805,-1.1872
2026-09-08,INGERSOLL-RAND INDIA LTD      ,INGERRAND ,EQ,N,4730.3,4754.0,4769.9,4692.3,4741.7,4760.0,0.241,77.6,1.6405,-0.2587
2026-09-08,INNOVA CAPTAB LIMITED         ,INNOVACAP ,EQ,N,1164.4,1172.0,1185.8,1164.0,1171.8,1180.0,0.6355,21.8,1.8722,-0.0171
2026-09-08,INNOVANA THINKLABS LTD        ,INNOVANA  ,EQ,N,301.65,300.6,314.4,300.1,300.55,300.1,-0.3647,14.3,4.7406,-0.0166
2026-09-08,INNOVISION LIMITED            ,INNOVISION,EQ,N,256.25,254.15,258.9,250.75,252.0,252.75,-1.6585,8.15,3.1805,-0.846
2026-09-08,INOX GREEN ENERGY SER LTD     ,INOXGREEN ,EQ,N,172.28,172.28,176.0,169.61,174.42,175.01,1.2422,6.39,3.7091,1.2422
2026-09-08,INOX INDIA LIMITED            ,INOXINDIA ,EQ,N,2231.4,2243.4,2253.1,2137.7,2215.9,2228.5,-0.6946,115.4,5.1716,-1.2258
2026-09-08,INOX WIND LIMITED             ,INOXWIND  ,EQ,N,75.6,75.67,76.08,74.5,75.71,75.71,0.1455,1.58,2.0899,0.0529
2026-09-08,INSECTICIDES (I) LTD          ,INSECTICID,EQ,N,606.5,604.8,612.95,602.55,610.2,610.0,0.6101,10.4,1.7148,0.8929
2026-09-08,INSPIRISYS SOLUTIONS LTD      ,INSPIRISYS,EQ,N,88.75,89.0,91.99,87.5,90.52,89.61,1.9944,4.49,5.0592,1.7079
2026-09-08,ICICIPRAMC - INSUREIETF       ,INSUREIETF,EQ,N,15.06,15.13,15.14,14.93,14.98,14.97,-0.5312,0.21,1.3944,-0.9914
2026-09-08,INTELLECT DESIGN ARENA        ,INTELLECT ,EQ,N,682.15,688.0,694.95,677.0,691.8,689.9,1.4146,17.95,2.6314,0.5523
2026-09-08,INTENSE TECHNOLOGIES LTD      ,INTENTECH ,EQ,N,80.71,80.31,81.6,78.25,79.66,80.3,-1.301,3.35,4.1507,-0.8094
2026-09-08,INTERARCH BLDNG SOLTN LTD     ,INTERARCH ,EQ,N,1703.5,1703.9,1765.9,1685.0,1753.5,1765.9,2.9351,80.9,4.749,2.911
2026-09-08,MIRAEAMC - INTERNET           ,INTERNET  ,EQ,N,14.53,14.24,14.79,14.24,14.6,14.62,0.4818,0.55,3.7853,2.5281
2026-09-08,INTL CONVEYORS LIMITED        ,INTLCONV  ,EQ,N,79.92,80.53,81.02,79.1,79.61,79.1,-0.3879,1.92,2.4024,-1.1424
2026-09-08,INVENTURE GRO & SEC LTD       ,INVENTURE ,EQ,N,0.92,0.92,0.93,0.92,0.92,0.93,0.0,0.01,1.087,0.0
2026-09-08,INDIAN OVERSEAS BANK          ,IOB       ,EQ,N,33.1,33.1,33.45,32.9,33.34,33.4,0.7251,0.55,1.6616,0.7251
2026-09-08,INDIAN OIL CORP LTD           ,IOC       ,EQ,N,135.15,134.88,135.65,133.02,134.35,134.35,-0.5919,2.63,1.946,-0.3929
2026-09-08,IOL CHEM AND PHARMA LTD       ,IOLCP     ,EQ,N,213.04,215.0,219.04,208.4,210.98,210.92,-0.967,10.64,4.9944,-1.8698
2026-09-08,ION EXCHANGE (INDIA) LTD      ,IONEXCHANG,EQ,N,439.1,436.0,437.9,420.85,431.75,435.0,-1.6739,17.05,3.8829,-0.9748
2026-09-08,IPCA LABORATORIES LTD         ,IPCALAB   ,EQ,N,1959.1,1959.9,1996.9,1959.9,1967.2,1975.8,0.4135,37.0,1.8886,0.3725
2026-09-08,INDIA PESTICIDES LIMITED      ,IPL       ,EQ,N,136.63,136.7,136.79,133.9,134.65,135.8,-1.4492,2.89,2.1152,-1.4996
2026-09-08,IP RINGS LTD.                 ,IPRINGLTD ,EQ,N,154.84,152.22,156.92,152.21,155.0,155.0,0.1033,4.71,3.0418,1.8263
2026-09-08,IRB INFRA DEV LTD.            ,IRB       ,EQ,N,19.25,19.25,19.3,19.1,19.25,19.29,0.0,0.2,1.039,0.0
2026-09-08,IRCON INTERNATIONAL LTD       ,IRCON     ,EQ,N,117.71,117.8,118.25,116.61,116.89,116.84,-0.6966,1.64,1.3933,-0.7725
2026-09-08,INDIAN RAIL TOUR CORP LTD     ,IRCTC     ,EQ,N,474.5,474.5,474.9,472.0,472.45,472.4,-0.432,2.9,0.6112,-0.432
2026-09-08,INDIAN RENEWABLE ENERGY       ,IREDA     ,EQ,N,112.95,112.5,112.95,111.8,112.2,112.2,-0.664,1.15,1.0181,-0.2667
2026-09-08,INDIAN RAILWAY FIN CORP L     ,IRFC      ,EQ,N,83.0,82.9,82.93,81.75,82.0,82.0,-1.2048,1.18,1.4217,-1.0856
2026-09-08,IRIS REGTECH SOLUTION LTD     ,IRIS      ,EQ,N,260.35,261.42,268.13,253.0,254.67,253.5,-2.1817,15.13,5.8114,-2.5821
2026-09-08,IRIS CLOTHINGS LIMITED        ,IRISDOREME,EQ,N,62.15,62.1,62.5,60.71,61.62,61.66,-0.8528,1.79,2.8801,-0.7729
2026-09-08,IRM ENERGY LIMITED            ,IRMENERGY ,EQ,N,284.5,282.0,287.45,280.0,282.25,283.4,-0.7909,7.45,2.6186,0.0887
2026-09-08,INTRASOFT TECH. LTD           ,ISFT      ,EQ,N,83.1,85.0,86.99,81.5,82.34,82.42,-0.9146,5.49,6.6065,-3.1294
2026-09-08,ISGEC HEAVY ENG LTD           ,ISGEC     ,EQ,N,781.1,781.0,787.0,767.0,782.4,785.05,0.1664,20.0,2.5605,0.1793
2026-09-08,ISHAN DYES N CHEMICALS L      ,ISHANCH   ,EQ,N,44.3,44.95,45.57,43.85,44.32,44.09,0.0451,1.72,3.8826,-1.4016
2026-09-08,I S T LTD.                    ,ISTLTD    ,EQ,N,654.9,644.0,675.0,644.0,651.8,663.55,-0.4734,31.0,4.7335,1.2112
2026-09-08,KOTAKMAMC - KOTAKIT           ,IT        ,EQ,N,33.32,33.32,33.82,33.01,33.27,33.3,-0.1501,0.81,2.431,-0.1501
2026-09-08,DSPAMC - DSPIT                ,ITADD     ,EQ,N,31.79,32.24,32.24,31.61,31.79,31.75,0.0,0.63,1.9818,-1.3958
2026-09-08,AXISAMC-ITAXIS                ,ITAXIS    ,EQ,N,330.42,329.0,331.5,328.05,329.35,328.5,-0.3238,3.45,1.0441,0.1064
2026-09-08,NIP IND ETF IT                ,ITBEES    ,EQ,N,33.33,33.64,33.64,33.01,33.27,33.31,-0.18,0.63,1.8902,-1.0999
2026-09-08,UTIAMC-ITBETA                 ,ITBETA    ,EQ,N,316.25,314.14,316.55,314.0,315.0,315.0,-0.3953,2.55,0.8063,0.2738
2026-09-08,ITC LTD                       ,ITC       ,EQ,N,263.5,263.5,265.9,262.7,263.5,263.5,0.0,3.2,1.2144,0.0
2026-09-08,ITC HOTELS LIMITED            ,ITCHOTELS ,EQ,N,157.77,158.0,158.98,156.05,156.84,157.2,-0.5895,2.93,1.8571,-0.7342
2026-09-08,INDIA TOUR. DEV. CO. LTD.     ,ITDC      ,EQ,N,643.35,643.35,651.0,635.1,638.2,643.9,-0.8005,15.9,2.4714,-0.8005
2026-09-08,MIRAEAMC - ITETF              ,ITETF     ,EQ,N,31.78,31.93,31.94,31.52,31.7,31.73,-0.2517,0.42,1.3216,-0.7203
2026-09-08,ITI LTD                       ,ITI       ,EQ,N,270.6,270.6,271.65,266.95,270.2,270.05,-0.1478,4.7,1.7369,-0.1478
2026-09-08,ICICIPRAMC - ICICITECH        ,ITIETF    ,EQ,N,33.36,33.37,33.5,33.1,33.24,33.2,-0.3597,0.4,1.199,-0.3896
2026-09-08,ITL INDUSTRIES LTD.           ,ITL       ,EQ,N,364.45,362.65,370.0,358.4,369.65,370.0,1.4268,11.6,3.1829,1.9302
2026-09-08,IVALUE INFOSOLUTIONS LTD      ,IVALUE    ,EQ,N,227.02,227.06,238.8,227.06,235.31,234.15,3.6517,11.74,5.1714,3.6334
2026-09-08,IL&FS INVESTMENT MANAGERS     ,IVC       ,EQ,N,10.28,10.25,10.38,9.82,10.02,10.03,-2.5292,0.56,5.4475,-2.2439
2026-09-08,RELIGARAMC - IVZBANKNF        ,IVZBANKNF ,EQ,N,57.05,56.77,56.95,56.7,56.8,56.8,-0.4382,0.25,0.4382,0.0528
2026-09-08,INVESCO INDIA GOLD ETF        ,IVZINGOLD ,EQ,N,131.85,133.15,133.3,131.2,132.9,133.0,0.7964,2.1,1.5927,-0.1878
2026-09-08,INVESCO INDIA NIFTY ETF       ,IVZINNIFTY,EQ,N,273.0,271.03,272.72,271.03,271.87,271.87,-0.4139,1.69,0.619,0.3099
2026-09-08,RELIGARAMC - IVZSENSEX        ,IVZSENSEX ,EQ,N,76.28,75.9,76.07,75.56,75.81,75.81,-0.6162,0.51,0.6686,-0.1186
2026-09-08,INDIAN WOOD PRODUCTS CO L     ,IWP       ,EQ,N,34.41,35.27,35.27,34.46,34.7,34.7,0.8428,0.81,2.354,-1.6161
2026-09-08,LE TRAVENUES TECHNOLOGY L     ,IXIGO     ,EQ,N,167.39,166.04,171.42,165.89,169.96,170.25,1.5353,5.53,3.3037,2.3609
2026-09-08,IZMO LIMITED                  ,IZMO      ,EQ,N,924.5,924.5,935.0,905.25,927.15,924.0,0.2866,29.75,3.218,0.2866
2026-09-08,J & K BANK LTD.               ,J&KBANK   ,EQ,N,147.88,147.88,148.5,145.8,147.03,147.0,-0.5748,2.7,1.8258,-0.5748
2026-09-08,JAGRAN PRAKASHAN LIMITED      ,JAGRAN    ,EQ,N,61.81,62.0,63.0,61.66,62.54,62.68,1.181,1.34,2.1679,0.871
2026-09-08,JAGSONPAL PHARMACEUTICALS     ,JAGSNPHARM,EQ,N,239.06,239.51,241.33,236.1,237.72,236.1,-0.5605,5.23,2.1877,-0.7474
2026-09-08,JAI BALAJI INDUSTRIES LTD     ,JAIBALAJI ,EQ,N,69.71,69.98,70.54,67.5,67.86,68.3,-2.6539,3.04,4.3609,-3.0294
2026-09-08,JAI CORP LIMITED              ,JAICORPLTD,EQ,N,98.56,98.59,99.0,97.11,98.3,98.58,-0.2638,1.89,1.9176,-0.2941
2026-09-08,JAIN RESOURCE RECYCLING L     ,JAINREC   ,EQ,N,281.35,283.3,298.7,282.55,296.55,296.0,5.4025,16.15,5.7402,4.677
2026-09-08,NANDANI CREATION LIMITED      ,JAIPURKURT,EQ,N,25.49,25.09,25.97,25.09,25.71,25.75,0.8631,0.88,3.4523,2.4711
2026-09-08,JAMNA AUTO IND LTD            ,JAMNAAUTO ,EQ,N,126.61,127.38,129.4,125.65,128.92,129.0,1.8245,3.75,2.9619,1.209
2026-09-08,JARO INS OF TEC MG N RE L     ,JARO      ,EQ,N,443.4,444.0,448.1,440.0,441.4,443.95,-0.4511,8.1,1.8268,-0.5856
2026-09-08,JASH ENGINEERING LIMITED      ,JASH      ,EQ,N,511.15,513.0,521.0,504.75,518.7,521.0,1.4771,16.25,3.1791,1.1111
2026-09-08,JAYANT AGRO ORGANICS LTD      ,JAYAGROGN ,EQ,N,228.33,228.3,256.0,227.21,249.04,252.0,9.0702,28.79,12.6089,9.0845
2026-09-08,JAY BHARAT MARUTI LTD         ,JAYBARMARU,EQ,N,120.19,120.69,120.69,114.19,116.5,116.26,-3.0701,6.5,5.4081,-3.4717
2026-09-08,JAYKAY ENTERPRISES LTD        ,JAYKAY    ,EQ,N,158.73,158.73,162.39,156.28,159.87,160.9,0.7182,6.11,3.8493,0.7182
2026-09-08,JAYASWAL NECO INDUSTR LTD     ,JAYNECOIND,EQ,N,89.67,89.0,91.0,88.33,90.68,90.9,1.1264,2.67,2.9776,1.8876
2026-09-08,JAYSHREE TEA & INDUSTRIES     ,JAYSREETEA,EQ,N,98.61,99.0,99.06,92.74,94.41,94.5,-4.2592,6.32,6.4091,-4.6364
2026-09-08,JBM AUTO LIMITED              ,JBMA      ,EQ,N,613.6,615.0,618.0,612.95,615.35,616.4,0.2852,5.05,0.823,0.0569
2026-09-08,JENBURKT PHARMACEUTICAL L     ,JENBURPH  ,EQ,N,1043.0,1052.0,1052.0,1025.1,1039.9,1039.9,-0.2972,26.9,2.5791,-1.1502
2026-09-08,JET FREIGHT LOGISTICS LTD     ,JETFREIGHT,EQ,N,20.31,20.21,20.83,20.06,20.24,20.17,-0.3447,0.77,3.7912,0.1484
2026-09-08,J.G.CHEMICALS LIMITED         ,JGCHEM    ,EQ,N,581.35,582.0,623.0,582.0,611.2,613.05,5.1346,41.0,7.0526,5.0172
2026-09-08,JHS SVEND. LAB. LTD           ,JHS       ,EQ,N,7.99,7.99,8.31,7.85,7.97,7.96,-0.2503,0.46,5.7572,-0.2503
2026-09-08,JINDAL PHOTO LIMITED          ,JINDALPHOT,EQ,N,1010.8,1020.2,1039.0,1014.5,1015.5,1022.7,0.465,24.5,2.4238,-0.4607
2026-09-08,JINDAL POLY FILMS LIMITED     ,JINDALPOLY,EQ,N,699.1,706.0,706.0,680.0,683.8,684.0,-2.1885,26.0,3.7191,-3.1445
2026-09-08,JINDAL SAW LIMITED            ,JINDALSAW ,EQ,N,309.55,309.55,310.95,297.35,307.6,307.8,-0.6299,13.6,4.3935,-0.6299
2026-09-08,JINDAL STEEL LIMITED          ,JINDALSTEL,EQ,N,1147.9,1147.9,1151.0,1135.0,1136.3,1136.3,-1.0105,16.0,1.3938,-1.0105
2026-09-08,JINDAL DRILLING IND. LTD      ,JINDRILL  ,EQ,N,664.15,665.4,684.0,656.3,678.0,671.0,2.0854,27.7,4.1707,1.8936
2026-09-08,JINDAL WORLDWIDE LTD          ,JINDWORLD ,EQ,N,58.52,58.5,59.9,54.21,55.53,55.18,-5.1094,5.69,9.7232,-5.0769
2026-09-08,JIO FIN SERVICES LTD          ,JIOFIN    ,EQ,N,234.4,234.75,234.75,232.6,233.15,233.15,-0.5333,2.15,0.9172,-0.6816
2026-09-08,JAIN DVR EQUITY SHARES        ,JISLDVREQS,EQ,N,21.99,21.62,22.05,21.31,21.7,21.79,-1.3188,0.74,3.3652,0.37
2026-09-08,JAIN IRRIGATION SYSTEMS       ,JISLJALEQS,EQ,N,32.51,32.51,32.54,30.9,31.12,31.0,-4.2756,1.64,5.0446,-4.2756
2026-09-08,JITF INFRALOGISTICS LTD       ,JITFINFRA ,EQ,N,301.0,300.0,309.9,300.0,306.5,305.55,1.8272,9.9,3.289,2.1667
2026-09-08,JK CEMENT LIMITED             ,JKCEMENT  ,EQ,N,5047.0,5026.0,5170.0,4972.0,4990.5,4990.0,-1.1195,198.0,3.9231,-0.7063
2026-09-08,JKUMAR INFR.LTD.              ,JKIL      ,EQ,N,491.3,491.3,494.7,486.55,488.6,488.7,-0.5496,8.15,1.6589,-0.5496
2026-09-08,JINKUSHAL INDUSTRIES LTD      ,JKIPL     ,EQ,N,98.56,98.03,99.96,95.5,96.5,96.0,-2.0901,4.46,4.5252,-1.5607
2026-09-08,JK LAKSHMI CEMENT LTD         ,JKLAKSHMI ,EQ,N,507.15,508.9,508.9,498.05,498.75,499.45,-1.6563,10.85,2.1394,-1.9945
2026-09-08,JK PAPER LIMITED              ,JKPAPER   ,EQ,N,420.05,420.05,423.85,412.05,415.3,415.0,-1.1308,11.8,2.8092,-1.1308
2026-09-08,JK TYRE & INDUSTRIES LTD      ,JKTYRE    ,EQ,N,368.45,368.0,368.45,363.05,364.1,364.35,-1.1806,5.4,1.4656,-1.0598
2026-09-08,JUPITER LIFE LINE HOSP L      ,JLHL      ,EQ,N,285.4,285.4,287.0,280.35,283.35,282.1,-0.7183,6.65,2.3301,-0.7183
2026-09-08,JULLUNDUR MOT AGENCY LTD      ,JMA       ,EQ,N,90.04,91.79,91.79,88.35,89.14,89.2,-0.9996,3.44,3.8205,-2.887
2026-09-08,JM FINANCIAL LIMITED          ,JMFINANCIL,EQ,N,130.28,130.0,131.81,128.08,128.47,128.67,-1.3893,3.73,2.8631,-1.1769
2026-09-08,JNK INDIA LIMITED             ,JNKINDIA  ,EQ,N,435.35,432.5,450.0,432.5,440.5,445.0,1.183,17.5,4.0198,1.8497
2026-09-08,JUNIPER GREEN ENERGY LTD      ,JNPR      ,EQ,N,260.65,259.05,267.5,252.5,264.1,262.5,1.3236,15.0,5.7548,1.9494
2026-09-08,JOCIL LIMITED                 ,JOCIL     ,EQ,N,159.32,160.0,174.0,158.5,164.29,164.0,3.1195,15.5,9.7288,2.6812
2026-09-08,JIND POL INV & FIN CO LTD     ,JPOLYINVST,EQ,N,1006.8,1007.2,1011.9,983.9,994.45,999.9,-1.2267,28.0,2.7811,-1.2659
2026-09-08,JAIPRAKASH POWER VEN. LTD     ,JPPOWER   ,EQ,N,16.79,16.79,16.79,16.45,16.49,16.52,-1.7868,0.34,2.025,-1.7868
2026-09-08,JANA SMALL FIN BANK LTD       ,JSFB      ,EQ,N,538.5,540.6,547.45,536.65,539.8,538.6,0.2414,10.8,2.0056,-0.148
2026-09-08,JINDAL STAINLESS LIMITED      ,JSL       ,EQ,N,736.8,733.95,740.0,727.0,738.75,739.5,0.2647,13.0,1.7644,0.654
2026-09-08,JEENA SIKHO LIFECARE LTD      ,JSLL      ,EQ,N,516.75,515.0,518.6,503.05,505.45,505.85,-2.1867,15.55,3.0092,-1.8544
2026-09-08,JSW CEMENT LIMITED            ,JSWCEMENT ,EQ,N,121.81,121.84,122.09,120.26,121.62,121.5,-0.156,1.83,1.5023,-0.1806
2026-09-08,JSW DULUX LIMITED             ,JSWDULUX  ,EQ,N,3186.8,3199.0,3199.0,3156.1,3174.4,3170.0,-0.3891,42.9,1.3462,-0.769
2026-09-08,JSW ENERGY LIMITED            ,JSWENERGY ,EQ,N,530.0,527.05,528.85,522.3,526.5,526.5,-0.6604,6.55,1.2358,-0.1044
2026-09-08,JSW HOLDINGS LIMITED          ,JSWHL     ,EQ,N,11372.0,11548.0,11549.0,11222.0,11466.0,11402.0,0.8266,327.0,2.8755,-0.7101
2026-09-08,JSW INFRASTRUCTURE LTD        ,JSWINFRA  ,EQ,N,330.85,330.0,335.9,328.8,332.0,331.35,0.3476,7.1,2.146,0.6061
2026-09-08,JSW STEEL LIMITED             ,JSWSTEEL  ,EQ,N,1302.0,1306.4,1315.0,1295.7,1297.3,1297.3,-0.361,19.3,1.4823,-0.6966
2026-09-08,JTEKT INDIA LIMITED           ,JTEKTINDIA,EQ,N,121.3,121.5,122.46,120.1,121.28,122.0,-0.0165,2.36,1.9456,-0.1811
2026-09-08,JTL INDUSTRIES LIMITED        ,JTLIND    ,EQ,N,89.51,89.25,90.4,87.76,89.55,89.55,0.0447,2.64,2.9494,0.3361
2026-09-08,JUBILANT AGRI N CON PRO L     ,JUBLCPL   ,EQ,N,2206.6,2230.0,2230.0,2160.4,2177.8,2162.0,-1.3052,69.6,3.1542,-2.3408
2026-09-08,JUBILANT FOODWORKS LTD        ,JUBLFOOD  ,EQ,N,475.4,473.0,484.0,471.5,480.4,480.4,1.0517,12.5,2.6294,1.5645
2026-09-08,JUBILANT INGREVIA LIMITED     ,JUBLINGREA,EQ,N,675.35,675.35,680.3,664.05,675.3,673.5,-0.0074,16.25,2.4062,-0.0074
2026-09-08,JUBILANT PHARMOVA LTD         ,JUBLPHARMA,EQ,N,950.3,956.0,1021.55,953.3,997.75,999.75,4.9932,68.25,7.1819,4.3672
2026-09-08,NIP IND ETF JUNIOR BEES       ,JUNIORBEES,EQ,N,786.26,788.78,790.0,783.46,787.59,787.87,0.1692,6.54,0.8318,-0.1509
2026-09-08,JUNIPER HOTELS LIMITED        ,JUNIPER   ,EQ,N,215.33,217.5,217.5,212.72,215.75,215.0,0.195,4.78,2.2198,-0.8046
2026-09-08,JUSTDIAL LTD.                 ,JUSTDIAL  ,EQ,N,698.75,705.0,705.0,685.5,694.25,689.9,-0.644,19.5,2.7907,-1.5248
2026-09-08,JUPITER WAGONS LIMITED        ,JWL       ,EQ,N,244.99,244.0,245.15,241.5,242.41,242.5,-1.0531,3.65,1.4899,-0.6516
2026-09-08,JYOTHY LABS LIMITED           ,JYOTHYLAB ,EQ,N,195.1,195.1,196.01,192.3,194.59,194.05,-0.2614,3.71,1.9016,-0.2614
2026-09-08,JYOTI CNC AUTOMATION LTD      ,JYOTICNC  ,EQ,N,1020.65,1020.0,1058.85,1012.45,1037.2,1040.5,1.6215,46.4,4.5461,1.6863
2026-09-08,JYOTI RESINS & ADHESIVE L     ,JYOTIRES  ,EQ,N,868.75,875.95,880.0,866.5,873.95,866.5,0.5986,13.5,1.554,-0.2283
2026-09-08,JYOTI STRUCTURES LTD          ,JYOTISTRUC,EQ,N,10.16,10.29,10.85,10.05,10.42,10.42,2.5591,0.8,7.874,1.2634
2026-09-08,KABRA EXTRUSION TECHNIK L     ,KABRAEXTRU,EQ,N,634.5,639.5,677.75,639.0,656.45,659.95,3.4594,38.75,6.1072,2.6505
2026-09-08,KAJARIA CERAMICS LTD          ,KAJARIACER,EQ,N,1220.5,1220.4,1254.6,1213.7,1250.2,1250.0,2.4334,40.9,3.3511,2.4418
2026-09-08,KAKATIYA CEM SUGAR &IND L     ,KAKATCEM  ,EQ,N,109.14,109.14,112.0,108.7,111.14,112.0,1.8325,3.3,3.0236,1.8325
2026-09-08,SAI SILKS (KALAMANDIR) L      ,KALAMANDIR,EQ,N,85.93,85.52,86.4,84.5,85.37,85.55,-0.6517,1.9,2.2111,-0.1754
2026-09-08,KALPATARU LIMITED             ,KALPATARU ,EQ,N,275.9,275.35,275.35,271.0,272.15,271.0,-1.3592,4.35,1.5767,-1.1622
2026-09-08,KALYAN JEWELLERS IND LTD      ,KALYANKJIL,EQ,N,591.0,591.0,618.9,587.1,612.6,612.6,3.6548,31.8,5.3807,3.6548
2026-09-08,KAMA HOLDINGS LTD.            ,KAMAHOLD  ,EQ,N,2331.1,2336.5,2336.5,2316.1,2318.7,2318.0,-0.5319,20.4,0.8751,-0.7618
2026-09-08,KAMANWALA HOUSING CONST L     ,KAMANWALA ,EQ,N,16.53,16.5,16.9,16.5,16.5,16.5,-0.1815,0.4,2.4198,0.0
2026-09-08,KAMAT HOTELS (I) LTD          ,KAMATHOTEL,EQ,N,228.19,226.2,234.79,223.02,232.18,231.01,1.7485,11.77,5.158,2.6437
2026-09-08,KAMDHENU VENTURES LIMITED     ,KAMOPAINTS,EQ,N,4.4,4.4,4.55,4.37,4.45,4.5,1.1364,0.18,4.0909,1.1364
2026-09-08,KANANI INDUSTRIES LTD         ,KANANIIND ,EQ,N,1.52,1.51,1.54,1.51,1.53,1.53,0.6579,0.03,1.9737,1.3245
2026-09-08,KANCHI KARPOORAM LTD.         ,KANCHI    ,EQ,N,403.05,403.05,407.0,394.0,403.95,405.0,0.2233,13.0,3.2254,0.2233
2026-09-08,KANCO TEA & INDS. LTD.        ,KANCOTEA  ,EQ,N,56.4,56.0,56.0,52.99,55.89,55.89,-0.9043,3.01,5.3369,-0.1964
2026-09-08,KANPUR PLASTIPACK LIMITED     ,KANPRPLA  ,EQ,N,240.1,238.1,246.0,233.55,242.1,243.05,0.833,12.45,5.1853,1.68
2026-09-08,KANSAI NEROLAC PAINTS LTD     ,KANSAINER ,EQ,N,194.28,194.27,194.5,191.14,193.4,192.6,-0.453,3.36,1.7295,-0.4478
2026-09-08,KAPSTON SERVICES LIMITED      ,KAPSTON   ,EQ,N,566.5,570.4,577.05,561.0,573.65,573.0,1.2621,16.05,2.8332,0.5698
2026-09-08,KARMA ENERGY LIMITED          ,KARMAENG  ,EQ,N,37.3,37.7,37.99,36.8,37.18,37.0,-0.3217,1.19,3.1903,-1.3793
2026-09-08,KARUR VYSYA BANK LTD          ,KARURVYSYA,EQ,N,341.7,341.6,343.65,334.8,341.15,340.5,-0.161,8.85,2.59,-0.1317
2026-09-08,KAVVERI DFS & WIR TEC LTD     ,KAVDEFENCE,EQ,N,66.51,67.98,68.5,63.0,64.62,64.0,-2.8417,5.5,8.2694,-4.9426
2026-09-08,KAYNES TECHNOLOGY IND LTD     ,KAYNES    ,EQ,N,3604.0,3614.0,3685.0,3581.0,3610.0,3610.0,0.1665,104.0,2.8857,-0.1107
2026-09-08,KCP LTD                       ,KCP       ,EQ,N,163.3,162.1,164.08,161.78,162.11,161.94,-0.7287,2.3,1.4085,0.0062
2026-09-08,KDDL LIMITED                  ,KDDL      ,EQ,N,3991.9,3990.9,4013.7,3940.1,3965.7,3943.1,-0.6563,73.6,1.8437,-0.6314
2026-09-08,KD GREEN INDUSTRIES LTD       ,KDGREEN   ,EQ,N,48.57,48.9,48.9,47.01,47.36,47.69,-2.4912,1.89,3.8913,-3.1493
2026-09-08,KEC INTL. LIMITED             ,KEC       ,EQ,N,401.65,401.65,407.25,401.65,405.7,405.5,1.0083,5.6,1.3942,1.0083
2026-09-08,KIRLOSKAR ELECTRIC CO LTD     ,KECL      ,EQ,N,122.93,123.78,126.35,119.59,121.14,121.5,-1.4561,6.76,5.4991,-2.1328
2026-09-08,DSJ KEEP LEARNING LTD         ,KEEPLEARN ,EQ,N,1.91,1.95,1.95,1.75,1.91,1.91,0.0,0.2,10.4712,-2.0513
2026-09-08,KEI INDUSTRIES LTD.           ,KEI       ,EQ,N,4704.0,4701.0,4783.0,4666.0,4697.5,4697.5,-0.1382,117.0,2.4872,-0.0745
2026-09-08,KELLTON TECH SOL LTD          ,KELLTONTEC,EQ,N,13.62,13.69,14.09,13.56,13.69,13.77,0.514,0.53,3.8913,0.0
2026-09-08,KENNAMETAL INDIA LIMITED      ,KENNAMET  ,EQ,N,4693.0,4690.0,4770.0,4602.0,4654.4,4641.1,-0.8225,168.0,3.5798,-0.7591
2026-09-08,KERNEX MICROSYS(I) LTD        ,KERNEX    ,EQ,N,1769.3,1774.8,1775.9,1713.0,1732.0,1729.0,-2.1082,62.9,3.5551,-2.4115
2026-09-08,KEYNOTE FIN SERV LTD.         ,KEYFINSERV,EQ,N,248.6,246.05,264.6,246.05,250.25,247.05,0.6637,18.55,7.4618,1.707
2026-09-08,KFIN TECHNOLOGIES LIMITED     ,KFINTECH  ,EQ,N,922.5,922.5,929.65,915.6,925.1,925.1,0.2818,14.05,1.523,0.2818
2026-09-08,KHAITAN CHEM & FERT LTD       ,KHAICHEM  ,EQ,N,53.6,53.65,54.41,52.23,52.83,52.89,-1.4366,2.18,4.0672,-1.5284
2026-09-08,KHAITAN (INDIA)LTD.           ,KHAITANLTD,EQ,N,162.35,159.0,164.0,155.0,160.99,160.7,-0.8377,9.0,5.5436,1.2516
2026-09-08,KHANDWALA SECURITIES LTD      ,KHANDSE   ,EQ,N,17.61,18.0,18.4,16.75,18.2,18.4,3.3504,1.65,9.3697,1.1111
2026-09-08,KALYANI INVEST CO LTD         ,KICL      ,EQ,N,5196.0,5166.0,5234.5,5074.5,5144.0,5136.0,-1.0008,160.0,3.0793,-0.4259
2026-09-08,KRISHNA INST OF MED SCI L     ,KIMS      ,EQ,N,764.55,762.25,771.65,759.0,764.5,765.0,-0.0065,12.65,1.6546,0.2952
2026-09-08,KINGFA SCI & TEC IND LTD.     ,KINGFA    ,EQ,N,6056.5,6099.0,6137.0,5993.5,6037.0,6028.5,-0.322,143.5,2.3694,-1.0166
2026-09-08,KIOCL LIMITED                 ,KIOCL     ,EQ,N,376.5,376.5,379.15,372.1,377.1,377.5,0.1594,7.05,1.8725,0.1594
2026-09-08,KIRAN VYAPAR LTD.             ,KIRANVYPAR,EQ,N,204.65,205.0,208.43,198.01,203.33,204.1,-0.645,10.42,5.0916,-0.8146
2026-09-08,KIRI INDUSTRIES LIMITED       ,KIRIINDUS ,EQ,N,583.2,585.0,603.5,569.0,588.1,584.0,0.8402,34.5,5.9156,0.5299
2026-09-08,KIRLOSKAR FERROUS IND LTD     ,KIRLFER   ,EQ,N,460.1,457.85,465.3,457.35,459.9,460.0,-0.0435,7.95,1.7279,0.4477
2026-09-08,KIRLOSKAR BROTHERS LTD        ,KIRLOSBROS,EQ,N,1832.4,1829.0,1860.9,1825.0,1853.3,1857.0,1.1406,35.9,1.9592,1.3286
2026-09-08,KIRLOSKAR OIL ENG LTD         ,KIRLOSENG ,EQ,N,2174.8,2180.0,2285.0,2163.9,2272.8,2276.8,4.5062,121.1,5.5683,4.2569
2026-09-08,KIRLOSKAR INDUSTRIES LTD      ,KIRLOSIND ,EQ,N,3715.1,3705.1,3719.9,3670.0,3677.6,3670.5,-1.0094,49.9,1.3432,-0.7422
2026-09-08,KIRLOSKAR PNEUMATIC COM L     ,KIRLPNU   ,EQ,N,760.15,758.1,762.0,742.0,745.0,751.0,-1.993,20.0,2.6311,-1.728
2026-09-08,ONEMI TECHNOLOGY SOL LTD      ,KISSHT    ,EQ,N,320.95,320.8,334.5,313.95,331.0,330.7,3.1313,20.55,6.4029,3.1796
2026-09-08,KITEX GARMENTS LTD            ,KITEX     ,EQ,N,127.77,126.71,129.4,125.51,127.1,127.2,-0.5244,3.89,3.0445,0.3078
2026-09-08,K J M C FINANCIAL SERV L      ,KJMCFIN   ,EQ,N,61.84,61.84,64.89,61.54,62.54,62.0,1.132,3.35,5.4172,1.132
2026-09-08,KEWAL KIRAN CLOTHING LTD      ,KKCL      ,EQ,N,504.5,506.4,508.95,498.1,501.5,502.0,-0.5946,10.85,2.1506,-0.9676
2026-09-08,KILBURN ENGINEERING LTD.      ,KLBRENG-B ,EQ,N,461.2,461.2,463.45,450.05,459.7,457.0,-0.3252,13.4,2.9055,-0.3252
2026-09-08,K M C SPECIALITY HOSP I L     ,KMCSHIL   ,EQ,N,135.73,138.59,138.59,134.61,137.59,137.73,1.3704,3.98,2.9323,-0.7216
2026-09-08,KNOWLEDGE MARINE & EN W L     ,KMEW      ,EQ,N,2961.6,2983.8,3025.8,2944.0,2985.6,2982.8,0.8104,81.8,2.762,0.0603
2026-09-08,K M SUGAR MILLS LTD           ,KMSUGAR   ,EQ,N,30.71,30.6,30.95,30.05,30.31,30.52,-1.3025,0.9,2.9306,-0.9477
2026-09-08,KNACK PACKAGING LIMITED       ,KNACK     ,EQ,N,185.93,185.93,186.69,182.7,183.91,183.65,-1.0864,3.99,2.146,-1.0864
2026-09-08,KN AGRI RESOURCES LIMITED     ,KNAGRI    ,EQ,N,201.18,202.5,203.96,199.81,202.25,202.0,0.5319,4.15,2.0628,-0.1235
2026-09-08,KNR CONSTRU LTD.              ,KNRCON    ,EQ,N,122.75,122.0,122.47,118.55,119.72,119.86,-2.4684,3.92,3.1935,-1.8689
2026-09-08,KOHINOOR FOODS LIMITED        ,KOHINOOR  ,EQ,N,30.87,30.85,31.9,30.4,31.41,31.15,1.7493,1.5,4.8591,1.8152
2026-09-08,KOKUYO CAMLIN LIMITED         ,KOKUYOCMLN,EQ,N,79.43,79.0,80.84,78.7,79.04,78.71,-0.491,2.14,2.6942,0.0506
2026-09-08,KOLTE PATIL DEV. LTD.         ,KOLTEPATIL,EQ,N,443.6,444.4,448.0,437.2,441.95,441.0,-0.372,10.8,2.4346,-0.5513
2026-09-08,KOPRAN LTD                    ,KOPRAN    ,EQ,N,245.87,245.87,249.99,235.0,239.51,235.55,-2.5867,14.99,6.0967,-2.5867
2026-09-08,KOTAK MAHINDRA BANK LTD       ,KOTAKBANK ,EQ,N,422.1,422.3,423.85,419.0,419.25,419.25,-0.6752,4.85,1.149,-0.7222
2026-09-08,KOTHARI PETROCHEM LTD         ,KOTHARIPET,EQ,N,133.27,133.0,150.6,131.2,144.29,143.9,8.2689,19.4,14.5569,8.4887
2026-09-08,KOTHARI PRODUCTS LTD          ,KOTHARIPRO,EQ,N,66.16,67.9,67.9,66.3,66.43,66.3,0.4081,1.6,2.4184,-2.1649
2026-09-08,KOTHARI INDUSTRIAL CORP L     ,KOTIC     ,EQ,N,131.86,133.02,137.0,132.9,136.63,136.95,3.6175,4.1,3.1094,2.7139
2026-09-08,KOVAI MEDICAL CENTER & HO     ,KOVAI     ,EQ,N,6069.0,6120.0,6128.0,5970.0,6107.0,6125.0,0.6261,158.0,2.6034,-0.2124
2026-09-08,K.P. ENERGY LIMITED           ,KPEL      ,EQ,N,241.85,242.0,242.21,235.0,235.88,235.7,-2.4685,7.21,2.9812,-2.5289
2026-09-08,KPI GREEN ENERGY LIMITED      ,KPIGREEN  ,EQ,N,302.6,303.55,304.45,290.55,292.05,292.5,-3.4865,13.9,4.5935,-3.7885
2026-09-08,KALPATARU PROJECT INT LTD     ,KPIL      ,EQ,N,1424.4,1430.9,1444.8,1393.3,1397.5,1395.0,-1.8885,51.5,3.6156,-2.3342
2026-09-08,KPIT TECHNOLOGIES LIMITED     ,KPITTECH  ,EQ,N,562.25,562.25,563.35,556.4,562.0,562.0,-0.0445,6.95,1.2361,-0.0445
2026-09-08,KWALITY PHARMACEUTICALS L     ,KPL       ,EQ,N,3411.2,3443.0,3710.0,3442.9,3661.4,3677.0,7.3347,267.1,7.8301,6.3433
2026-09-08,KPR MILL LTD.                 ,KPRMILL   ,EQ,N,1154.7,1154.8,1155.1,1118.1,1135.0,1135.2,-1.7061,37.0,3.2043,-1.7146
2026-09-08,KRBL LIMITED                  ,KRBL      ,EQ,N,427.3,429.4,438.7,425.2,431.05,430.8,0.8776,13.5,3.1594,0.3843
2026-09-08,KREBS BIOCHEMICALS & IND      ,KREBSBIO  ,EQ,N,55.99,56.0,58.0,55.68,56.73,56.7,1.3217,2.32,4.1436,1.3036
2026-09-08,KRIDHAN INFRA LIMITED         ,KRIDHANINF,EQ,N,1.99,2.03,2.03,1.95,1.97,2.0,-1.005,0.08,4.0201,-2.9557
2026-09-08,KRISHANA PHOSCHEM LIMITED     ,KRISHANA  ,EQ,N,182.84,182.5,185.5,181.7,183.03,183.27,0.1039,3.8,2.0783,0.2904
2026-09-08,KRISHIVAL FOODS LIMITED       ,KRISHIVAL ,EQ,N,415.25,415.7,419.2,414.25,418.0,418.7,0.6623,4.95,1.1921,0.5533
2026-09-08,KRISHNA DEF AND ALD IND L     ,KRISHNADEF,EQ,N,1066.4,1075.8,1122.0,1075.8,1111.6,1109.3,4.2386,46.2,4.3323,3.3278
2026-09-08,KRITI INDUSTRIES IND LTD      ,KRITI     ,EQ,N,62.47,62.16,64.0,61.2,61.27,61.4,-1.9209,2.8,4.4822,-1.4318
2026-09-08,KRITIKA WIRES LIMITED         ,KRITIKA   ,EQ,N,5.35,5.5,5.5,5.25,5.32,5.35,-0.5607,0.25,4.6729,-3.2727
2026-09-08,KRITI NUTRIENTS LIMITED       ,KRITINUT  ,EQ,N,83.2,84.8,84.8,81.53,82.14,82.82,-1.274,3.27,3.9303,-3.1368
2026-09-08,KRN HEAT EXCHANGE N REF L     ,KRN       ,EQ,N,1625.4,1639.9,1669.5,1591.0,1660.2,1656.3,2.141,78.5,4.8296,1.2379
2026-09-08,KROSS LIMITED                 ,KROSS     ,EQ,N,209.13,208.5,212.09,205.36,211.28,209.15,1.0281,6.73,3.2181,1.3333
2026-09-08,KRSNAA DIAGNOSTICS LTD        ,KRSNAA    ,EQ,N,564.05,564.55,565.25,544.1,546.15,548.9,-3.1735,21.15,3.7497,-3.2592
2026-09-08,KRYSTAL INTEGRATED SER L      ,KRYSTAL   ,EQ,N,661.5,661.7,667.7,647.7,663.95,655.3,0.3704,20.0,3.0234,0.34
2026-09-08,KSB LIMITED                   ,KSB       ,EQ,N,801.45,799.05,830.0,790.05,824.05,825.0,2.8199,39.95,4.9847,3.1287
2026-09-08,KAVERI SEED CO. LTD.          ,KSCL      ,EQ,N,732.3,729.5,734.9,724.3,728.5,731.95,-0.5189,10.6,1.4475,-0.1371
2026-09-08,KSE LTD.                      ,KSE       ,EQ,N,177.0,182.94,182.94,177.0,178.95,179.0,1.1017,5.94,3.3559,-2.181
2026-09-08,KSH INTERNATIONAL LIMITED     ,KSHINTL   ,EQ,N,1105.65,1113.95,1197.0,1102.05,1176.75,1190.2,6.4306,94.95,8.5877,5.6376
2026-09-08,KSHITIJ POLYLINE LIMITED      ,KSHITIJPOL,EQ,N,3.46,3.4,3.63,3.31,3.62,3.63,4.6243,0.32,9.2486,6.4706
2026-09-08,KALYANI STEELS LIMITED        ,KSL       ,EQ,N,941.45,951.05,959.0,900.0,907.8,900.0,-3.5743,59.0,6.2669,-4.5476
2026-09-08,KSOLVES INDIA LIMITED         ,KSOLVES   ,EQ,N,269.1,268.0,270.0,265.15,268.2,270.0,-0.3344,4.85,1.8023,0.0746
2026-09-08,KSR FOOTWEAR LIMITED          ,KSR       ,EQ,N,34.13,34.85,37.54,34.85,37.33,37.54,9.3759,2.69,7.8816,7.1162
2026-09-08,KARNATAKA BANK LIMITED        ,KTKBANK   ,EQ,N,333.6,333.6,335.7,328.0,334.25,334.5,0.1948,7.7,2.3082,0.1948
2026-09-08,KUANTUM PAPERS LIMITED        ,KUANTUM   ,EQ,N,76.7,76.35,81.28,76.35,77.92,78.45,1.5906,4.93,6.4276,2.0563
2026-09-08,KUSUMGAR LIMITED              ,KUSUMGAR  ,EQ,N,571.9,570.95,573.95,561.0,565.8,566.0,-1.0666,12.95,2.2644,-0.902
2026-09-08,KWALITY WALL'S (INDIA) L      ,KWIL      ,EQ,N,41.12,41.1,42.09,40.5,41.48,41.68,0.8755,1.59,3.8667,0.9246
2026-09-08,LADDERUP FINANCE LTD.         ,LADDERUP  ,EQ,N,50.0,50.0,50.0,45.0,45.19,45.5,-9.62,5.0,10.0,-9.62
2026-09-08,LAGNAM SPINTEX LIMITED        ,LAGNAM    ,EQ,N,74.55,77.4,77.4,74.15,74.51,74.51,-0.0537,3.25,4.3595,-3.7339
2026-09-08,LAHOTI OVERSEAS LTD.          ,LAHOTIOV  ,EQ,N,44.0,44.01,44.9,40.1,41.38,41.38,-5.9545,4.8,10.9091,-5.9759
2026-09-08,LAKSHMI MILLS CO. LTD.        ,LAKSHMIMIL,EQ,N,7734.0,8045.0,8045.0,7751.0,7998.5,7998.5,3.42,294.0,3.8014,-0.578
2026-09-08,LORENZINI APPARELS LTD        ,LAL       ,EQ,N,8.86,8.88,8.99,8.88,8.93,8.94,0.7901,0.11,1.2415,0.5631
2026-09-08,LALITHAA JEWELLERY MART L     ,LALITHAA  ,EQ,N,317.75,319.0,322.4,312.4,318.75,318.2,0.3147,10.0,3.1471,-0.0784
2026-09-08,DR. LAL PATH LABS LTD.        ,LALPATHLAB,EQ,N,1901.9,1881.4,1920.0,1881.4,1912.5,1903.0,0.5573,38.6,2.0295,1.653
2026-09-08,LAMBODHARA TEXTILES LTD.      ,LAMBODHARA,EQ,N,134.6,136.15,140.0,131.0,138.7,138.7,3.0461,9.0,6.6865,1.8729
2026-09-08,LANCER CONTAINER LINES L      ,LANCER    ,EQ,N,12.96,13.01,13.1,12.51,12.62,12.63,-2.6235,0.59,4.5525,-2.9977
2026-09-08,LANCOR HOLDINGS LIMITED       ,LANCORHOL ,EQ,N,40.12,39.7,40.36,37.8,38.02,37.8,-5.2343,2.56,6.3809,-4.2317
2026-09-08,LANDMARK CARS LIMITED         ,LANDMARK  ,EQ,N,494.1,495.0,506.0,490.85,497.95,500.2,0.7792,15.15,3.0662,0.596
2026-09-08,LANDSMILL GREEN LIMITED       ,LANDSMILL ,EQ,N,0.58,0.59,0.62,0.57,0.58,0.58,0.0,0.05,8.6207,-1.6949
2026-09-08,LA OPALA RG LIMITED           ,LAOPALA   ,EQ,N,171.96,171.2,171.78,169.3,169.92,170.0,-1.1863,2.48,1.4422,-0.7477
2026-09-08,MIRAEAMC - LARGEMID50         ,LARGEMID50,EQ,N,36.15,36.08,36.15,35.97,36.14,36.14,-0.0277,0.18,0.4979,0.1663
2026-09-08,LASA SUPERGENERICS LTD        ,LASA      ,EQ,N,6.68,6.7,6.83,6.65,6.69,6.72,0.1497,0.18,2.6946,-0.1493
2026-09-08,LASER POWER & INFRA LTD       ,LASERPOWER,EQ,N,310.7,313.95,317.15,303.8,305.3,305.9,-1.738,13.35,4.2967,-2.7552
2026-09-08,LATENT VIEW ANALYTICS LTD     ,LATENTVIEW,EQ,N,261.7,261.75,262.05,256.95,258.05,258.5,-1.3947,5.1,1.9488,-1.4136
2026-09-08,LATTEYS INDUSTRIES LTD        ,LATTEYS   ,EQ,N,20.63,21.0,22.0,20.63,21.15,21.39,2.5206,1.37,6.6408,0.7143
2026-09-08,LAURUS LABS LIMITED           ,LAURUSLABS,EQ,N,1876.7,1870.8,1952.0,1862.7,1946.9,1946.9,3.7406,89.3,4.7584,4.0678
2026-09-08,LAXMI COTSPIN LIMITED         ,LAXMICOT  ,EQ,N,13.38,13.37,13.74,12.66,13.03,12.95,-2.6158,1.08,8.0717,-2.543
2026-09-08,LAXMI DENTAL LIMITED          ,LAXMIDENTL,EQ,N,197.73,199.38,200.0,193.1,199.25,198.01,0.7687,6.9,3.4896,-0.0652
2026-09-08,LAXMI INDIA FINANCE LTD       ,LAXMIINDIA,EQ,N,130.89,130.23,132.9,129.16,129.99,129.6,-0.6876,3.74,2.8574,-0.1843
2026-09-08,LCC INFOTECH LTD              ,LCCINFOTEC,EQ,N,3.79,3.7,3.98,3.6,3.73,3.74,-1.5831,0.38,10.0264,0.8108
2026-09-08,LOHIA CORP LIMITED            ,LCL       ,EQ,N,565.5,565.0,571.5,546.0,555.8,555.0,-1.7153,25.5,4.5093,-1.6283
2026-09-08,LEAP INDIA LIMITED            ,LEAPIND   ,EQ,N,146.28,147.0,149.16,143.68,148.26,148.6,1.3536,5.48,3.7462,0.8571
2026-09-08,LE MERITE EXPORTS LIMITED     ,LEMERITE  ,EQ,N,20.72,20.7,21.0,20.4,20.67,20.4,-0.2413,0.6,2.8958,-0.1449
2026-09-08,LEMON TREE HOTELS LTD         ,LEMONTREE ,EQ,N,107.28,106.7,107.32,105.39,105.73,105.88,-1.4448,1.93,1.799,-0.9091
2026-09-08,LENSKART SOLUTIONS LTD        ,LENSKART  ,EQ,N,688.0,688.0,697.6,682.85,695.75,694.7,1.1265,14.75,2.1439,1.1265
2026-09-08,LEXUS GRANITO (INDIA) LTD     ,LEXUS     ,EQ,N,13.38,13.58,13.7,13.03,13.47,13.55,0.6726,0.67,5.0075,-0.81
2026-09-08,LAKSHMI FIN IND CORP LTD      ,LFIC      ,EQ,N,134.59,131.0,142.0,130.0,139.65,140.0,3.7596,12.0,8.916,6.6031
2026-09-08,LG BALAKRISHNAN & BROS        ,LGBBROSLTD,EQ,N,1731.7,1735.4,1749.9,1698.4,1736.7,1732.8,0.2887,51.5,2.974,0.0749
2026-09-08,LG ELECTRONICS INDIA LTD      ,LGEINDIA  ,EQ,N,1647.8,1647.8,1680.0,1639.7,1672.2,1671.0,1.4808,40.3,2.4457,1.4808
2026-09-08,LAXMI GOLDORNA HOUSE LTD      ,LGHL      ,EQ,N,176.23,177.0,177.97,170.99,175.21,175.85,-0.5788,6.98,3.9607,-1.0113
2026-09-08,LIBAS CONSU PRODUCTS LTD      ,LIBAS     ,EQ,N,9.99,10.38,10.4,9.7,9.99,10.0,0.0,0.7,7.007,-3.7572
2026-09-08,LIBERTY SHOES LTD             ,LIBERTSHOE,EQ,N,231.37,234.97,234.97,225.3,226.85,228.84,-1.9536,9.67,4.1795,-3.4558
2026-09-08,LIC HOUSING FINANCE LTD       ,LICHSGFIN ,EQ,N,552.0,551.0,563.0,545.4,563.0,563.0,1.9928,17.6,3.1884,2.1779
2026-09-08,LIFE INSURA CORP OF INDIA     ,LICI      ,EQ,N,411.5,414.1,416.25,409.75,410.75,410.75,-0.1823,6.5,1.5796,-0.809
2026-09-08,LIC MF - LIC GOLD ETF         ,LICMFGOLD ,EQ,N,137.1,138.4,138.5,136.65,137.2,136.65,0.0729,1.85,1.3494,-0.8671
2026-09-08,LICNAMC - LICNMFET            ,LICNETFGSC,EQ,N,29.4,29.45,29.61,29.2,29.38,29.39,-0.068,0.41,1.3946,-0.2377
2026-09-08,LICNAMC - LICNFENGP           ,LICNETFN50,EQ,N,266.1,266.72,266.99,264.8,266.6,264.86,0.1879,2.19,0.823,-0.045
2026-09-08,LICNAMC - LICNFESGP           ,LICNETFSEN,EQ,N,858.02,859.0,859.0,854.06,858.9,858.9,0.1026,4.94,0.5757,-0.0116
2026-09-08,LICNAMC - LICNFNHGP           ,LICNFNHGP ,EQ,N,270.76,271.43,272.42,271.43,272.42,272.42,0.6131,0.99,0.3656,0.3647
2026-09-08,LICNAMC - LICNMID100          ,LICNMID100,EQ,N,63.32,63.39,63.95,62.9,63.65,63.12,0.5212,1.05,1.6582,0.4102
2026-09-08,LIKHITHA INFRASTRUC LTD       ,LIKHITHA  ,EQ,N,205.16,205.16,206.86,202.09,203.77,205.0,-0.6775,4.77,2.325,-0.6775
2026-09-08,LINC LIMITED                  ,LINC      ,EQ,N,96.8,96.8,99.8,96.8,98.31,98.0,1.5599,3.0,3.0992,1.5599
2026-09-08,LINCOLN PHARMA LTD            ,LINCOLN   ,EQ,N,632.35,637.35,648.4,633.45,639.8,639.2,1.1781,14.95,2.3642,0.3844
2026-09-08,LINDE INDIA LIMITED           ,LINDEINDIA,EQ,N,6372.5,6367.0,6490.5,6330.5,6380.0,6441.0,0.1177,160.0,2.5108,0.2042
2026-09-08,NIPPONAMC - LIQGRWBEES        ,LIQGRWBEES,EQ,N,1054.56,1054.68,1054.7,1054.68,1054.68,1054.68,0.0114,0.02,0.0019,0.0
2026-09-08,MIRAEAMC - LIQUID             ,LIQUID    ,EQ,N,999.99,999.99,1000.0,999.99,999.99,999.99,0.0,0.01,0.001,0.0
2026-09-08,KOTAKMAMC - KOTAKLIQ          ,LIQUID1   ,EQ,N,1121.56,1121.69,1121.71,1121.69,1121.7,1121.7,0.0125,0.02,0.0018,0.0009
2026-09-08,DSPAMC - LIQUIDADD            ,LIQUIDADD ,EQ,N,1143.64,1143.76,1143.78,1143.76,1143.76,1143.76,0.0105,0.02,0.0017,0.0
2026-09-08,NIP IND ETF LIQUID BEES       ,LIQUIDBEES,EQ,N,999.99,1000.0,1000.02,999.99,1000.0,1000.0,0.001,0.03,0.003,0.0
2026-09-08,UTIAMC - LIQUIDBETA           ,LIQUIDBETA,EQ,N,1007.14,1007.29,1007.29,1007.27,1007.29,1007.29,0.0149,0.02,0.002,0.0
2026-09-08,BFAM - LIQUIDBETF             ,LIQUIDBETF,EQ,N,1097.78,1097.88,1097.9,1097.88,1097.89,1097.89,0.01,0.02,0.0018,0.0009
2026-09-08,ZERODHAAMC - LIQUIDCASE       ,LIQUIDCASE,EQ,N,115.81,115.81,115.83,115.81,115.82,115.82,0.0086,0.02,0.0173,0.0086
2026-09-08,DSP LIQUID ETF                ,LIQUIDETF ,EQ,N,999.99,1000.0,1000.01,999.99,999.99,1000.0,0.0,0.02,0.002,-0.001
2026-09-08,ICICIPRAMC - ICICILIQ         ,LIQUIDIETF,EQ,N,999.99,999.99,1000.01,999.98,999.99,1000.0,0.0,0.03,0.003,0.0
2026-09-08,MIRAEAMC - LIQUIDPLUS         ,LIQUIDPLUS,EQ,N,1102.13,1102.27,1102.27,1102.25,1102.26,1102.27,0.0118,0.02,0.0018,-0.0009
2026-09-08,SBIAMC - LIQUIDSBI            ,LIQUIDSBI ,EQ,N,999.99,1000.01,1000.01,999.99,999.99,999.99,0.0,0.02,0.002,-0.002
2026-09-08,SHRIRAM - LIQUIDSHRI          ,LIQUIDSHRI,EQ,N,1120.4,1120.56,1120.56,1120.54,1120.55,1120.54,0.0134,0.02,0.0018,-0.0009
2026-09-08,L K P SECURITIES LTD.         ,LKPSEC    ,EQ,N,15.42,16.61,16.61,15.15,15.35,15.5,-0.454,1.46,9.4682,-7.5858
2026-09-08,LLOYDS ENGG WORK LIMITED      ,LLOYDSENGG,EQ,N,83.19,83.11,83.6,81.48,81.81,81.6,-1.6589,2.12,2.5484,-1.5642
2026-09-08,LLOYDS ENTERPRISES LTD        ,LLOYDSENT ,EQ,N,72.28,71.99,72.55,70.5,71.05,71.4,-1.7017,2.05,2.8362,-1.3057
2026-09-08,LLOYDS METALS N ENERGY L      ,LLOYDSME  ,EQ,N,1803.0,1803.0,1821.0,1780.0,1799.3,1800.0,-0.2052,41.0,2.274,-0.2052
2026-09-08,LMW LIMITED                   ,LMW       ,EQ,N,18551.0,18670.0,18734.0,18400.0,18603.0,18600.0,0.2803,334.0,1.8004,-0.3589
2026-09-08,LODHA DEVELOPERS LIMITED      ,LODHA     ,EQ,N,1200.0,1195.0,1226.2,1175.1,1212.0,1212.0,1.0,51.1,4.2583,1.4226
2026-09-08,LOKESH MACHINES LTD           ,LOKESHMACH,EQ,N,357.7,359.85,371.6,348.45,363.5,362.4,1.6215,23.15,6.4719,1.0143
2026-09-08,LORDS CHLORO ALKALI LTD       ,LORDSCHLO ,EQ,N,138.93,141.0,141.0,137.5,138.23,138.83,-0.5039,3.5,2.5193,-1.9645
2026-09-08,LOTUS CHOCOLATE CO. LTD.      ,LOTUSCHO  ,EQ,N,596.45,596.45,613.95,580.0,590.1,590.0,-1.0646,33.95,5.692,-1.0646
2026-09-08,LOTUS EYE HOSP & INST L       ,LOTUSEYE  ,EQ,N,109.06,110.04,112.6,107.1,110.66,112.6,1.4671,5.5,5.0431,0.5634
2026-09-08,LOVABLE LINGERIE LTD          ,LOVABLE   ,EQ,N,70.96,72.0,72.0,70.02,70.41,70.2,-0.7751,1.98,2.7903,-2.2083
2026-09-08,MIRAEAMC - MANV30F            ,LOWVOL    ,EQ,N,203.84,202.74,203.13,202.55,202.55,202.55,-0.6328,0.58,0.2845,-0.0937
2026-09-08,KOTAKMAMC - KOTAKLOVOL        ,LOWVOL1   ,EQ,N,20.82,20.82,20.95,20.72,20.85,20.85,0.1441,0.23,1.1047,0.1441
2026-09-08,ICICI PR NIF LW VL 30 ETF     ,LOWVOLIETF,EQ,N,21.84,22.08,22.08,21.7,21.73,21.74,-0.5037,0.38,1.7399,-1.5851
2026-09-08,LOYAL TEXTILE MILLS LTD       ,LOYALTEX  ,EQ,N,217.32,227.21,236.0,215.0,225.39,217.0,3.7134,21.0,9.6632,-0.801
2026-09-08,LANDMARK PR.DEV.CO.LTD        ,LPDC      ,EQ,N,6.32,6.44,6.46,6.2,6.29,6.33,-0.4747,0.26,4.1139,-2.3292
2026-09-08,LARSEN & TOUBRO LTD.          ,LT        ,EQ,N,3999.0,3988.7,3988.7,3946.1,3946.1,3946.1,-1.3228,42.6,1.0653,-1.068
2026-09-08,L&T FINANCE LIMITED           ,LTF       ,EQ,N,312.5,311.1,311.9,308.3,308.3,308.3,-1.344,3.6,1.152,-0.9
2026-09-08,LT FOODS LIMITED              ,LTFOODS   ,EQ,N,448.95,449.55,466.8,447.0,455.25,453.8,1.4033,19.8,4.4103,1.2679
2026-09-08,NIP IND ETF LONGTERM GILT     ,LTGILTBEES,EQ,N,29.87,30.61,30.61,29.86,29.89,29.9,0.067,0.75,2.5109,-2.3522
2026-09-08,ZERODHAAMC - LTGILTCASE       ,LTGILTCASE,EQ,N,30.45,31.06,31.06,30.4,30.41,30.41,-0.1314,0.66,2.1675,-2.0927
2026-09-08,LTM LIMITED                   ,LTM       ,EQ,N,4448.0,4445.0,4489.1,4405.0,4430.0,4430.0,-0.4047,84.1,1.8907,-0.3375
2026-09-08,L&T TECHNOLOGY SER. LTD.      ,LTTS      ,EQ,N,3414.2,3420.0,3440.0,3380.0,3389.1,3384.0,-0.7352,60.0,1.7574,-0.9035
2026-09-08,LUMAX INDUSTRIES LTD          ,LUMAXIND  ,EQ,N,6139.5,6104.5,6199.0,6080.5,6133.0,6197.0,-0.1059,118.5,1.9301,0.4669
2026-09-08,LUMAX AUTO TECH LTD           ,LUMAXTECH ,EQ,N,1935.5,1935.5,1965.0,1910.0,1955.9,1963.0,1.054,55.0,2.8416,1.054
2026-09-08,LUMINO INDUSTRIES LIMITED     ,LUMINO    ,EQ,N,114.82,116.23,118.0,107.2,108.12,108.21,-5.8352,10.8,9.406,-6.9775
2026-09-08,LUPIN LIMITED                 ,LUPIN     ,EQ,N,2105.0,2114.7,2116.0,2094.6,2104.7,2104.7,-0.0143,21.4,1.0166,-0.4729
2026-09-08,LUX INDUSTRIES LIMITED        ,LUXIND    ,EQ,N,1159.4,1159.4,1169.9,1121.1,1128.4,1130.0,-2.6738,48.8,4.2091,-2.6738
2026-09-08,LAXMI ORGANIC INDUS LTD       ,LXCHEM    ,EQ,N,171.99,171.25,186.0,170.87,184.52,183.48,7.2853,15.13,8.797,7.7489
2026-09-08,MAHINDRA & MAHINDRA LTD       ,M&M       ,EQ,N,3160.0,3145.0,3163.0,3096.3,3160.0,3160.0,0.0,66.7,2.1108,0.4769
2026-09-08,M&M FIN. SERVICES LTD         ,M&MFIN    ,EQ,N,372.35,373.0,381.45,368.75,374.35,374.4,0.5371,12.7,3.4108,0.3619
2026-09-08,MAAN ALUMINIUM LIMITED        ,MAANALU   ,EQ,N,115.27,116.5,119.78,113.3,114.34,114.0,-0.8068,6.48,5.6216,-1.8541
2026-09-08,MACPOWER CNC MACHINES LTD     ,MACPOWER  ,EQ,N,1813.7,1808.8,1890.0,1808.8,1874.1,1890.0,3.3302,81.2,4.477,3.6101
2026-09-08,MADHAV MARBLE & GRANITE       ,MADHAV    ,EQ,N,35.0,36.2,36.2,35.01,35.84,35.85,2.4,1.19,3.4,-0.9945
2026-09-08,MADHAV INFRA PROJECTS L       ,MADHAVIPL ,EQ,N,7.91,7.91,8.07,7.86,8.03,8.06,1.5171,0.21,2.6549,1.5171
2026-09-08,MADRAS FERTILISERS LTD        ,MADRASFERT,EQ,N,64.56,65.0,66.2,64.16,64.37,64.3,-0.2943,2.04,3.1599,-0.9692
2026-09-08,MIRAEAMC - MAFANG             ,MAFANG    ,EQ,N,219.37,221.6,240.0,219.6,234.98,235.0,7.1158,20.4,9.2994,6.0379
2026-09-08,MAFATLAL INDUSTRIES LTD.      ,MAFATIND  ,EQ,N,121.83,121.0,122.28,119.41,120.56,120.26,-1.0424,2.87,2.3557,-0.3636
2026-09-08,MAGADH SUGAR & ENERGY LTD     ,MAGADSUGAR,EQ,N,573.95,573.95,578.05,559.75,563.8,566.95,-1.7684,18.3,3.1884,-1.7684
2026-09-08,MAGNUM VENTURES LTD.          ,MAGNUM    ,EQ,N,19.12,18.8,19.39,18.51,18.99,19.0,-0.6799,0.88,4.6025,1.0106
2026-09-08,BANK OF MAHARASHTRA           ,MAHABANK  ,EQ,N,85.0,84.55,85.9,84.0,84.79,84.79,-0.2471,1.9,2.2353,0.2839
2026-09-08,MAHA RASHTRA APEX COPR. L     ,MAHAPEXLTD,EQ,N,55.94,55.98,57.6,54.5,55.41,55.0,-0.9474,3.1,5.5417,-1.0182
2026-09-08,MAHINDRA EPC IRRIG LTD        ,MAHEPC    ,EQ,N,103.17,105.0,105.0,102.0,102.75,103.39,-0.4071,3.0,2.9078,-2.1429
2026-09-08,MIRAEAMC - MAHKTECH           ,MAHKTECH  ,EQ,N,23.04,23.61,23.61,23.01,23.09,23.11,0.217,0.6,2.6042,-2.2025
2026-09-08,MAHINDRA LIFESPACE DEVLTD     ,MAHLIFE   ,EQ,N,360.15,360.25,368.95,356.3,366.15,363.75,1.666,12.65,3.5124,1.6378
2026-09-08,MAHINDRA LOGISTIC LIMITED     ,MAHLOG    ,EQ,N,403.2,401.0,409.8,401.0,408.85,408.9,1.4013,8.8,2.1825,1.9576
2026-09-08,MAHARASHTRA SCOOTERS LTD      ,MAHSCOOTER,EQ,N,13493.0,13493.0,13493.0,13203.0,13267.0,13207.0,-1.6749,290.0,2.1493,-1.6749
2026-09-08,MAHARASHTRA SEAMLESS LTD      ,MAHSEAMLES,EQ,N,688.95,690.35,694.85,676.05,680.65,681.0,-1.2047,18.8,2.7288,-1.4051
2026-09-08,MAITHAN ALLOYS LTD            ,MAITHANALL,EQ,N,1103.85,1119.4,1119.4,1058.45,1061.2,1065.0,-3.8637,60.95,5.5216,-5.1992
2026-09-08,MIRAEAMC - MAMFGETF           ,MAKEINDIA ,EQ,N,164.92,167.84,167.84,164.6,165.46,165.35,0.3274,3.24,1.9646,-1.418
2026-09-08,MAKERS LABORATORIES LTD.      ,MAKERSL   ,EQ,N,186.75,191.0,191.0,182.01,184.63,182.01,-1.1352,8.99,4.8139,-3.3351
2026-09-08,MALLCOM (INDIA) LIMITED       ,MALLCOM   ,EQ,N,977.3,962.55,999.9,962.55,981.65,977.65,0.4451,37.35,3.8218,1.9843
2026-09-08,MALU PAPER MILLS LIMITED      ,MALUPAPER ,EQ,N,33.07,33.44,34.77,33.1,34.59,34.74,4.5963,1.67,5.0499,3.439
2026-09-08,MAMATA MACHINERY LIMITED      ,MAMATA    ,EQ,N,413.5,410.45,428.9,410.0,425.7,425.0,2.9504,18.9,4.5707,3.7154
2026-09-08,MANAK ALUMINIUM CO. LTD.      ,MANAKALUCO,EQ,N,39.44,39.65,41.8,38.11,39.22,39.39,-0.5578,3.69,9.356,-1.0845
2026-09-08,MAN COAT METAL & IND LTD      ,MANAKCOAT ,EQ,N,121.15,120.8,124.0,118.15,122.93,123.8,1.4693,5.85,4.8287,1.7632
2026-09-08,MANAKSIA LTD.                 ,MANAKSIA  ,EQ,N,66.36,67.9,70.0,65.01,67.72,67.99,2.0494,4.99,7.5196,-0.2651
2026-09-08,MANALI PETROCHEMICALS LT      ,MANALIPETC,EQ,N,86.16,86.0,93.0,85.0,90.08,89.8,4.5497,8.0,9.2851,4.7442
2026-09-08,MANAPPURAM FINANCE LTD        ,MANAPPURAM,EQ,N,325.6,328.05,329.0,323.4,325.0,325.0,-0.1843,5.6,1.7199,-0.9297
2026-09-08,MANBA FINANCE LIMITED         ,MANBA     ,EQ,N,130.79,132.0,134.38,129.5,130.67,129.5,-0.0918,4.88,3.7312,-1.0076
2026-09-08,MANGAL CREDIT N FINCORP L     ,MANCREDIT ,EQ,N,226.94,225.96,227.39,218.1,221.22,221.1,-2.5205,9.29,4.0936,-2.0977
2026-09-08,MANGALAM DRUG & CHEM LTD      ,MANGALAM  ,EQ,N,29.57,30.1,30.1,28.83,29.33,29.22,-0.8116,1.27,4.2949,-2.5581
2026-09-08,MANGALAM CEMENT LTD           ,MANGLMCEM ,EQ,N,1090.2,1084.6,1095.0,1054.0,1062.5,1065.0,-2.5408,41.0,3.7608,-2.0376
2026-09-08,MAN INDUSTRIES (I) LTD.       ,MANINDS   ,EQ,N,819.4,829.4,844.4,809.5,821.7,817.1,0.2807,34.9,4.2592,-0.9284
2026-09-08,MAN INFRA LTD                 ,MANINFRA  ,EQ,N,124.42,124.75,131.0,123.15,127.75,127.8,2.6764,7.85,6.3093,2.4048
2026-09-08,MANIPAL HEALTH ENTERPRI L     ,MANIPALHOS,EQ,N,727.25,729.75,729.95,710.3,718.95,717.8,-1.1413,19.65,2.702,-1.48
2026-09-08,MANKIND PHARMA LIMITED        ,MANKIND   ,EQ,N,2318.0,2318.0,2330.8,2301.0,2309.0,2309.0,-0.3883,29.8,1.2856,-0.3883
2026-09-08,MANOMAY TEX INDIA LTD         ,MANOMAY   ,EQ,N,234.48,238.49,240.0,223.0,232.8,232.98,-0.7165,17.0,7.2501,-2.3858
2026-09-08,MANORAMA INDUSTRIES LTD       ,MANORAMA  ,EQ,N,2003.6,2003.6,2149.5,1986.1,2132.9,2128.5,6.4534,163.4,8.1553,6.4534
2026-09-08,MANGALAM ORGANICS LIMITED     ,MANORG    ,EQ,N,494.7,498.65,505.45,476.15,496.75,498.9,0.4144,29.3,5.9228,-0.381
2026-09-08,NIPPONAMC - MANUFGBEES        ,MANUFGBEES,EQ,N,162.77,163.16,163.65,162.43,162.66,163.47,-0.0676,1.22,0.7495,-0.3064
2026-09-08,VEDANT FASHIONS LIMITED       ,MANYAVAR  ,EQ,N,586.25,588.7,588.7,576.2,579.55,578.5,-1.1429,12.5,2.1322,-1.5543
2026-09-08,C.E. INFO SYSTEMS LIMITED     ,MAPMYINDIA,EQ,N,976.0,976.0,980.8,963.5,968.8,970.0,-0.7377,17.3,1.7725,-0.7377
2026-09-08,MARAL OVERSEAS LTD            ,MARALOVER ,EQ,N,64.26,65.5,68.89,64.0,65.83,66.0,2.4432,4.89,7.6097,0.5038
2026-09-08,MARATHON NXTGEN REALT LTD     ,MARATHON  ,EQ,N,459.5,463.95,467.4,443.65,446.35,446.8,-2.8618,23.75,5.1687,-3.7935
2026-09-08,MARICO LIMITED                ,MARICO    ,EQ,N,806.0,806.55,825.45,801.35,823.9,823.9,2.2208,24.1,2.9901,2.1511
2026-09-08,MARINE ELECTRICAL (I) LTD     ,MARINE    ,EQ,N,419.95,415.5,432.3,413.8,416.45,415.7,-0.8334,18.5,4.4053,0.2286
2026-09-08,MARKOLINES PAVEMENT TEC L     ,MARKOLINES,EQ,N,175.36,174.9,178.25,172.96,177.17,177.45,1.0322,5.29,3.0167,1.2979
2026-09-08,MARKSANS PHARMA LIMITED       ,MARKSANS  ,EQ,N,335.05,337.5,349.95,331.6,335.9,335.0,0.2537,18.35,5.4768,-0.4741
2026-09-08,MARSONS LIMITED               ,MARSONS   ,EQ,N,128.83,129.0,133.89,128.5,131.07,130.5,1.7387,5.39,4.1838,1.6047
2026-09-08,MARUTI SUZUKI INDIA LTD.      ,MARUTI    ,EQ,N,12760.0,12758.0,12758.0,12582.0,12641.0,12641.0,-0.9326,176.0,1.3793,-0.9171
2026-09-08,MAS FINANCIAL SERV LTD        ,MASFIN    ,EQ,N,295.25,293.05,297.1,289.3,290.15,290.5,-1.7273,7.8,2.6418,-0.9896
2026-09-08,MIRAEAMC - MASPTOP50          ,MASPTOP50 ,EQ,N,85.9,85.9,98.78,85.0,97.01,97.0,12.9336,13.78,16.0419,12.9336
2026-09-08,MASTEK LTD                    ,MASTEK    ,EQ,N,1691.7,1691.7,1703.9,1647.9,1654.2,1655.0,-2.2167,56.0,3.3103,-2.2167
2026-09-08,MASTER TRUST LIMITED          ,MASTERTR  ,EQ,N,88.86,88.0,100.0,87.79,92.09,91.5,3.6349,12.21,13.7407,4.6477
2026-09-08,MATRIMONY.COM LIMITED         ,MATRIMONY ,EQ,N,521.45,519.4,522.45,514.0,516.05,514.3,-1.0356,8.45,1.6205,-0.645
2026-09-08,MAWANA SUGARS LIMITED         ,MAWANASUG ,EQ,N,145.11,143.23,146.11,142.11,142.51,142.22,-1.7917,4.0,2.7565,-0.5027
2026-09-08,MAX ESTATES LIMITED           ,MAXESTATES,EQ,N,543.2,539.0,545.0,534.0,538.15,535.7,-0.9297,11.0,2.025,-0.1577
2026-09-08,MAX HEALTHCARE INS LTD        ,MAXHEALTH ,EQ,N,992.0,992.5,996.9,982.4,993.0,993.0,0.1008,14.5,1.4617,0.0504
2026-09-08,MAX INDIA LIMITED             ,MAXIND    ,EQ,N,147.69,147.18,150.73,147.0,147.22,147.03,-0.3182,3.73,2.5256,0.0272
2026-09-08,MAYUR UNIQUOTERS LTD          ,MAYURUNIQ ,EQ,N,712.4,709.05,752.35,702.0,740.55,739.35,3.9514,50.35,7.0677,4.4426
2026-09-08,MAZAGON DOCK SHIPBUIL LTD     ,MAZDOCK   ,EQ,N,2454.2,2454.2,2479.5,2435.6,2466.4,2466.4,0.4971,43.9,1.7888,0.4971
2026-09-08,MADHYA BHARAT AGRO P. LTD     ,MBAPL     ,EQ,N,163.01,163.0,168.48,161.5,164.37,164.3,0.8343,6.98,4.2819,0.8405
2026-09-08,M AND B ENGINEERING LTD       ,MBEL      ,EQ,N,268.05,271.75,272.4,261.75,267.7,265.6,-0.1306,10.65,3.9731,-1.4903
2026-09-08,MBL INFRASTRUCTURE LTD        ,MBLINFRA  ,EQ,N,23.35,22.85,24.25,22.84,23.97,23.98,2.6552,1.41,6.0385,4.9015
2026-09-08,MAC CHARLES (INDIA) LTD.      ,MCCHRLS-B ,EQ,N,679.9,684.45,684.45,659.0,670.0,670.0,-1.4561,25.45,3.7432,-2.1112
2026-09-08,M TEK COPPER LIMITED          ,MCL       ,EQ,N,57.02,58.0,59.95,58.0,59.35,59.7,4.0863,1.95,3.4199,2.3276
2026-09-08,MCLEOD RUSSEL INDIA LTD.      ,MCLEODRUSS,EQ,N,45.17,45.26,45.9,44.7,44.96,44.91,-0.4649,1.2,2.6566,-0.6628
2026-09-08,MAGELLANIC CLOUD LIMITED      ,MCLOUD    ,EQ,N,25.97,26.08,26.2,25.81,25.92,25.89,-0.1925,0.39,1.5017,-0.6135
2026-09-08,MULTI COMMODITY EXCHANGE      ,MCX       ,EQ,N,3330.2,3350.0,3366.4,3279.9,3342.0,3342.0,0.3543,86.5,2.5974,-0.2388
2026-09-08,GLOBAL HEALTH LIMITED         ,MEDANTA   ,EQ,N,1422.6,1425.8,1434.9,1403.4,1428.6,1432.0,0.4218,31.5,2.2143,0.1964
2026-09-08,MEDI ASSIST HEALTH SER L      ,MEDIASSIST,EQ,N,336.5,336.5,338.9,330.0,331.25,330.9,-1.5602,8.9,2.6449,-1.5602
2026-09-08,MEDICAMEN BIOTECH LIMITED     ,MEDICAMEQ ,EQ,N,279.25,282.0,287.8,275.0,285.75,286.0,2.3277,12.8,4.5837,1.3298
2026-09-08,MEDI CAPS LTD.                ,MEDICAPQ  ,EQ,N,26.9,27.0,27.9,25.0,25.62,26.5,-4.7584,2.9,10.7807,-5.1111
2026-09-08,MEDICO REMEDIES LIMITED       ,MEDICO    ,EQ,N,40.77,41.11,41.11,39.03,39.28,39.36,-3.6546,2.08,5.1018,-4.4515
2026-09-08,MEDPLUS HEALTH SERV LTD       ,MEDPLUS   ,EQ,N,659.7,656.0,667.0,655.8,663.45,660.15,0.5684,11.2,1.6977,1.1357
2026-09-08,MEESHO LIMITED                ,MEESHO    ,EQ,N,210.3,210.3,213.9,208.71,211.06,210.6,0.3614,5.19,2.4679,0.3614
2026-09-08,MEGASTAR FOODS LIMITED        ,MEGASTAR  ,EQ,N,300.1,309.0,309.0,287.25,288.85,289.75,-3.7488,21.75,7.2476,-6.521
2026-09-08,MANGAL ELECTRICAL IND L       ,MEIL      ,EQ,N,279.25,276.95,290.0,276.95,286.7,283.35,2.6679,13.05,4.6732,3.5205
2026-09-08,MENON PISTONS LTD.            ,MENNPIS   ,EQ,N,81.72,82.99,85.8,82.24,84.28,84.05,3.1326,3.56,4.3563,1.5544
2026-09-08,MERCANTILE VENTURES LTD.      ,MERCANTILE,EQ,N,24.43,24.92,27.2,23.73,24.72,24.67,1.1871,3.47,14.2038,-0.8026
2026-09-08,MERCURY EV-TECH LIMITED       ,MERCURYEV ,EQ,N,37.4,37.68,38.75,36.75,38.38,38.4,2.6203,2.0,5.3476,1.8577
2026-09-08,MIRAEAMC - METAL              ,METAL     ,EQ,N,13.28,13.61,13.61,13.1,13.28,13.27,0.0,0.51,3.8404,-2.4247
2026-09-08,ICICIPRAMC - METALIETF        ,METALIETF ,EQ,N,13.24,13.48,13.48,13.1,13.25,13.26,0.0755,0.38,2.8701,-1.7062
2026-09-08,METRO BRANDS LIMITED          ,METROBRAND,EQ,N,934.5,934.55,952.0,926.2,948.55,950.0,1.5035,25.8,2.7608,1.498
2026-09-08,METROGLOBAL LTD.              ,METROGLOBL,EQ,N,140.0,140.0,140.0,138.0,139.9,139.9,-0.0714,2.0,1.4286,-0.0714
2026-09-08,METROPOLIS HEALTHCARE LTD     ,METROPOLIS,EQ,N,577.75,578.0,588.75,577.3,582.2,582.55,0.7702,11.45,1.9818,0.7266
2026-09-08,MAHALAXMI FABRIC MILLS LT     ,MFML      ,EQ,N,18.62,19.0,19.7,18.62,18.69,19.3,0.3759,1.08,5.8002,-1.6316
2026-09-08,MAX FINANCIAL SERV LTD        ,MFSL      ,EQ,N,1520.0,1511.0,1527.0,1485.0,1498.7,1498.7,-1.4013,42.0,2.7632,-0.814
2026-09-08,MANGALAM GLOBAL ENT LTD       ,MGEL      ,EQ,N,15.72,15.9,16.2,15.41,15.5,15.5,-1.3995,0.79,5.0254,-2.5157
2026-09-08,MAHANAGAR GAS LTD.            ,MGL       ,EQ,N,1092.1,1088.0,1105.0,1088.0,1103.2,1103.0,1.0164,17.0,1.5566,1.3971
2026-09-08,MAHINDRA HOLIDAYS LTD         ,MHRIL     ,EQ,N,205.53,205.0,208.04,204.7,205.71,205.8,0.0876,3.34,1.6251,0.3463
2026-09-08,KOTAKMAMC - MID150            ,MID150    ,EQ,N,23.49,23.49,23.52,23.37,23.48,23.47,-0.0426,0.15,0.6386,-0.0426
2026-09-08,NIP IND ETF MIDCAP 150        ,MID150BEES,EQ,N,239.11,242.99,242.99,237.91,239.02,238.11,-0.0376,5.08,2.1245,-1.6338
2026-09-08,ZERODHAAMC - MID150CASE       ,MID150CASE,EQ,N,11.63,11.79,11.79,11.59,11.63,11.64,0.0,0.2,1.7197,-1.3571
2026-09-08,DSPAMC - MIDBANKADD           ,MIDBANKADD,EQ,N,17.38,17.38,17.47,17.38,17.43,17.4,0.2877,0.09,0.5178,0.2877
2026-09-08,KOTAKMAMC - KOTAKMID50        ,MIDCAP    ,EQ,N,18.43,18.8,18.8,18.39,18.5,18.55,0.3798,0.41,2.2246,-1.5957
2026-09-08,DSPAMC - MIDCAPADD            ,MIDCAPADD ,EQ,N,23.12,23.12,23.26,23.06,23.1,23.26,-0.0865,0.2,0.8651,-0.0865
2026-09-08,UTIAMC-MIDCAPBETA             ,MIDCAPBETA,EQ,N,233.48,233.28,233.98,232.77,233.87,233.87,0.167,1.21,0.5182,0.2529
2026-09-08,MIRAEAMC - MAM150ETF          ,MIDCAPETF ,EQ,N,23.61,24.2,24.2,23.53,23.63,23.65,0.0847,0.67,2.8378,-2.3554
2026-09-08,ICICIPRAMC - ICICIM150        ,MIDCAPIETF,EQ,N,23.9,23.91,24.0,23.8,23.91,24.0,0.0418,0.2,0.8368,0.0
2026-09-08,MISHRA DHATU NIGAM LTD        ,MIDHANI   ,EQ,N,419.9,422.5,482.4,421.0,477.0,470.9,13.5985,61.4,14.6225,12.8994
2026-09-08,DSPAMC - DSPQ50ETF            ,MIDQ50ADD ,EQ,N,24.92,25.42,26.01,24.42,24.92,24.9,0.0,1.59,6.3804,-1.967
2026-09-08,ICICI PRUD MIDCAP SEL ETF     ,MIDSELIETF,EQ,N,19.78,19.78,19.93,19.75,19.89,19.93,0.5561,0.18,0.91,0.5561
2026-09-08,MIRAEAMC - MIDSMALL           ,MIDSMALL  ,EQ,N,51.74,52.26,52.26,51.69,51.97,52.09,0.4445,0.57,1.1017,-0.5549
2026-09-08,MIDWEST LIMITED               ,MIDWESTLTD,EQ,N,1062.6,1066.5,1093.0,1058.1,1078.4,1080.0,1.4869,34.9,3.2844,1.1158
2026-09-08,MEGHNA INFRACON INFRA L       ,MIIL      ,EQ,N,710.15,719.0,725.85,700.5,704.6,707.65,-0.7815,25.35,3.5697,-2.0028
2026-09-08,MILKY MIST DAIRY FOOD L       ,MILKYMIST ,EQ,N,276.01,278.0,288.45,270.65,275.97,275.7,-0.0145,17.8,6.449,-0.7302
2026-09-08,MINDA CORPORATION LTD         ,MINDACORP ,EQ,N,695.55,692.0,711.0,690.05,708.3,710.5,1.8331,20.95,3.012,2.3555
2026-09-08,MINDTECK (INDIA) LIMITED      ,MINDTECK  ,EQ,N,168.74,168.74,171.97,160.1,165.0,162.3,-2.2164,11.87,7.0345,-2.2164
2026-09-08,MIRZA INTERNATIONAL LIMIT     ,MIRZAINT  ,EQ,N,31.01,31.05,31.4,30.5,30.73,30.5,-0.9029,0.9,2.9023,-1.0306
2026-09-08,MITCON CON & ENG SER LTD      ,MITCON    ,EQ,N,80.58,81.5,84.99,79.03,80.74,80.0,0.1986,5.96,7.3964,-0.9325
2026-09-08,MITTAL LIFE STYLE LIMITED     ,MITTAL    ,EQ,N,0.92,0.95,1.05,0.85,0.86,0.87,-6.5217,0.2,21.7391,-9.4737
2026-09-08,M K EXIM (INDIA) LTD.         ,MKEXIM    ,EQ,N,61.35,60.2,66.0,60.2,64.01,66.0,4.3358,5.8,9.454,6.3289
2026-09-08,M K PROTEINS LIMITED          ,MKPL      ,EQ,N,4.03,4.04,4.06,3.98,3.99,3.99,-0.9926,0.08,1.9851,-1.2376
2026-09-08,MILKFOOD LTD.                 ,MLKFOOD   ,EQ,N,85.8,85.8,87.99,82.1,84.87,84.98,-1.0839,5.89,6.8648,-1.0839
2026-09-08,MM FORGINGS LTD               ,MMFL      ,EQ,N,618.1,615.0,623.05,603.3,615.85,612.1,-0.364,19.75,3.1953,0.1382
2026-09-08,MMP INDUSTRIES LIMITED        ,MMP       ,EQ,N,444.95,454.75,485.0,449.5,478.5,477.0,7.5402,35.5,7.9784,5.2226
2026-09-08,MMTC LIMITED                  ,MMTC      ,EQ,N,63.82,63.95,64.35,62.95,63.19,63.0,-0.9872,1.4,2.1937,-1.1884
2026-09-08,MEDIA MATRIX WORLDWIDE L      ,MMWL      ,EQ,N,14.34,14.63,14.99,13.77,13.99,13.77,-2.4407,1.22,8.5077,-4.3746
2026-09-08,KOTAKMAMC - KOTAKMNC          ,MNC       ,EQ,N,33.04,33.04,33.14,32.87,33.11,33.11,0.2119,0.27,0.8172,0.2119
2026-09-08,MOTILALAMC - MOALPHA50        ,MOALPHA50 ,EQ,N,56.19,55.91,56.37,55.91,56.34,56.34,0.267,0.46,0.8187,0.7691
2026-09-08,MOTILALAMC - MOBANK10         ,MOBANK10  ,EQ,N,16.78,16.94,16.94,16.64,16.65,16.76,-0.7747,0.3,1.7878,-1.7119
2026-09-08,ONE MOBIKWIK SYSTEMS LTD      ,MOBIKWIK  ,EQ,N,194.24,193.61,197.8,191.9,194.14,193.2,-0.0515,5.9,3.0375,0.2737
2026-09-08,MOTILALAMC - MOCAPITAL        ,MOCAPITAL ,EQ,N,54.82,55.48,55.51,54.27,54.52,54.62,-0.5472,1.24,2.2619,-1.7304
2026-09-08,MOTILALAMC - MODEFENCE        ,MODEFENCE ,EQ,N,107.24,110.0,110.0,107.24,109.72,109.9,2.3126,2.76,2.5737,-0.2545
2026-09-08,MODI NATURALS LIMITED         ,MODINATUR ,EQ,N,344.8,345.95,358.0,340.35,353.6,352.25,2.5522,17.65,5.1189,2.2113
2026-09-08,MODI RUBBER LTD               ,MODIRUBBER,EQ,N,128.99,128.15,133.0,117.31,124.72,126.89,-3.3103,15.69,12.1637,-2.6766
2026-09-08,MODIS NAVNIRMAN LTD           ,MODIS     ,EQ,N,383.05,383.0,387.55,369.5,376.0,373.0,-1.8405,18.05,4.7122,-1.8277
2026-09-08,MODISON LIMITED               ,MODISONLTD,EQ,N,475.6,481.75,499.35,475.05,499.35,499.35,4.9937,24.3,5.1093,3.6533
2026-09-08,MODERN THREADS INDIA LTD      ,MODTHREAD ,EQ,N,54.7,54.7,56.6,52.7,52.96,52.9,-3.181,3.9,7.1298,-3.181
2026-09-08,MOTILALAMC - MOENERGY         ,MOENERGY  ,EQ,N,37.89,38.07,38.52,37.65,38.4,38.52,1.346,0.87,2.2961,0.8668
2026-09-08,MOTILALAMC - MOGOLD           ,MOGOLD    ,EQ,N,150.25,152.35,152.35,148.5,150.6,150.8,0.2329,3.85,2.5624,-1.1487
2026-09-08,MOTILALAMC - G5               ,MOGSEC    ,EQ,N,65.2,65.67,65.67,65.4,65.4,65.4,0.3067,0.27,0.4141,-0.4111
2026-09-08,MOTILALAMC - MOHEALTH         ,MOHEALTH  ,EQ,N,51.89,51.89,52.65,51.53,52.6,52.65,1.3683,1.12,2.1584,1.3683
2026-09-08,MOHITE INDUSTRIES LTD.        ,MOHITE    ,EQ,N,2.81,2.84,2.84,2.71,2.71,2.71,-3.5587,0.13,4.6263,-4.5775
2026-09-08,MOHIT INDUSTRIES LTD          ,MOHITIND  ,EQ,N,23.73,23.58,24.85,23.5,23.5,23.5,-0.9692,1.35,5.689,-0.3393
2026-09-08,MOIL LIMITED                  ,MOIL      ,EQ,N,247.22,247.51,253.3,247.0,251.49,251.78,1.7272,6.3,2.5483,1.608
2026-09-08,MOTILALAMC - MOINFRA          ,MOINFRA   ,EQ,N,58.51,58.51,58.58,58.21,58.5,58.5,-0.0171,0.37,0.6324,-0.0171
2026-09-08,MOTILALAMC - MOIPO            ,MOIPO     ,EQ,N,48.66,48.66,48.95,48.4,48.7,48.7,0.0822,0.55,1.1303,0.0822
2026-09-08,MOKSH ORNAMENTS LIMITED       ,MOKSH     ,EQ,N,10.13,10.01,10.28,9.66,10.0,10.0,-1.2833,0.62,6.1204,-0.0999
2026-09-08,MEGHMANI ORGANICS LIMITED     ,MOL       ,EQ,N,65.73,65.75,67.68,64.85,65.82,66.07,0.1369,2.83,4.3055,0.1065
2026-09-08,MOLBIO DIAGNOSTICS LTD        ,MOLBIO    ,EQ,N,1127.2,1127.2,1155.0,1110.2,1117.5,1118.0,-0.8605,44.8,3.9744,-0.8605
2026-09-08,MOLD-TEK PACKAGING LTD        ,MOLDTKPAC ,EQ,N,697.6,695.0,708.95,694.0,697.55,695.0,-0.0072,14.95,2.1431,0.3669
2026-09-08,MOTILALAMC - MOLOWVOL         ,MOLOWVOL  ,EQ,N,35.93,35.93,35.93,35.57,35.67,35.7,-0.7236,0.36,1.0019,-0.7236
2026-09-08,MOTILAL OS MIDCAP100 ETF      ,MOM100    ,EQ,N,67.83,67.83,68.11,67.62,67.91,68.01,0.1179,0.49,0.7224,0.1179
2026-09-08,ICICIPRAMC - ICICIMOM30       ,MOM30IETF ,EQ,N,31.23,31.23,31.65,31.23,31.53,31.65,0.9606,0.42,1.3449,0.9606
2026-09-08,MOTILAL OSWAL M50 ETF         ,MOM50     ,EQ,N,249.1,246.55,248.82,246.55,247.72,248.5,-0.554,2.27,0.9113,0.4745
2026-09-08,BIRLASLAMC - MOMENTUM         ,MOMENTUM  ,EQ,N,31.18,31.22,31.8,31.15,31.46,31.4,0.898,0.65,2.0847,0.7687
2026-09-08,KOTAKMAMC - MOMENTUM30        ,MOMENTUM30,EQ,N,30.76,30.83,31.12,30.73,30.98,30.8,0.7152,0.39,1.2679,0.4865
2026-09-08,MOTILALAMC - MOMENTUM50       ,MOMENTUM50,EQ,N,54.33,54.87,55.03,53.85,54.92,55.02,1.086,1.18,2.1719,0.0911
2026-09-08,MOTILALAMC - MOMETAL          ,MOMETAL   ,EQ,N,13.2,13.24,14.49,12.97,13.18,13.1,-0.1515,1.52,11.5152,-0.4532
2026-09-08,MOTILALAMC - MOMGF            ,MOMGF     ,EQ,N,161.86,162.05,162.65,161.24,161.24,161.24,-0.383,1.41,0.8711,-0.4998
2026-09-08,MOTILALAMC - MOMIDMTM         ,MOMIDMTM  ,EQ,N,64.44,64.93,64.99,64.12,64.87,64.95,0.6673,0.87,1.3501,-0.0924
2026-09-08,MIRAEAMC - MOMMIDCAP          ,MOMMIDCAP ,EQ,N,12.96,13.0,13.11,12.97,13.09,13.11,1.0031,0.14,1.0802,0.6923
2026-09-08,MOTILALAMC - MOMNC            ,MOMNC     ,EQ,N,32.02,32.0,32.1,31.97,32.1,32.1,0.2498,0.13,0.406,0.3125
2026-09-08,MOTILALAMC - MOMOMENTUM       ,MOMOMENTUM,EQ,N,62.06,63.3,63.3,62.06,62.43,62.37,0.5962,1.24,1.9981,-1.3744
2026-09-08,MOTILAL OS NASDAQ100 ETF      ,MON100    ,EQ,N,336.35,339.71,349.0,331.4,344.7,344.18,2.4825,17.6,5.2326,1.4689
2026-09-08,MOTILALAMC - MON50EQUAL       ,MON50EQUAL,EQ,N,33.08,32.85,32.9,32.7,32.84,32.9,-0.7255,0.2,0.6046,-0.0304
2026-09-08,MONARCH NETWORTH CAP LTD      ,MONARCH   ,EQ,N,383.25,382.9,385.05,378.65,382.45,382.0,-0.2087,6.4,1.6699,-0.1175
2026-09-08,MOTILALAMC - MONEXT50         ,MONEXT50  ,EQ,N,72.41,72.69,72.88,72.39,72.83,72.88,0.58,0.49,0.6767,0.1926
2026-09-08,MONEYBOXX FINANCE LIMITED     ,MONEYBOXX ,EQ,N,56.83,59.0,59.0,56.0,56.01,56.0,-1.4429,3.0,5.2789,-5.0678
2026-09-08,MOTILALAMC - MONIFTY100       ,MONIFTY100,EQ,N,25.15,25.04,25.06,24.9,24.94,25.0,-0.835,0.16,0.6362,-0.3994
2026-09-08,MOTILALAMC - MONIFTY500       ,MONIFTY500,EQ,N,23.78,23.83,23.83,23.65,23.72,23.69,-0.2523,0.18,0.7569,-0.4616
2026-09-08,MOTILALAMC - MONQ50           ,MONQ50    ,EQ,N,164.09,168.19,196.9,164.0,195.77,196.0,19.3065,32.9,20.05,16.3981
2026-09-08,MONTE CARLO FASHIONS LTD.     ,MONTECARLO,EQ,N,575.45,576.7,576.7,554.8,558.5,558.05,-2.9455,21.9,3.8057,-3.1559
2026-09-08,MOTILALAMC - MOOILGAS         ,MOOILGAS  ,EQ,N,11.12,11.11,11.13,11.02,11.05,11.03,-0.6295,0.11,0.9892,-0.5401
2026-09-08,MOTILALAMC - MOPSE            ,MOPSE     ,EQ,N,99.05,99.0,99.46,98.92,99.46,99.46,0.4139,0.54,0.5452,0.4646
2026-09-08,MOTILALAMC - MOQUALITY        ,MOQUALITY ,EQ,N,197.14,198.72,199.75,197.98,199.27,199.27,1.0805,1.77,0.8978,0.2768
2026-09-08,MOTILALAMC - MOREALTY         ,MOREALTY  ,EQ,N,89.89,96.0,96.0,88.63,89.78,89.84,-0.1224,7.37,8.1989,-6.4792
2026-09-08,MOREPEN LAB. LTD              ,MOREPENLAB,EQ,N,118.88,119.5,122.55,116.0,117.16,116.92,-1.4468,6.55,5.5098,-1.9582
2026-09-08,MOSCHIP TECHNOLOGIES LTD      ,MOSCHIP   ,EQ,N,212.6,212.8,217.74,212.66,214.26,216.0,0.7808,5.08,2.3895,0.6861
2026-09-08,MOTILALAMC - MOSERVICE        ,MOSERVICE ,EQ,N,30.65,30.96,30.96,30.4,30.45,30.45,-0.6525,0.56,1.8271,-1.6473
2026-09-08,MOTILALAMC - MOSILVER         ,MOSILVER  ,EQ,N,227.8,229.0,231.19,227.43,229.24,229.55,0.6321,3.76,1.6506,0.1048
2026-09-08,MOTILALAMC - MOSMALL250       ,MOSMALL250,EQ,N,18.55,18.08,18.67,18.08,18.58,18.59,0.1617,0.59,3.1806,2.7655
2026-09-08,SAMVRDHNA MTHRSN INTL LTD     ,MOTHERSON ,EQ,N,162.0,162.8,164.5,161.17,163.85,163.85,1.142,3.33,2.0556,0.645
2026-09-08,MOTILAL OSWAL FIN LTD         ,MOTILALOFS,EQ,N,1055.0,1060.0,1060.2,1035.2,1051.5,1051.5,-0.3318,25.0,2.3697,-0.8019
2026-09-08,MOTISONS JEWELLERS LTD        ,MOTISONS  ,EQ,N,16.77,16.8,16.86,15.83,16.13,16.23,-3.8163,1.03,6.1419,-3.9881
2026-09-08,MOTOR & GENERAL FINANCE L     ,MOTOGENFIN,EQ,N,31.37,32.23,32.25,25.3,27.45,27.29,-12.496,6.95,22.1549,-14.8309
2026-09-08,MOTILALAMC - MOTOUR           ,MOTOUR    ,EQ,N,77.37,77.01,77.5,76.86,77.49,77.3,0.1551,0.64,0.8272,0.6233
2026-09-08,MOTILALAMC - MOVALUE          ,MOVALUE   ,EQ,N,112.05,112.5,112.61,111.5,111.69,111.9,-0.3213,1.11,0.9906,-0.72
2026-09-08,MPHASIS LIMITED               ,MPHASIS   ,EQ,N,2369.1,2374.0,2374.0,2335.1,2355.0,2355.0,-0.5952,38.9,1.642,-0.8003
2026-09-08,MPS LIMITED                   ,MPSLTD    ,EQ,N,2635.7,2625.0,2759.6,2606.0,2749.1,2750.2,4.3025,153.6,5.8277,4.7276
2026-09-08,MRF LTD                       ,MRF       ,EQ,N,128890.0,128750.0,129290.0,128000.0,128245.0,128400.0,-0.5004,1290.0,1.0009,-0.3922
2026-09-08,MRPL                          ,MRPL      ,EQ,N,173.19,174.43,176.26,170.75,172.96,173.8,-0.1328,5.51,3.1815,-0.8427
2026-09-08,360ONEAMC - MSCI360           ,MSCI360   ,EQ,N,10.07,10.12,10.12,10.02,10.02,10.02,-0.4965,0.1,0.993,-0.9881
2026-09-08,DSPAMC - MSCIADD              ,MSCIADD   ,EQ,N,29.3,29.15,29.28,29.15,29.27,29.27,-0.1024,0.13,0.4437,0.4117
2026-09-08,KOTAKMAMC - MSCIINDIA         ,MSCIINDIA ,EQ,N,29.6,29.57,29.59,29.4,29.47,29.4,-0.4392,0.19,0.6419,-0.3382
2026-09-08,MANGALAM SEEDS LTD.           ,MSL       ,EQ,N,144.0,149.0,150.0,140.0,140.1,140.1,-2.7083,10.0,6.9444,-5.9732
2026-09-08,MSP STEEL & POWER LTD.        ,MSPL      ,EQ,N,34.78,34.78,35.2,34.53,34.95,35.09,0.4888,0.67,1.9264,0.4888
2026-09-08,MSTC LIMITED                  ,MSTCLTD   ,EQ,N,785.65,790.7,805.0,754.35,778.55,771.5,-0.9037,50.65,6.4469,-1.5366
2026-09-08,MOTHERSON SUMI WRNG IND L     ,MSUMI     ,EQ,N,36.9,36.65,36.77,36.34,36.61,36.7,-0.7859,0.43,1.1653,-0.1091
2026-09-08,MAHANAGAR TELEPHONE NIGAM     ,MTNL      ,EQ,N,26.05,26.14,26.14,25.3,25.35,25.4,-2.6871,0.84,3.2246,-3.0222
2026-09-08,MUFIN GREEN FINANCE LTD       ,MUFIN     ,EQ,N,136.17,136.24,138.33,135.0,135.35,135.0,-0.6022,3.33,2.4455,-0.6533
2026-09-08,CREDO BRANDS MARKETING L      ,MUFTI     ,EQ,N,74.0,74.0,74.8,73.3,73.91,74.15,-0.1216,1.5,2.027,-0.1216
2026-09-08,MUKAND LTD.                   ,MUKANDLTD ,EQ,N,136.9,136.42,138.2,135.45,137.66,137.25,0.5551,2.75,2.0088,0.909
2026-09-08,MUKESH BABU FINANC SER L      ,MUKESHB   ,EQ,N,133.84,133.45,135.0,133.45,133.45,133.45,-0.2914,1.55,1.1581,0.0
2026-09-08,MUKKA PROTEINS LIMITED        ,MUKKA     ,EQ,N,32.15,32.53,32.78,30.34,30.72,30.7,-4.4479,2.44,7.5894,-5.5641
2026-09-08,MIRAEAMC - MULTICAP           ,MULTICAP  ,EQ,N,16.69,16.75,16.8,16.65,16.69,16.71,0.0,0.15,0.8987,-0.3582
2026-09-08,MUNJAL AUTO IND. LTD.         ,MUNJALAU  ,EQ,N,116.04,115.99,115.99,112.3,112.8,112.77,-2.7921,3.69,3.1799,-2.7502
2026-09-08,MUNJAL SHOWA LTD              ,MUNJALSHOW,EQ,N,129.21,128.12,130.59,126.0,128.75,128.9,-0.356,4.59,3.5524,0.4917
2026-09-08,MURUDESHWAR CERAMICS LTD      ,MURUDCERA ,EQ,N,29.33,29.02,29.93,28.0,29.08,29.28,-0.8524,1.93,6.5803,0.2068
2026-09-08,MUTHOOT CAP SERV LTD          ,MUTHOOTCAP,EQ,N,239.07,244.8,244.8,231.1,234.39,234.1,-1.9576,13.7,5.7305,-4.2525
2026-09-08,MUTHOOT FINANCE LIMITED       ,MUTHOOTFIN,EQ,N,2880.0,2890.0,2899.7,2868.8,2899.7,2899.7,0.684,30.9,1.0729,0.3356
2026-09-08,MUTHOOT MICROFIN LIMITED      ,MUTHOOTMF ,EQ,N,197.93,196.54,202.45,196.2,201.57,201.0,1.839,6.25,3.1577,2.5593
2026-09-08,MV ELECTROSYSTEMS LIMITED     ,MVELECTRO ,EQ,N,806.45,820.0,917.8,815.2,883.25,905.0,9.5232,102.6,12.7224,7.7134
2026-09-08,MANOJ VAIBHAV GEM N JEW L     ,MVGJL     ,EQ,N,215.88,233.99,233.99,205.25,210.72,208.3,-2.3902,28.74,13.313,-9.9449
2026-09-08,MANGALAM WORLDWIDE LTD        ,MWL       ,EQ,N,38.5,38.93,39.35,37.51,37.65,38.0,-2.2078,1.84,4.7792,-3.288
2026-09-08,NACL INDUSTRIES LIMITED       ,NACLIND   ,EQ,N,164.58,164.6,164.99,160.0,161.0,161.05,-2.1752,4.99,3.032,-2.1871
2026-09-08,NAGREEKA CAP & INFR.LTD       ,NAGREEKCAP,EQ,N,23.75,23.25,24.29,22.31,23.38,22.8,-1.5579,1.98,8.3368,0.5591
2026-09-08,NAGREEKA EXPORTS LTD.         ,NAGREEKEXP,EQ,N,22.31,22.5,22.87,22.05,22.39,22.21,0.3586,0.82,3.6755,-0.4889
2026-09-08,NAHAR CAP & FIN.              ,NAHARCAP  ,EQ,N,257.85,255.25,259.85,255.2,258.9,258.8,0.4072,4.65,1.8034,1.43
2026-09-08,NAHAR INDS ENT LTD            ,NAHARINDUS,EQ,N,139.05,140.8,140.8,135.73,137.43,136.6,-1.165,5.07,3.6462,-2.3935
2026-09-08,NAHAR POLY FILMS LIMITED      ,NAHARPOLY ,EQ,N,238.38,238.02,244.9,234.0,243.18,243.94,2.0136,10.9,4.5725,2.1679
2026-09-08,NAHAR SPINNING MILLS LTD.     ,NAHARSPING,EQ,N,286.15,285.0,294.5,276.0,277.55,279.0,-3.0054,18.5,6.4651,-2.614
2026-09-08,NIPPON L I A M LTD            ,NAM-INDIA ,EQ,N,1195.0,1194.0,1195.0,1180.0,1188.9,1188.9,-0.5105,15.0,1.2552,-0.4271
2026-09-08,NARMADA AGROBASE LIMITED      ,NARMADA   ,EQ,N,14.39,14.38,14.99,13.96,14.78,14.71,2.7102,1.03,7.1577,2.7816
2026-09-08,NATCO PHARMA LTD.             ,NATCOPHARM,EQ,N,838.3,838.3,846.85,823.4,825.75,825.0,-1.4971,23.45,2.7973,-1.4971
2026-09-08,NATH BIO-GENES (I) LTD        ,NATHBIOGEN,EQ,N,152.65,152.27,153.95,149.98,152.01,152.02,-0.4193,3.97,2.6007,-0.1707
2026-09-08,NATIONAL ALUMINIUM CO LTD     ,NATIONALUM,EQ,N,365.9,370.7,378.3,367.8,371.05,371.05,1.4075,10.5,2.8696,0.0944
2026-09-08,NATIONAL STAND (INDIA) L      ,NATIONSTD ,EQ,N,104.73,106.0,109.96,104.82,109.95,109.96,4.9842,5.14,4.9079,3.7264
2026-09-08,INFO EDGE (I) LTD             ,NAUKRI    ,EQ,N,1302.5,1274.5,1298.3,1251.9,1292.0,1292.0,-0.8061,46.4,3.5624,1.3731
2026-09-08,NAVA LIMITED                  ,NAVA      ,EQ,N,556.25,559.95,559.95,551.0,554.55,556.95,-0.3056,8.95,1.609,-0.9644
2026-09-08,NAVIN FLUORINE INT. LTD       ,NAVINFLUOR,EQ,N,8603.5,8552.0,8754.0,8505.5,8731.0,8740.0,1.482,248.5,2.8884,2.0931
2026-09-08,NAVKAR CORPORATION LTD.       ,NAVKARCORP,EQ,N,96.02,95.5,96.97,94.11,94.75,95.0,-1.3226,2.86,2.9785,-0.7853
2026-09-08,NAVNEET EDUCATION LTD         ,NAVNETEDUL,EQ,N,131.84,131.6,131.6,130.0,130.16,130.19,-1.2743,1.6,1.2136,-1.0942
2026-09-08,NAZARA TECHNOLOGIES LTD       ,NAZARA    ,EQ,N,370.3,368.0,370.7,366.0,368.4,368.1,-0.5131,4.7,1.2692,0.1087
2026-09-08,NBCC (INDIA) LIMITED          ,NBCC      ,EQ,N,86.0,85.54,86.1,84.88,86.0,86.0,0.0,1.22,1.4186,0.5378
2026-09-08,N.B.I. IND. FIN. CO. LTD      ,NBIFIN    ,EQ,N,1967.7,2000.0,2024.0,1962.0,1970.0,1970.0,0.1169,62.0,3.1509,-1.5
2026-09-08,NCC LIMITED                   ,NCC       ,EQ,N,150.67,150.6,152.5,147.55,148.65,148.4,-1.3407,4.95,3.2853,-1.2948
2026-09-08,NCL INDUSTRIES LIMITED        ,NCLIND    ,EQ,N,178.3,177.65,177.65,175.82,176.65,176.05,-0.9254,1.83,1.0264,-0.5629
2026-09-08,NAGA DHUNSERI GROUP LTD       ,NDGL      ,EQ,N,2790.0,2820.0,2849.0,2775.0,2775.0,2775.0,-0.5376,74.0,2.6523,-1.5957
2026-09-08,NANDAN DENIM LIMITED          ,NDL       ,EQ,N,2.98,3.02,3.03,2.91,2.92,2.92,-2.0134,0.12,4.0268,-3.3113
2026-09-08,NDL VENTURES LIMITED          ,NDLVENTURE,EQ,N,120.57,121.1,128.8,121.1,126.18,128.8,4.6529,7.7,6.3863,4.1949
2026-09-08,NDR AUTO COMPONENTS LTD       ,NDRAUTO   ,EQ,N,721.45,717.1,727.15,710.05,717.65,718.6,-0.5267,17.1,2.3702,0.0767
2026-09-08,NDTV LTD                      ,NDTV      ,EQ,N,72.87,73.8,74.8,72.15,73.03,74.8,0.2196,2.65,3.6366,-1.0434
2026-09-08,NEELAMALAI AGRO INDS. L       ,NEAGI     ,EQ,N,3449.0,3449.0,3470.0,3449.0,3470.0,3470.0,0.6089,21.0,0.6089,0.6089
2026-09-08,NECTAR LIFESCIENCES LTD.      ,NECLIFE   ,EQ,N,12.07,12.2,12.45,12.08,12.15,12.1,0.6628,0.37,3.0655,-0.4098
2026-09-08,NELCAST LIMITED               ,NELCAST   ,EQ,N,114.77,114.8,115.9,113.0,114.18,114.9,-0.5141,2.9,2.5268,-0.5401
2026-09-08,NELCO LTD                     ,NELCO     ,EQ,N,933.2,933.0,1019.0,917.6,973.1,971.7,4.2756,101.4,10.8658,4.298
2026-09-08,NEOGEN CHEMICALS LIMITED      ,NEOGEN    ,EQ,N,2207.1,2223.2,2250.0,2175.7,2213.0,2216.0,0.2673,74.3,3.3664,-0.4588
2026-09-08,NEPHROCARE HEALTH SERV L      ,NEPHROPLUS,EQ,N,710.85,713.0,748.6,707.1,744.1,743.0,4.6775,41.5,5.8381,4.3619
2026-09-08,NESCO LTD.                    ,NESCO     ,EQ,N,1076.0,1085.0,1140.0,1072.6,1117.1,1120.3,3.8197,67.4,6.2639,2.9585
2026-09-08,NESTLE INDIA LIMITED          ,NESTLEIND ,EQ,N,1398.0,1397.4,1415.1,1392.9,1400.5,1400.5,0.1788,22.2,1.588,0.2218
2026-09-08,TATAAML - NETF                ,NETF      ,EQ,N,258.45,259.9,262.98,256.77,257.91,257.6,-0.2089,6.21,2.4028,-0.7657
2026-09-08,NETWEB TECH INDIA LTD         ,NETWEB    ,EQ,N,5157.0,5186.0,5228.5,5071.5,5087.5,5101.0,-1.3477,157.0,3.0444,-1.8993
2026-09-08,NETWORK18 MEDIA & INV LTD     ,NETWORK18 ,EQ,N,27.64,27.5,27.63,27.18,27.3,27.29,-1.2301,0.45,1.6281,-0.7273
2026-09-08,NEULAND LAB LTD.              ,NEULANDLAB,EQ,N,22870.0,23010.0,24100.0,23010.0,23995.0,23970.0,4.9191,1090.0,4.7661,4.2807
2026-09-08,NEWGEN SOFTWARE TECH LTD      ,NEWGEN    ,EQ,N,520.7,519.0,520.4,513.0,514.0,514.0,-1.2867,7.4,1.4212,-0.9634
2026-09-08,DSPAMC - NEXT30ADD            ,NEXT30ADD ,EQ,N,42.49,42.32,42.6,42.32,42.6,42.6,0.2589,0.28,0.659,0.6616
2026-09-08,MIRAEAMC - MANXT50            ,NEXT50    ,EQ,N,748.99,749.0,755.16,749.0,753.77,755.15,0.6382,6.16,0.8224,0.6368
2026-09-08,DSPAMC - NEXT50ADD            ,NEXT50ADD ,EQ,N,73.04,73.12,73.49,73.03,73.49,73.49,0.6161,0.46,0.6298,0.506
2026-09-08,UTIAMC-NEXT50BETA             ,NEXT50BETA,EQ,N,78.66,78.66,78.9,78.03,78.52,78.89,-0.178,0.87,1.106,-0.178
2026-09-08,KOTAKMAMC - NEXT50ETF         ,NEXT50ETF ,EQ,N,73.23,73.23,73.85,73.0,73.46,73.85,0.3141,0.85,1.1607,0.3141
2026-09-08,ICICIPRAMC - ICICINXT50       ,NEXT50IETF,EQ,N,76.79,78.7,78.7,76.52,77.13,77.0,0.4428,2.18,2.8389,-1.9949
2026-09-08,NEXT MEDIAWORKS LIMITED       ,NEXTMEDIA ,EQ,N,3.76,3.76,3.91,3.72,3.86,3.89,2.6596,0.19,5.0532,2.6596
2026-09-08,NATIONAL FERT. LTD            ,NFL       ,EQ,N,70.32,70.2,71.28,70.11,70.35,70.16,0.0427,1.17,1.6638,0.2137
2026-09-08,NAKODA GROUP OF IND. LTD      ,NGIL      ,EQ,N,40.11,40.11,40.11,36.91,37.73,38.97,-5.9337,3.2,7.9781,-5.9337
2026-09-08,NGL FINE CHEM LIMITED         ,NGLFINE   ,EQ,N,2873.0,2887.3,2911.8,2736.6,2811.6,2787.0,-2.1371,175.2,6.0982,-2.6218
2026-09-08,NARAYANA HRUDAYALAYA LTD.     ,NH        ,EQ,N,1911.8,1910.0,1924.0,1887.0,1897.4,1899.8,-0.7532,37.0,1.9353,-0.6597
2026-09-08,NHPC LTD                      ,NHPC      ,EQ,N,76.0,75.76,76.0,74.9,75.9,75.9,-0.1316,1.1,1.4474,0.1848
2026-09-08,THE NEW INDIA ASSU CO LTD     ,NIACL     ,EQ,N,231.2,231.2,232.0,199.52,205.22,205.0,-11.237,32.48,14.0484,-11.237
2026-09-08,NIBE LIMITED                  ,NIBE      ,EQ,N,1318.0,1310.0,1357.8,1310.0,1331.5,1328.0,1.0243,47.8,3.6267,1.6412
2026-09-08,NRB INDUS. BEARINGS LTD.      ,NIBL      ,EQ,N,30.71,31.0,31.85,30.3,30.36,30.35,-1.1397,1.55,5.0472,-2.0645
2026-09-08,NICCO PARKS & RESORTS LTD     ,NICCOPAR  ,EQ,N,79.27,81.25,83.0,80.11,80.33,80.33,1.3372,2.89,3.6458,-1.1323
2026-09-08,NIP IND ETF NIFTY 100         ,NIF100BEES,EQ,N,264.6,265.38,265.38,262.92,263.3,263.7,-0.4913,2.46,0.9297,-0.7838
2026-09-08,ICICI PRUD NIFTY 100 ETF      ,NIF100IETF,EQ,N,27.83,28.52,28.52,27.68,27.77,27.75,-0.2156,0.84,3.0183,-2.6297
2026-09-08,UTIAMC - NIF500BETA           ,NIF500BETA,EQ,N,37.24,37.42,38.02,37.27,37.27,38.02,0.0806,0.75,2.014,-0.4009
2026-09-08,KOTAK NIFTY ETF               ,NIFTY1    ,EQ,N,264.2,270.8,270.8,261.56,263.3,262.9,-0.3407,9.24,3.4974,-2.7696
2026-09-08,KOTAKMAMC - NIFTY100EW        ,NIFTY100EW,EQ,N,34.85,35.18,35.18,34.64,34.77,34.75,-0.2296,0.54,1.5495,-1.1654
2026-09-08,DSPAMC - DSPNIFTY             ,NIFTYADD  ,EQ,N,250.91,250.39,250.59,249.02,250.03,250.59,-0.3507,1.57,0.6257,-0.1438
2026-09-08,AXISAMC-NIFTYAXIS             ,NIFTYAXIS ,EQ,N,263.61,267.6,267.6,262.15,262.77,264.25,-0.3187,5.45,2.0674,-1.8049
2026-09-08,NIP IND ETF NIFTY BEES        ,NIFTYBEES ,EQ,N,271.21,271.64,271.64,269.79,270.05,270.12,-0.4277,1.85,0.6821,-0.5853
2026-09-08,UTIAMC-NIFTYBETA              ,NIFTYBETA ,EQ,N,263.89,263.89,265.22,257.29,262.87,263.14,-0.3865,7.93,3.005,-0.3865
2026-09-08,BFAM - NIFTYBETF              ,NIFTYBETF ,EQ,N,245.2,245.57,245.57,243.0,243.84,243.03,-0.5546,2.57,1.0481,-0.7045
2026-09-08,ZERODHAAMC - NIFTYCASE        ,NIFTYCASE ,EQ,N,9.56,9.79,9.79,9.5,9.52,9.55,-0.4184,0.29,3.0335,-2.7579
2026-09-08,MIRAEAMC - MAN50ETF           ,NIFTYETF  ,EQ,N,258.42,258.47,259.33,257.1,257.53,257.75,-0.3444,2.23,0.8629,-0.3637
2026-09-08,ICICI PRUD NIFTY ETF          ,NIFTYIETF ,EQ,N,269.6,274.0,274.0,268.36,268.88,268.87,-0.2671,5.64,2.092,-1.8686
2026-09-08,JIOBLACKROCKAMC-NIFTYJBLK     ,NIFTYJBLK ,EQ,N,12.31,12.61,12.61,12.12,12.14,12.22,-1.381,0.49,3.9805,-3.7272
2026-09-08,BIRLASLAMC - NIFTYQLITY       ,NIFTYQLITY,EQ,N,21.09,21.19,21.19,21.0,21.04,21.05,-0.2371,0.19,0.9009,-0.7079
2026-09-08,NIIT LIMITED                  ,NIITLTD   ,EQ,N,97.22,97.02,99.37,95.01,95.34,95.29,-1.9338,4.36,4.4847,-1.7316
2026-09-08,NIIT LEARNING SYSTEMS LTD     ,NIITMTS   ,EQ,N,220.72,221.0,225.0,220.21,223.51,222.24,1.264,4.79,2.1702,1.1357
2026-09-08,NILA INFRASTRUCTURES LTD      ,NILAINFRA ,EQ,N,6.71,6.67,7.0,6.4,6.62,6.66,-1.3413,0.6,8.9419,-0.7496
2026-09-08,NILA SPACES LIMITED           ,NILASPACES,EQ,N,12.23,12.23,13.2,12.18,12.78,12.7,4.4971,1.02,8.3401,4.4971
2026-09-08,NILE LTD.                     ,NILE      ,EQ,N,1459.0,1478.0,1491.0,1460.5,1471.7,1479.8,0.8705,30.5,2.0905,-0.4263
2026-09-08,NILKAMAL LIMITED              ,NILKAMAL  ,EQ,N,2063.2,2060.0,2134.0,2060.0,2112.0,2121.1,2.3653,74.0,3.5867,2.5243
2026-09-08,NIMBUS PROJECTS LIMITED       ,NIMBSPROJ ,EQ,N,143.51,150.0,150.68,147.41,148.46,148.46,3.4492,3.27,2.2786,-1.0267
2026-09-08,NINTEC SYSTEMS LIMITED        ,NINSYS    ,EQ,N,705.85,715.0,715.0,703.2,709.1,710.3,0.4604,11.8,1.6717,-0.8252
2026-09-08,INDO-NATIONAL LIMITED         ,NIPPOBATRY,EQ,N,325.25,321.2,329.9,320.0,324.6,324.85,-0.1998,9.9,3.0438,1.0585
2026-09-08,NIRAJ CEMENT STRUC LTD        ,NIRAJ     ,EQ,N,28.88,29.55,29.55,28.0,28.18,28.12,-2.4238,1.55,5.367,-4.6362
2026-09-08,NIRLON LTD                    ,NIRLON    ,EQ,N,615.15,624.55,628.85,619.05,619.65,619.1,0.7315,9.8,1.5931,-0.7846
2026-09-08,NITCO LIMITED                 ,NITCO     ,EQ,N,93.84,93.85,94.39,92.46,93.46,94.0,-0.4049,1.93,2.0567,-0.4156
2026-09-08,NITIN SPINNERS LIMITED        ,NITINSPIN ,EQ,N,627.45,628.0,664.4,619.8,655.1,654.0,4.4067,44.6,7.1081,4.3153
2026-09-08,NITIRAJ ENGINEERS LTD         ,NITIRAJ   ,EQ,N,231.04,235.95,235.95,224.0,230.92,229.96,-0.0519,11.95,5.1723,-2.1318
2026-09-08,NITTA GELATIN INDIA LTD.      ,NITTAGELA ,EQ,N,1677.8,1703.0,1706.0,1654.2,1670.5,1666.8,-0.4351,51.8,3.0874,-1.9084
2026-09-08,NIVA BUPA HEALTH INS CO L     ,NIVABUPA  ,EQ,N,80.67,81.09,81.1,80.01,80.55,80.57,-0.1488,1.09,1.3512,-0.6659
2026-09-08,NK INDUSTRIES LTD             ,NKIND     ,EQ,N,57.21,65.8,65.8,58.65,61.05,61.09,6.7121,7.15,12.4978,-7.2188
2026-09-08,NLC INDIA LIMITED             ,NLCINDIA  ,EQ,N,269.3,269.3,272.7,268.35,272.25,272.0,1.0954,4.35,1.6153,1.0954
2026-09-08,NMDC LTD.                     ,NMDC      ,EQ,N,83.85,84.06,84.78,83.74,84.71,84.71,1.0256,1.04,1.2403,0.7733
2026-09-08,NOCIL LIMITED                 ,NOCIL     ,EQ,N,172.23,172.0,186.8,171.35,185.07,184.5,7.4551,15.45,8.9706,7.5988
2026-09-08,NOIDA TOLL BRIDGE CO LTD      ,NOIDATOLL ,EQ,N,4.02,4.02,4.05,3.93,3.99,4.0,-0.7463,0.12,2.9851,-0.7463
2026-09-08,NORBEN TEA & EXPORTS LTD      ,NORBTEAEXP,EQ,N,67.71,67.8,69.86,66.12,69.75,67.05,3.0128,3.74,5.5236,2.8761
2026-09-08,NORTHERN ARC CAPITAL LTD      ,NORTHARC  ,EQ,N,306.0,307.9,313.9,302.85,310.85,310.35,1.585,11.05,3.6111,0.9581
2026-09-08,NOVARTIS INDIA LIMITED        ,NOVARTIND ,EQ,N,1639.6,1659.0,1856.0,1640.1,1822.0,1834.0,11.1247,215.9,13.1678,9.8252
2026-09-08,TATAAML - NPBET               ,NPBET     ,EQ,N,287.34,287.28,287.6,285.87,285.87,285.87,-0.5116,1.73,0.6021,-0.4908
2026-09-08,NETWORK PEOPLE SRV TECH L     ,NPST      ,EQ,N,1740.4,1748.3,1753.5,1692.2,1716.5,1719.9,-1.3732,61.3,3.5222,-1.8189
2026-09-08,N R AGARWAL INDS LTD          ,NRAIL     ,EQ,N,589.95,599.9,648.3,589.95,644.35,640.0,9.2211,58.35,9.8907,7.4096
2026-09-08,NRB BEARING LIMITED           ,NRBBEARING,EQ,N,483.0,484.0,492.0,475.0,489.6,488.7,1.3665,17.0,3.5197,1.157
2026-09-08,NALWA SONS INVESTMENT LTD     ,NSIL      ,EQ,N,5677.0,5656.0,5723.0,5650.0,5660.0,5650.0,-0.2995,73.0,1.2859,0.0707
2026-09-08,NMDC STEEL LIMITED            ,NSLNISP   ,EQ,N,45.87,46.19,46.25,44.81,45.02,45.05,-1.8531,1.44,3.1393,-2.533
2026-09-08,N T C INDUSTRIES LTD.         ,NTCIND    ,EQ,N,134.57,139.0,139.0,133.32,136.8,136.8,1.6571,5.68,4.2209,-1.5827
2026-09-08,NTPC LTD                      ,NTPC      ,EQ,N,332.0,330.0,333.2,328.65,330.8,330.8,-0.3614,4.55,1.3705,0.2424
2026-09-08,NTPC GREEN ENERGY LIMITED     ,NTPCGREEN ,EQ,N,88.16,88.16,88.6,87.5,88.44,88.5,0.3176,1.1,1.2477,0.3176
2026-09-08,NUCLEUS SOFTWARE EXPORTS      ,NUCLEUS   ,EQ,N,718.4,712.3,720.45,712.3,717.45,716.0,-0.1322,8.15,1.1345,0.723
2026-09-08,NUVAMA WEALTH MANAGE LTD      ,NUVAMA    ,EQ,N,1832.4,1832.5,1849.9,1786.7,1836.4,1837.8,0.2183,63.2,3.449,0.2128
2026-09-08,NUVOCO VISTAS CORP LTD        ,NUVOCO    ,EQ,N,345.1,347.9,347.9,339.1,339.85,339.3,-1.5213,8.8,2.55,-2.3139
2026-09-08,KOTAKMAMC - KTKNV20ETF        ,NV20      ,EQ,N,13.82,13.82,13.82,13.71,13.75,13.76,-0.5065,0.11,0.7959,-0.5065
2026-09-08,NIP IND ETF ETF NV20          ,NV20BEES  ,EQ,N,138.43,138.43,138.43,137.26,137.75,137.47,-0.4912,1.17,0.8452,-0.4912
2026-09-08,ICICI PRUDENTIAL NV20 ETF     ,NV20IETF  ,EQ,N,13.49,13.56,13.56,13.4,13.42,13.45,-0.5189,0.16,1.1861,-1.0324
2026-09-08,FSN E COMMERCE VENTURES       ,NYKAA     ,EQ,N,332.7,333.1,341.55,333.1,341.0,341.0,2.4947,8.45,2.5398,2.3717
2026-09-08,ORIENTAL AROMATICS LTD        ,OAL       ,EQ,N,537.35,530.25,545.95,500.0,530.95,538.0,-1.191,45.95,8.5512,0.132
2026-09-08,OBCL LIMITED                  ,OBCL      ,EQ,N,55.03,55.26,56.5,55.05,55.63,56.06,1.0903,1.45,2.6349,0.6696
2026-09-08,OBEROI REALTY LIMITED         ,OBEROIRLTY,EQ,N,1847.5,1852.0,1857.2,1820.4,1833.8,1833.8,-0.7415,36.8,1.9919,-0.9827
2026-09-08,ODIGMA CONSULTANCY SOL L      ,ODIGMA    ,EQ,N,22.46,22.98,22.98,21.41,21.99,21.9,-2.0926,1.57,6.9902,-4.3081
2026-09-08,ODYSSEY CORPORATION LTD.      ,ODYCORP   ,EQ,N,7.26,7.1,7.45,7.1,7.27,7.18,0.1377,0.35,4.8209,2.3944
2026-09-08,ORACLE FIN SERV SOFT LTD.     ,OFSS      ,EQ,N,11847.0,11750.0,11815.0,11636.0,11780.0,11780.0,-0.5655,179.0,1.5109,0.2553
2026-09-08,OIL INDIA LTD                 ,OIL       ,EQ,N,487.0,486.4,501.3,482.8,495.4,495.4,1.7248,18.5,3.7988,1.8503
2026-09-08,ICICIPRAMC - OILIETF          ,OILIETF   ,EQ,N,11.26,11.15,11.31,11.15,11.21,11.28,-0.444,0.16,1.421,0.5381
2026-09-08,OLA ELECTRIC MOBILITY LTD     ,OLAELEC   ,EQ,N,37.96,37.96,38.0,37.38,37.63,37.61,-0.8693,0.62,1.6333,-0.8693
2026-09-08,OLECTRA GREENTECH LIMITED     ,OLECTRA   ,EQ,N,1207.4,1215.7,1224.0,1200.0,1213.7,1218.5,0.5218,24.0,1.9877,-0.1645
2026-09-08,OMAX AUTOS LTD                ,OMAXAUTO  ,EQ,N,177.63,177.63,178.86,167.35,170.75,173.99,-3.8732,11.51,6.4798,-3.8732
2026-09-08,OMAXE LIMITED                 ,OMAXE     ,EQ,N,129.82,129.11,131.85,126.2,127.58,127.55,-1.7255,5.65,4.3522,-1.185
2026-09-08,OM INFRA LIMITED              ,OMINFRAL  ,EQ,N,83.64,84.8,84.8,80.75,81.96,81.55,-2.0086,4.05,4.8422,-3.3491
2026-09-08,OMNITECH ENGINEERING LTD      ,OMNI      ,EQ,N,519.55,524.95,539.75,518.55,525.9,526.0,1.2222,21.2,4.0805,0.181
2026-09-08,OM POWER TRANSMISSION LTD     ,OMPOWER   ,EQ,N,170.31,171.73,171.73,168.31,170.0,170.9,-0.182,3.42,2.0081,-1.0074
2026-09-08,ONE GLOBAL SERVICE PROV L     ,ONEGLOBAL ,EQ,N,522.0,522.0,537.65,513.05,531.2,531.0,1.7625,24.6,4.7126,1.7625
2026-09-08,ONE POINT ONE SOL LTD         ,ONEPOINT  ,EQ,N,57.73,57.83,58.25,56.07,56.36,56.38,-2.3731,2.18,3.7762,-2.5419
2026-09-08,ONESOURCE SPECL PHARMA L      ,ONESOURCE ,EQ,N,1552.3,1560.0,1645.7,1557.5,1579.5,1583.4,1.7522,88.2,5.6819,1.25
2026-09-08,OIL AND NATURAL GAS CORP.     ,ONGC      ,EQ,N,233.7,234.8,238.0,232.22,236.0,236.0,0.9842,5.78,2.4733,0.5111
2026-09-08,ONIDA ELECTRONICS LIMITED     ,ONIDA     ,EQ,N,34.81,34.85,35.74,34.12,34.76,34.75,-0.1436,1.62,4.6538,-0.2582
2026-09-08,ONIX SOLAR ENERGY LTD.        ,ONIXSOLAR ,EQ,N,423.2,434.0,444.35,425.0,444.3,444.35,4.9858,19.35,4.5723,2.3733
2026-09-08,ONWARD TECHNOLOGIES LTD       ,ONWARDTEC ,EQ,N,283.85,283.85,292.0,282.35,286.3,286.0,0.8631,9.65,3.3997,0.8631
2026-09-08,OPTIEMUS INFRACOM LTD         ,OPTIEMUS  ,EQ,N,560.45,562.9,569.4,552.4,556.35,552.5,-0.7316,17.0,3.0333,-1.1636
2026-09-08,OPTIMUS FINANCE LTD.          ,OPTIFIN   ,EQ,N,14.43,14.43,15.15,14.36,14.52,14.5,0.6237,0.79,5.4747,0.6237
2026-09-08,ORCHASP LIMITED               ,ORCHASP   ,EQ,N,1.29,1.32,1.38,1.29,1.36,1.38,5.4264,0.09,6.9767,3.0303
2026-09-08,ORCHID PHARMA LIMITED         ,ORCHPHARMA,EQ,N,947.1,945.0,968.5,937.35,965.8,967.85,1.9744,31.15,3.289,2.2011
2026-09-08,ORICON ENTERPRISES LTD        ,ORICONENT ,EQ,N,52.92,52.25,55.48,52.25,53.16,52.92,0.4535,3.23,6.1036,1.7416
2026-09-08,ORIENTAL TRIMEX LTD           ,ORIENTALTL,EQ,N,5.12,5.21,5.21,5.03,5.11,5.13,-0.1953,0.18,3.5156,-1.9194
2026-09-08,ORIENT BELL LIMITED           ,ORIENTBELL,EQ,N,415.1,415.15,424.95,407.0,410.3,411.9,-1.1563,17.95,4.3243,-1.1683
2026-09-08,ORIENT CEMENT LTD.            ,ORIENTCEM ,EQ,N,126.56,126.8,127.59,125.01,126.42,126.75,-0.1106,2.58,2.0386,-0.2997
2026-09-08,ORIENT CERATECH LIMITED       ,ORIENTCER ,EQ,N,44.6,44.9,45.9,43.86,45.0,44.98,0.8969,2.04,4.574,0.2227
2026-09-08,ORIENT ELECTRIC LIMITED       ,ORIENTELEC,EQ,N,176.38,177.84,177.84,174.5,175.54,175.45,-0.4762,3.34,1.8936,-1.2933
2026-09-08,ORIENT HOTELS LTD             ,ORIENTHOT ,EQ,N,139.11,139.0,141.68,138.37,140.54,141.0,1.028,3.31,2.3794,1.1079
2026-09-08,ORIENT PAPER AND INDS LTD     ,ORIENTPPR ,EQ,N,18.81,18.96,18.99,18.09,18.29,18.45,-2.7645,0.9,4.7847,-3.5338
2026-09-08,ORIENT TECHNOLOGIES LTD       ,ORIENTTECH,EQ,N,235.16,235.16,237.0,232.0,233.43,234.0,-0.7357,5.0,2.1262,-0.7357
2026-09-08,ORIENTAL RAIL INFRA L         ,ORIRAIL   ,EQ,N,127.28,127.28,130.99,126.7,128.38,129.5,0.8642,4.29,3.3705,0.8642
2026-09-08,ORISSA MIN DEV CO LTD         ,ORISSAMINE,EQ,N,4189.9,4197.9,4260.0,4178.0,4198.7,4191.3,0.21,82.0,1.9571,0.0191
2026-09-08,ORKLA INDIA LIMITED           ,ORKLAINDIA,EQ,N,590.7,593.0,597.55,588.05,589.85,588.65,-0.1439,9.5,1.6083,-0.5312
2026-09-08,ORTIN GLOBAL LIMITED          ,ORTINGLOBE,EQ,N,15.44,16.2,16.2,15.32,15.93,16.1,3.1736,0.88,5.6995,-1.6667
2026-09-08,OSWAL AGRO MILLS LTD          ,OSWALAGRO ,EQ,N,36.61,36.13,36.85,35.64,36.21,36.4,-1.0926,1.21,3.3051,0.2214
2026-09-08,OSWAL GREENTECH LIMITED       ,OSWALGREEN,EQ,N,20.27,20.38,20.44,20.01,20.29,20.36,0.0987,0.43,2.1214,-0.4416
2026-09-08,OSWAL PUMPS LIMITED           ,OSWALPUMPS,EQ,N,274.4,274.0,277.7,272.05,274.8,276.45,0.1458,5.65,2.059,0.292
2026-09-08,SHREEOSWAL S AND CHE LTD      ,OSWALSEEDS,EQ,N,12.06,12.25,12.5,11.86,12.14,12.08,0.6633,0.64,5.3068,-0.898
2026-09-08,PACE DIGITEK LIMITED          ,PACEDIGITK,EQ,N,161.09,162.0,164.0,156.73,160.31,161.25,-0.4842,7.27,4.513,-1.0432
2026-09-08,PACIFIC INDUSTRIES LTD.       ,PACIFICI  ,EQ,N,140.0,140.0,140.0,140.0,140.0,140.0,0.0,0.0,0.0,0.0
2026-09-08,PAGE INDUSTRIES LTD           ,PAGEIND   ,EQ,N,35825.0,35700.0,36540.0,35505.0,35915.0,35915.0,0.2512,1035.0,2.889,0.6022
2026-09-08,PAISALO DIGITAL LIMITED       ,PAISALO   ,EQ,N,79.41,78.76,78.85,76.71,77.72,77.22,-2.1282,2.14,2.6949,-1.3205
2026-09-08,PAKKA LIMITED                 ,PAKKA     ,EQ,N,77.22,77.01,80.1,77.01,78.54,78.88,1.7094,3.09,4.0016,1.9868
2026-09-08,PALASH SECURITIES LTD         ,PALASHSECU,EQ,N,89.2,90.98,91.9,88.0,88.14,88.0,-1.1883,3.9,4.3722,-3.1216
2026-09-08,PALRED TECHNOLOGIES LTD       ,PALREDTEC ,EQ,N,56.12,55.84,56.0,53.32,53.32,53.32,-4.9893,2.68,4.7755,-4.5129
2026-09-08,PANACEA BIOTEC LTD            ,PANACEABIO,EQ,N,378.4,379.1,398.0,377.6,391.85,394.0,3.5544,20.4,5.3911,3.3632
2026-09-08,PANAMA PETROCHEM LTD          ,PANAMAPET ,EQ,N,481.35,481.2,489.1,473.0,483.15,483.6,0.3739,16.1,3.3448,0.4052
2026-09-08,PANCHMAHAL STEEL LTD.         ,PANCHMAHQ ,EQ,N,296.85,299.45,318.0,253.95,290.0,290.0,-2.3076,64.05,21.5766,-3.1558
2026-09-08,PANORAMA STUDIOS INTL. L      ,PANORAMA  ,EQ,N,48.87,49.41,50.04,46.26,48.38,48.2,-1.0027,3.78,7.7348,-2.0846
2026-09-08,PANSARI DEVELOPERS LTD        ,PANSARI   ,EQ,N,300.45,301.2,301.2,290.0,290.8,290.5,-3.2118,11.2,3.7277,-3.4529
2026-09-08,PARAMOUNT COMM LTD            ,PARACABLES,EQ,N,65.61,65.56,69.5,64.85,69.05,69.2,5.2431,4.65,7.0873,5.3234
2026-09-08,PARADEEP PHOSPHATES LTD       ,PARADEEP  ,EQ,N,157.98,158.69,166.5,157.98,159.79,160.1,1.1457,8.52,5.3931,0.6932
2026-09-08,PARAG MILK FOODS LTD.         ,PARAGMILK ,EQ,N,250.25,251.6,256.5,246.3,254.4,255.0,1.6583,10.2,4.0759,1.1129
2026-09-08,PARAS DEF AND SPCE TECH L     ,PARAS     ,EQ,N,1489.4,1496.5,1563.9,1496.0,1504.0,1506.7,0.9803,67.9,4.5589,0.5012
2026-09-08,PARAS PETROFILS LTD.          ,PARASPETRO,EQ,N,2.15,2.17,2.17,2.1,2.13,2.13,-0.9302,0.07,3.2558,-1.8433
2026-09-08,PARK MEDI WORLD LIMITED       ,PARKHOSPS ,EQ,N,286.8,286.9,286.9,281.7,282.25,282.55,-1.5865,5.2,1.8131,-1.6208
2026-09-08,PARKHOTELS                    ,PARKHOTELS,EQ,N,111.21,112.0,114.19,110.71,113.11,113.48,1.7085,3.48,3.1292,0.9911
2026-09-08,PARNAX LAB LTD.               ,PARNAXLAB ,EQ,N,132.99,126.73,129.35,125.15,125.9,125.9,-5.3312,4.2,3.1581,-0.6549
2026-09-08,PASHUPATI COTSPIN LIMITED     ,PASHUPATI ,EQ,N,81.34,82.5,87.0,79.2,81.02,81.5,-0.3934,7.8,9.5894,-1.7939
2026-09-08,PATANJALI FOODS LIMITED       ,PATANJALI ,EQ,N,340.9,342.0,342.8,339.0,342.0,342.0,0.3227,3.8,1.1147,0.0
2026-09-08,PATEL ENGINEERING LTD.        ,PATELENG  ,EQ,N,27.1,27.0,27.22,26.72,26.93,26.94,-0.6273,0.5,1.845,-0.2593
2026-09-08,PATEL RETAIL LIMITED          ,PATELRMART,EQ,N,217.99,217.8,218.79,214.17,215.2,215.18,-1.2799,4.62,2.1194,-1.1938
2026-09-08,PAUSHAK LIMITED               ,PAUSHAKLTD,EQ,N,763.1,767.0,780.95,744.35,770.7,777.5,0.9959,36.6,4.7962,0.4824
2026-09-08,PAVNA INDUSTRIES LIMITED      ,PAVNAIND  ,EQ,N,16.09,16.25,16.68,16.1,16.18,16.13,0.5594,0.58,3.6047,-0.4308
2026-09-08,ONE 97 COMMUNICATIONS LTD     ,PAYTM     ,EQ,N,1664.0,1654.5,1676.7,1636.0,1670.0,1670.0,0.3606,40.7,2.4459,0.9368
2026-09-08,PCBL CHEMICAL LIMITED         ,PCBL      ,EQ,N,317.45,325.0,334.7,321.9,328.8,329.95,3.5754,12.8,4.0321,1.1692
2026-09-08,PC JEWELLER LTD               ,PCJEWELLER,EQ,N,13.93,14.23,14.44,13.18,13.52,13.55,-2.9433,1.26,9.0452,-4.9895
2026-09-08,PUDUMJEE PAPER PRO. LTD       ,PDMJEPAPER,EQ,N,101.43,102.4,104.72,98.1,99.61,100.13,-1.7943,6.62,6.5267,-2.7246
2026-09-08,PDS LIMITED                   ,PDSL      ,EQ,N,349.6,351.15,351.6,344.25,346.2,348.0,-0.9725,7.35,2.1024,-1.4097
2026-09-08,PEARL POLYMERS LTD            ,PEARLPOLY ,EQ,N,15.3,15.69,15.87,15.52,15.64,15.55,2.2222,0.35,2.2876,-0.3187
2026-09-08,PENNAR INDUSTRIES LTD         ,PENIND    ,EQ,N,175.96,176.0,182.5,175.5,180.62,179.1,2.6483,7.0,3.9782,2.625
2026-09-08,PENINSULA LAND LIMITED        ,PENINLAND ,EQ,N,16.17,16.06,16.28,15.3,15.67,15.93,-3.0921,0.98,6.0606,-2.4284
2026-09-08,PERMANENT MAGNETS LTD.        ,PERMAGN   ,EQ,N,872.0,874.8,900.0,856.2,863.1,860.15,-1.0206,43.8,5.0229,-1.3374
2026-09-08,PURPLE STYLE LABS LIMITED     ,PERNIASPOP,EQ,N,568.55,559.95,566.9,540.5,557.3,557.5,-1.9787,26.4,4.6434,-0.4733
2026-09-08,PERSISTENT SYSTEMS LTD        ,PERSISTENT,EQ,N,5540.0,5550.0,5600.0,5491.0,5560.0,5560.0,0.361,109.0,1.9675,0.1802
2026-09-08,PETRONET LNG LIMITED          ,PETRONET  ,EQ,N,290.95,290.95,291.0,285.0,285.8,285.8,-1.7701,6.0,2.0622,-1.7701
2026-09-08,POWER FIN CORP LTD.           ,PFC       ,EQ,N,353.1,352.05,356.5,351.15,355.9,355.9,0.793,5.35,1.5152,1.0936
2026-09-08,PFIZER LTD                    ,PFIZER    ,EQ,N,4596.5,4530.0,4580.8,4300.0,4310.7,4305.0,-6.2178,280.8,6.109,-4.8411
2026-09-08,PRIME FOCUS LIMITED           ,PFOCUS    ,EQ,N,311.75,315.0,324.9,309.3,313.15,312.75,0.4491,15.6,5.004,-0.5873
2026-09-08,PTC INDIA FIN SERV LTD        ,PFS       ,EQ,N,27.39,27.4,27.79,27.11,27.71,27.75,1.1683,0.68,2.4827,1.1314
2026-09-08,PG ELECTROPLAST LTD           ,PGEL      ,EQ,N,559.55,557.85,562.0,551.05,553.7,553.7,-1.0455,10.95,1.9569,-0.7439
2026-09-08,P&G HYGIENE & HEALTH CARE     ,PGHH      ,EQ,N,7634.5,7635.0,7848.0,7562.0,7736.0,7749.0,1.3295,286.0,3.7462,1.3229
2026-09-08,PROCTER & GAMBLE HEALTH L     ,PGHL      ,EQ,N,5667.0,5675.0,5675.0,5585.5,5603.0,5594.0,-1.1293,89.5,1.5793,-1.2687
2026-09-08,PEARL GLOBAL IND LIMITED      ,PGIL      ,EQ,N,2257.2,2285.0,2389.9,2270.1,2366.8,2355.0,4.8556,119.8,5.3075,3.5799
2026-09-08,NIPPONAMC - NETFPHARMA        ,PHARMABEES,EQ,N,27.4,28.08,28.08,27.34,27.66,27.7,0.9489,0.74,2.7007,-1.4957
2026-09-08,THE PHOENIX MILLS LTD         ,PHOENIXLTD,EQ,N,1905.0,1910.7,1915.0,1885.0,1885.0,1885.0,-1.0499,30.0,1.5748,-1.3451
2026-09-08,PHOENIX INTERNATIONAL LTD     ,PHOENXINTL,EQ,N,29.68,30.0,30.8,29.15,29.81,29.81,0.438,1.65,5.5593,-0.6333
2026-09-08,PICCADILY AGRO INDUSTRI L     ,PICCADIL  ,EQ,N,617.95,618.0,623.85,605.1,608.3,609.8,-1.5616,18.75,3.0342,-1.5696
2026-09-08,PIDILITE INDUSTRIES LTD       ,PIDILITIND,EQ,N,1575.0,1579.8,1593.0,1565.0,1593.0,1593.0,1.1429,28.0,1.7778,0.8355
2026-09-08,POWER INSTRUMENT (G) LTD      ,PIGL      ,EQ,N,98.35,98.35,98.58,95.5,96.13,97.8,-2.2572,3.08,3.1317,-2.2572
2026-09-08,PI INDUSTRIES LTD             ,PIIND     ,EQ,N,2430.0,2416.4,2428.4,2390.1,2395.0,2395.0,-1.4403,38.3,1.5761,-0.8856
2026-09-08,PILANI INV & IND COR LTD      ,PILANIINVS,EQ,N,4298.7,4335.9,4369.0,4250.1,4261.7,4293.4,-0.8607,118.9,2.766,-1.7113
2026-09-08,PIL ITALICA LIFESTYLE LTD     ,PILITA    ,EQ,N,7.85,7.85,7.97,7.56,7.75,7.78,-1.2739,0.41,5.2229,-1.2739
2026-09-08,PINE LABS LIMITED             ,PINELABS  ,EQ,N,164.49,163.99,173.94,162.35,169.55,169.97,3.0762,11.59,7.046,3.3905
2026-09-08,PIONEER EMBROIDERIES LTD      ,PIONEEREMB,EQ,N,21.74,21.64,21.89,20.36,21.02,21.0,-3.3119,1.53,7.0377,-2.8651
2026-09-08,PIRAMAL FINANCE LIMITED       ,PIRAMALFIN,EQ,N,2261.0,2285.0,2309.9,2236.6,2298.5,2300.0,1.6586,73.3,3.2419,0.5908
2026-09-08,PITTI ENGINEERING LIMITED     ,PITTIENG  ,EQ,N,1176.2,1199.9,1199.9,1135.6,1171.3,1169.8,-0.4166,64.3,5.4668,-2.3835
2026-09-08,PIX TRANSMISSIONS LIMITED     ,PIXTRANS  ,EQ,N,1754.9,1754.8,1754.8,1710.0,1722.0,1710.6,-1.8748,44.8,2.5529,-1.8692
2026-09-08,THE P K TEA PROD CO LTD       ,PKTEA     ,EQ,N,963.15,999.0,1115.0,963.15,972.75,972.0,0.9967,151.85,15.766,-2.6276
2026-09-08,PLASTIBLENDS INDIA LTD        ,PLASTIBLEN,EQ,N,193.14,196.78,196.78,190.0,191.23,191.0,-0.9889,6.78,3.5104,-2.8204
2026-09-08,PLATINUM INDUSTRIES LTD       ,PLATIND   ,EQ,N,233.73,233.01,235.93,230.3,232.47,230.5,-0.5391,5.63,2.4088,-0.2317
2026-09-08,PLAZA WIRES LIMITED           ,PLAZACABLE,EQ,N,59.05,58.3,59.98,56.1,56.84,56.31,-3.7426,3.88,6.5707,-2.5043
2026-09-08,PAUL MERCHANTS LTD.           ,PML       ,EQ,N,489.75,505.0,505.0,480.05,482.15,480.7,-1.5518,24.95,5.0944,-4.5248
2026-09-08,PUNJAB NATIONAL BANK          ,PNB       ,EQ,N,115.6,115.75,116.68,114.95,116.0,116.0,0.346,1.73,1.4965,0.216
2026-09-08,PNB GILTS LIMITED             ,PNBGILTS  ,EQ,N,81.87,83.0,84.98,80.75,81.26,81.49,-0.7451,4.23,5.1667,-2.0964
2026-09-08,PNB HOUSING FIN LTD.          ,PNBHOUSING,EQ,N,1182.1,1182.0,1185.0,1166.5,1167.1,1167.1,-1.2689,18.5,1.565,-1.2606
2026-09-08,PRITISH NANDY COMMUNICATI     ,PNC       ,EQ,N,16.35,16.3,17.4,16.05,16.66,16.7,1.896,1.35,8.2569,2.2086
2026-09-08,PNC INFRATECH LTD.            ,PNCINFRA  ,EQ,N,181.71,181.9,182.05,175.6,177.06,177.0,-2.559,6.45,3.5496,-2.6608
2026-09-08,P N GADGIL JEWELLERS LTD      ,PNGJL     ,EQ,N,618.95,621.9,632.45,615.0,627.45,627.0,1.3733,17.45,2.8193,0.8924
2026-09-08,PNGS REVA DIAMOND JEWEL L     ,PNGSREVA  ,EQ,N,540.15,540.85,554.7,530.25,546.55,545.0,1.1849,24.45,4.5265,1.0539
2026-09-08,PONDY OXIDES & CHEM LTD       ,POCL      ,EQ,N,467.95,472.4,477.35,466.5,469.45,471.5,0.3205,10.85,2.3186,-0.6245
2026-09-08,PODDAR PIGMENTS LIMITED       ,PODDARMENT,EQ,N,277.85,280.0,333.4,280.0,311.45,313.9,12.0929,53.4,19.219,11.2321
2026-09-08,P O C L ENTERPRISES LTD.      ,POEL      ,EQ,N,145.39,149.5,149.5,143.52,144.12,143.62,-0.8735,5.98,4.1131,-3.5987
2026-09-08,POKARNA LIMITED               ,POKARNA   ,EQ,N,803.0,806.0,814.9,782.0,786.65,790.0,-2.0361,32.9,4.0971,-2.4007
2026-09-08,PB FINTECH LIMITED            ,POLICYBZR ,EQ,N,1792.0,1787.0,1827.9,1775.9,1826.0,1826.0,1.8973,52.0,2.9018,2.1824
2026-09-08,POLYCAB INDIA LIMITED         ,POLYCAB   ,EQ,N,8261.0,8301.0,8433.0,8301.0,8373.5,8373.5,1.3618,132.0,1.5979,0.8734
2026-09-08,POLY MEDICURE LIMITED         ,POLYMED   ,EQ,N,1701.1,1700.3,1751.0,1682.3,1730.1,1728.3,1.7048,68.7,4.0386,1.7526
2026-09-08,POLYPLEX CORPORATION LTD      ,POLYPLEX  ,EQ,N,1180.0,1175.0,1177.6,1141.5,1149.6,1146.0,-2.5763,36.1,3.0593,-2.1617
2026-09-08,POLYSPIN EXPORTS LTD.         ,POLYSPIN  ,EQ,N,29.42,29.28,29.28,28.99,29.0,29.0,-1.4276,0.29,0.9857,-0.9563
2026-09-08,PONNIE SUGARS (ERODE) LTD     ,PONNIERODE,EQ,N,386.85,387.95,387.95,376.0,378.55,377.0,-2.1455,11.95,3.0891,-2.423
2026-09-08,POONAWALLA FINCORP LTD        ,POONAWALLA,EQ,N,459.15,460.0,460.0,452.35,455.25,454.5,-0.8494,7.65,1.6661,-1.0326
2026-09-08,POWER GRID CORP. LTD.         ,POWERGRID ,EQ,N,266.45,265.65,267.25,263.0,265.75,265.75,-0.2627,4.25,1.595,0.0376
2026-09-08,POWERICA LIMITED              ,POWERICA  ,EQ,N,512.1,512.1,533.1,509.0,530.7,530.0,3.6321,24.1,4.7061,3.6321
2026-09-08,HITACHI ENERGY INDIA LTD      ,POWERINDIA,EQ,N,31775.0,31500.0,31570.0,30550.0,31135.0,31135.0,-2.0142,1020.0,3.2101,-1.1587
2026-09-08,POWER MECH PROJECTS LTD.      ,POWERMECH ,EQ,N,2359.8,2359.8,2443.4,2351.0,2415.1,2429.0,2.3434,92.4,3.9156,2.3434
2026-09-08,PIRAMAL PHARMA LIMITED        ,PPLPHARMA ,EQ,N,219.66,220.65,231.93,220.37,226.62,226.0,3.1685,11.56,5.2627,2.7056
2026-09-08,PRABHA ENERGY LIMITED         ,PRABHA    ,EQ,N,243.39,244.8,260.0,244.05,253.55,253.0,4.1744,15.95,6.5533,3.5743
2026-09-08,PRAJAY ENG. SYN. LTD.         ,PRAENG    ,EQ,N,24.25,24.74,24.74,22.5,22.69,22.7,-6.433,2.24,9.2371,-8.2862
2026-09-08,PRAJ INDUSTRIES LTD           ,PRAJIND   ,EQ,N,336.55,336.5,340.0,334.0,338.85,340.0,0.6834,6.0,1.7828,0.6984
2026-09-08,PRAKASH INDUSTRIES LTD        ,PRAKASH   ,EQ,N,125.08,125.99,129.89,125.11,127.3,127.9,1.7749,4.78,3.8216,1.0398
2026-09-08,PRAKASH STEELAGE LTD          ,PRAKASHSTL,EQ,N,3.75,3.83,3.94,3.68,3.75,3.79,0.0,0.26,6.9333,-2.0888
2026-09-08,PRAVEG LTD.                   ,PRAVEG    ,EQ,N,264.55,264.55,279.0,259.2,270.75,272.0,2.3436,19.8,7.4844,2.3436
2026-09-08,PRAXIS HOME RETAIL LTD        ,PRAXIS    ,EQ,N,4.66,4.74,4.84,4.65,4.69,4.68,0.6438,0.19,4.0773,-1.0549
2026-09-08,PRECISION CAMSHAFTS LTD.      ,PRECAM    ,EQ,N,123.98,123.96,124.39,121.1,121.71,121.9,-1.8309,3.29,2.6537,-1.8151
2026-09-08,PRECOT LIMITED                ,PRECOT    ,EQ,N,693.9,693.0,702.45,676.05,682.9,678.25,-1.5852,26.4,3.8046,-1.4574
2026-09-08,PRECISION WIRES INDIA LTD     ,PRECWIRE  ,EQ,N,460.95,462.0,489.6,460.95,480.2,480.15,4.1762,28.65,6.2154,3.9394
2026-09-08,PREMCO GLOBAL LTD.            ,PREMCO    ,EQ,N,391.95,391.95,392.9,385.1,392.0,392.0,0.0128,7.8,1.99,0.0128
2026-09-08,PREMIER EXPLOSIVES LTD        ,PREMEXPLN ,EQ,N,663.25,663.1,678.8,663.1,677.7,678.35,2.1787,15.7,2.3671,2.2018
2026-09-08,PREMIER ENERGIES LIMITED      ,PREMIERENE,EQ,N,990.0,990.0,998.0,982.3,988.8,988.8,-0.1212,15.7,1.5859,-0.1212
2026-09-08,PREMIER POLYFILM LTD          ,PREMIERPOL,EQ,N,91.45,90.9,92.89,89.9,90.56,91.52,-0.9732,2.99,3.2695,-0.374
2026-09-08,PRESTIGE ESTATE LTD           ,PRESTIGE  ,EQ,N,1550.0,1549.1,1566.0,1532.0,1561.6,1561.6,0.7484,34.0,2.1935,0.8069
2026-09-08,PRICOL LIMITED                ,PRICOLLTD ,EQ,N,779.35,782.0,782.2,755.05,758.6,760.0,-2.6625,27.15,3.4837,-2.9923
2026-09-08,PRIME SECURITIES LIMITED      ,PRIMESECU ,EQ,N,278.9,278.15,286.2,276.35,279.45,276.35,0.1972,9.85,3.5317,0.4674
2026-09-08,PRIMO CHEMICALS LIMITED       ,PRIMO     ,EQ,N,20.87,20.88,21.14,19.26,20.41,20.63,-2.2041,1.88,9.0081,-2.251
2026-09-08,PRINCE PIPES FITTINGS LTD     ,PRINCEPIPE,EQ,N,283.95,284.0,290.0,278.05,285.75,285.0,0.6339,11.95,4.2085,0.6162
2026-09-08,PRISMX GLOBAL VENTURES L      ,PRISMX    ,EQ,N,0.54,0.54,0.57,0.54,0.55,0.57,1.8519,0.03,5.5556,1.8519
2026-09-08,PRIVI SPECIALITY CHE LTD      ,PRIVISCL  ,EQ,N,3382.6,3382.6,3497.0,3352.5,3469.6,3460.0,2.572,144.5,4.2719,2.572
2026-09-08,PROSTARM INFO SYSTEMS LTD     ,PROSTARM  ,EQ,N,138.86,138.8,139.03,135.0,135.23,135.6,-2.6141,4.03,2.9022,-2.572
2026-09-08,PROTEAN EGOV TECHNO LTD       ,PROTEAN   ,EQ,N,515.4,513.0,514.85,498.0,499.65,499.15,-3.0559,16.85,3.2693,-2.6023
2026-09-08,PROZONE REALTY LIMITED        ,PROZONER  ,EQ,N,48.01,48.0,49.4,47.5,48.92,48.99,1.8954,1.9,3.9575,1.9167
2026-09-08,PRISM JOHNSON LIMITED         ,PRSMJOHNSN,EQ,N,112.21,112.1,113.99,111.35,112.27,112.5,0.0535,2.64,2.3527,0.1517
2026-09-08,PRUDENT CORP ADV SER LTD      ,PRUDENT   ,EQ,N,3367.7,3367.7,3390.0,3255.1,3277.5,3275.2,-2.6784,134.9,4.0057,-2.6784
2026-09-08,PUNJAB & SIND BANK            ,PSB       ,EQ,N,22.98,22.9,23.01,22.77,22.86,22.86,-0.5222,0.24,1.0444,-0.1747
2026-09-08,PSP PROJECTS LIMITED          ,PSPPROJECT,EQ,N,869.05,870.0,886.45,858.85,875.4,873.5,0.7307,27.6,3.1759,0.6207
2026-09-08,KOTAK PSU BANK                ,PSUBANK   ,EQ,N,84.42,84.43,84.99,83.9,84.22,84.24,-0.2369,1.09,1.2912,-0.2487
2026-09-08,DSPAMC - DSPPSBKETF           ,PSUBANKADD,EQ,N,85.39,85.06,85.4,84.9,85.12,85.25,-0.3162,0.5,0.5855,0.0705
2026-09-08,NIP IND ETF PSU BANK BEES     ,PSUBNKBEES,EQ,N,94.21,95.6,95.6,93.71,93.97,93.98,-0.2548,1.89,2.0062,-1.705
2026-09-08,ICICIPRAMC - PSUBANKICI       ,PSUBNKIETF,EQ,N,85.42,85.65,85.67,85.0,85.1,85.2,-0.3746,0.67,0.7844,-0.6421
2026-09-08,PTC INDIA LIMITED             ,PTC       ,EQ,N,154.78,155.36,155.45,153.33,154.2,154.35,-0.3747,2.12,1.3697,-0.7467
2026-09-08,PTC INDUSTRIES LIMITED        ,PTCIL     ,EQ,N,23755.0,23760.0,24085.0,23625.0,23730.0,23750.0,-0.1052,460.0,1.9364,-0.1263
2026-09-08,PTL ENTERPRISES LTD           ,PTL       ,EQ,N,38.69,38.82,38.93,38.11,38.43,38.4,-0.672,0.82,2.1194,-1.0046
2026-09-08,PUNJAB CHEM & CROP PROT L     ,PUNJABCHEM,EQ,N,1098.4,1090.0,1105.8,1081.5,1094.9,1105.0,-0.3186,24.3,2.2123,0.4495
2026-09-08,PURAVANKARA LIMITED           ,PURVA     ,EQ,N,223.02,223.02,223.02,214.8,216.39,216.9,-2.9728,8.22,3.6858,-2.9728
2026-09-08,PVP VENTURES LIMITED          ,PVP       ,EQ,N,65.16,63.37,67.22,62.51,64.07,64.1,-1.6728,4.71,7.2284,1.1046
2026-09-08,PVR INOX LIMITED              ,PVRINOX   ,EQ,N,1156.5,1161.5,1243.0,1153.6,1231.3,1223.2,6.4678,89.4,7.7302,6.0095
2026-09-08,POPULAR VEHICLES N SER L      ,PVSL      ,EQ,N,100.54,100.54,103.93,99.52,101.63,101.99,1.0841,4.41,4.3863,1.0841
2026-09-08,ICICIPRAMC - ICICIBANKP       ,PVTBANIETF,EQ,N,28.02,27.92,28.0,27.75,27.8,27.89,-0.7852,0.25,0.8922,-0.4298
2026-09-08,KOTAKMAMC - PVTBANK           ,PVTBANK   ,EQ,N,27.87,27.68,27.74,27.6,27.62,27.7,-0.897,0.14,0.5023,-0.2168
2026-09-08,DSPAMC - DSPPVBKETF           ,PVTBANKADD,EQ,N,28.24,28.21,28.21,27.8,27.93,28.03,-1.0977,0.41,1.4518,-0.9926
2026-09-08,GROWWAMC - PVTBKGROWW         ,PVTBKGROWW,EQ,N,27.9,28.19,28.19,27.55,27.7,27.73,-0.7168,0.64,2.2939,-1.7382
2026-09-08,PHYSICSWALLAH LIMITED         ,PWL       ,EQ,N,129.67,129.67,129.67,126.16,126.63,126.42,-2.3444,3.51,2.7069,-2.3444
2026-09-08,PYRAMID TECHNOPLAST LTD       ,PYRAMID   ,EQ,N,151.3,151.64,153.6,151.0,151.67,151.2,0.2445,2.6,1.7184,0.0198
2026-09-08,QUANTUM GOLD ETF              ,QGOLDHALF ,EQ,N,125.79,126.0,127.47,125.79,126.09,126.1,0.2385,1.68,1.3356,0.0714
2026-09-08,QUANTUM NIFTY 50 ETF          ,QNIFTY    ,EQ,N,262.18,267.0,267.0,258.51,261.76,261.0,-0.1602,8.49,3.2382,-1.9625
2026-09-08,QUALITY POWER ELEC EQUP L     ,QPOWER    ,EQ,N,1482.5,1500.0,1525.0,1450.1,1519.7,1525.0,2.5093,74.9,5.0523,1.3133
2026-09-08,QUADRANT FUTURE TEK LTD       ,QUADFUTURE,EQ,N,415.65,418.9,444.0,415.0,441.0,442.4,6.0989,29.0,6.977,5.2757
2026-09-08,ICICIPRAMC - ICICIQTY30       ,QUAL30IETF,EQ,N,20.82,20.76,21.0,20.76,20.9,20.85,0.3842,0.24,1.1527,0.6744
2026-09-08,KOTAKMAMC - QUALITY30         ,QUALITY30 ,EQ,N,20.49,20.36,20.57,20.36,20.47,20.42,-0.0976,0.21,1.0249,0.5403
2026-09-08,QUESS CORP LIMITED            ,QUESS     ,EQ,N,339.6,340.0,347.9,324.0,337.5,337.05,-0.6184,23.9,7.0377,-0.7353
2026-09-08,QUICK HEAL TECH LTD           ,QUICKHEAL ,EQ,N,153.16,154.49,161.0,152.8,153.44,153.0,0.1828,8.2,5.3539,-0.6797
2026-09-08,QUINT DIGITAL LTD.            ,QUINT     ,EQ,N,39.3,39.01,41.0,39.01,39.85,40.29,1.3995,1.99,5.0636,2.1533
2026-09-08,RACE ECO CHAIN LIMITED        ,RACE      ,EQ,N,99.92,101.92,101.92,96.25,97.5,98.0,-2.4219,5.67,5.6745,-4.3367
2026-09-08,RACL GEARTECH LIMITED         ,RACLGEAR  ,EQ,N,1573.7,1575.0,1580.8,1527.2,1540.2,1547.8,-2.1287,53.6,3.406,-2.2095
2026-09-08,RADAAN MEDIAWORKS (I) LTD     ,RADAAN    ,EQ,N,3.0,3.0,3.03,2.92,2.98,2.97,-0.6667,0.11,3.6667,-0.6667
2026-09-08,RADHIKA JEWELTECH LIMITED     ,RADHIKAJWE,EQ,N,94.28,94.21,97.5,86.37,87.96,88.0,-6.7034,11.13,11.8053,-6.6341
2026-09-08,RADIANT CASH MGMT SER LTD     ,RADIANTCMS,EQ,N,42.72,43.0,43.39,41.03,41.24,41.3,-3.4644,2.36,5.5243,-4.093
2026-09-08,RADICO KHAITAN LTD            ,RADICO    ,EQ,N,4444.0,4450.1,4497.6,4424.0,4485.0,4485.0,0.9226,73.6,1.6562,0.7843
2026-09-08,MUSIC BROADCAST LIMITED       ,RADIOCITY ,EQ,N,6.23,6.25,6.25,6.0,6.11,6.17,-1.9262,0.25,4.0128,-2.24
2026-09-08,RAILTEL CORP OF IND LTD       ,RAILTEL   ,EQ,N,270.05,270.0,271.0,264.75,266.3,267.55,-1.3886,6.25,2.3144,-1.3704
2026-09-08,RAIN INDUSTRIES LIMITED       ,RAIN      ,EQ,N,211.38,212.9,222.35,212.42,217.81,218.0,3.0419,9.93,4.6977,2.3062
2026-09-08,RAINBOW CHILDRENS MED LTD     ,RAINBOW   ,EQ,N,1469.9,1469.9,1479.0,1444.7,1449.9,1450.0,-1.3606,34.3,2.3335,-1.3606
2026-09-08,RAJNANDINI METAL LIMITED      ,RAJMET    ,EQ,N,3.15,3.16,3.3,3.1,3.25,3.29,3.1746,0.2,6.3492,2.8481
2026-09-08,RAJAPALAYAM MILLS LTD.        ,RAJPALAYAM,EQ,N,775.65,779.5,786.0,770.4,785.0,785.0,1.2054,15.6,2.0112,0.7056
2026-09-08,RAJRATAN GLOBAL WIRE LTD      ,RAJRATAN  ,EQ,N,488.8,491.7,499.8,486.3,496.8,499.8,1.6367,13.5,2.7619,1.0372
2026-09-08,RAJSHREE SUGAR & CHEMICAL     ,RAJSREESUG,EQ,N,35.68,35.5,36.3,35.03,35.49,35.51,-0.5325,1.27,3.5594,-0.0282
2026-09-08,RAJ TV NETWORK LTD            ,RAJTV     ,EQ,N,8.47,8.83,8.84,8.36,8.64,8.69,2.0071,0.48,5.6671,-2.1518
2026-09-08,RALLIS INDIA LTD              ,RALLIS    ,EQ,N,206.15,206.2,206.91,204.68,205.29,204.7,-0.4172,2.23,1.0817,-0.4413
2026-09-08,SHREE RAMA NEWSPRINT LTD      ,RAMANEWS  ,EQ,N,32.64,32.89,34.3,32.66,33.74,33.7,3.3701,1.64,5.0245,2.5844
2026-09-08,RAMA PHOSPHATES LIMITED       ,RAMAPHO   ,EQ,N,124.2,125.88,125.88,124.0,124.74,125.6,0.4348,1.88,1.5137,-0.9056
2026-09-08,ADVIT JEWELS LIMITED          ,RAMBHAJO  ,EQ,N,276.32,273.01,283.95,266.94,275.04,274.0,-0.4632,17.01,6.1559,0.7436
2026-09-08,THE RAMCO CEMENTS LIMITED     ,RAMCOCEM  ,EQ,N,871.5,876.0,881.9,865.0,871.45,870.6,-0.0057,16.9,1.9392,-0.5194
2026-09-08,RAMCO INDUSTRIES LIMITED      ,RAMCOIND  ,EQ,N,323.05,322.0,324.35,318.75,321.5,320.0,-0.4798,5.6,1.7335,-0.1553
2026-09-08,RAMCO SYSTEMS LTD.            ,RAMCOSYS  ,EQ,N,604.35,605.0,616.0,589.75,609.15,612.5,0.7942,26.25,4.3435,0.686
2026-09-08,RAMKY INFRA LTD               ,RAMKY     ,EQ,N,339.6,337.15,340.65,335.2,337.6,338.8,-0.5889,5.45,1.6048,0.1335
2026-09-08,RAM RATNA WIRES LIMITED       ,RAMRAT    ,EQ,N,527.2,527.65,536.9,509.1,531.25,530.0,0.7682,27.8,5.2731,0.6823
2026-09-08,RANA SUGARS LTD.              ,RANASUG   ,EQ,N,14.99,15.1,15.15,14.9,14.9,14.94,-0.6004,0.25,1.6678,-1.3245
2026-09-08,RANE HOLDINGS LIMITED         ,RANEHOLDIN,EQ,N,1673.0,1669.8,1738.0,1657.8,1691.8,1675.5,1.1237,80.2,4.7938,1.3175
2026-09-08,RATEGAIN TRAVEL TECHN LTD     ,RATEGAIN  ,EQ,N,856.5,858.4,871.0,847.0,862.7,862.25,0.7239,24.0,2.8021,0.5009
2026-09-08,RATNAMANI MET & TUB LTD.      ,RATNAMANI ,EQ,N,2658.5,2680.0,2819.0,2640.0,2803.8,2815.0,5.4655,179.0,6.7331,4.6194
2026-09-08,RATNAVEER PRECISION ENG L     ,RATNAVEER ,EQ,N,306.45,309.35,309.35,295.05,297.8,297.9,-2.8226,14.3,4.6663,-3.7336
2026-09-08,RAYMOND LTD                   ,RAYMOND   ,EQ,N,772.4,775.0,869.0,775.0,857.8,856.85,11.0564,94.0,12.1699,10.6839
2026-09-08,RAYMOND LIFESTYLE LIMITED     ,RAYMONDLSL,EQ,N,672.9,672.0,727.7,667.85,696.85,697.0,3.5592,59.85,8.8943,3.6979
2026-09-08,RAYMOND REALTY LIMITED        ,RAYMONDREL,EQ,N,553.7,554.3,592.2,549.3,582.5,583.5,5.2014,42.9,7.7479,5.0875
2026-09-08,RESTAURANT BRAND ASIA LTD     ,RBA       ,EQ,N,96.41,96.41,96.83,95.01,95.54,95.7,-0.9024,1.82,1.8878,-0.9024
2026-09-08,RBL BANK LIMITED              ,RBLBANK   ,EQ,N,415.0,413.0,419.1,413.0,418.5,418.5,0.8434,6.1,1.4699,1.3317
2026-09-08,RASHTRIYA CHEMICALS & FER     ,RCF       ,EQ,N,113.92,113.9,115.74,113.25,113.73,113.9,-0.1668,2.49,2.1857,-0.1493
2026-09-08,REC LIMITED                   ,RECLTD    ,EQ,N,316.4,316.8,318.0,314.0,317.85,317.85,0.4583,4.0,1.2642,0.3314
2026-09-08,REDINGTON LIMITED             ,REDINGTON ,EQ,N,378.2,379.0,379.9,369.6,373.55,374.0,-1.2295,10.3,2.7234,-1.438
2026-09-08,REDTAPE LIMITED               ,REDTAPE   ,EQ,N,118.81,118.9,118.9,115.0,115.58,115.8,-2.7186,3.9,3.2826,-2.7923
2026-09-08,REFEX INDUSTRIES LIMITED      ,REFEX     ,EQ,N,277.15,278.0,278.8,275.0,275.85,275.1,-0.4691,3.8,1.3711,-0.7734
2026-09-08,REGAAL RESOURCES LIMITED      ,REGAAL    ,EQ,N,88.16,87.17,88.69,87.0,87.3,87.05,-0.9755,1.69,1.917,0.1491
2026-09-08,REGENCY CERAMICS LTD.         ,REGENCERAM,EQ,N,35.0,34.46,36.8,34.1,34.23,34.14,-2.2,2.7,7.7143,-0.6674
2026-09-08,RELAXO FOOT LTD.              ,RELAXO    ,EQ,N,338.05,338.0,341.9,331.15,333.7,335.0,-1.2868,10.75,3.18,-1.2722
2026-09-08,RELIANCE CHEMOTEX IND LTD     ,RELCHEMQ  ,EQ,N,113.33,112.25,116.99,112.25,114.09,113.5,0.6706,4.74,4.1825,1.6392
2026-09-08,RELIABLE DATA SERVICE LTD     ,RELIABLE  ,EQ,N,138.12,140.16,142.0,134.93,140.67,140.85,1.8462,7.07,5.1187,0.3639
2026-09-08,RELIANCE INDUSTRIES LTD       ,RELIANCE  ,EQ,N,1309.5,1304.1,1306.8,1288.0,1294.9,1294.9,-1.1149,18.8,1.4357,-0.7055
2026-09-08,RELIGARE ENTER. LTD.          ,RELIGARE  ,EQ,N,255.45,253.51,256.54,252.4,254.61,255.04,-0.3288,4.14,1.6207,0.4339
2026-09-08,RAVINDRA ENERGY LIMITED       ,RELTD     ,EQ,N,159.21,158.39,160.58,154.26,155.39,154.35,-2.3993,6.32,3.9696,-1.8941
2026-09-08,REMSONS INDUSTRIES LTD        ,REMSONSIND,EQ,N,97.86,98.68,102.0,96.25,97.26,97.22,-0.6131,5.75,5.8757,-1.439
2026-09-08,SHREE RENUKA SUGARS LTD       ,RENUKA    ,EQ,N,25.15,25.15,25.73,24.97,25.19,25.23,0.159,0.76,3.0219,0.159
2026-09-08,REPCO HOME FINANCE LTD        ,REPCOHOME ,EQ,N,358.75,356.8,365.95,356.8,361.35,360.95,0.7247,9.15,2.5505,1.2752
2026-09-08,REPRO INDIA LIMITED           ,REPRO     ,EQ,N,324.25,325.1,326.3,318.0,319.4,319.3,-1.4958,8.3,2.5598,-1.7533
2026-09-08,RESPONSIVE INDUSTRIES LTD     ,RESPONIND ,EQ,N,148.15,147.0,149.45,142.98,148.23,148.2,0.054,6.47,4.3672,0.8367
2026-09-08,JHS SVENDGAARD RETAIL V L     ,RETAIL    ,EQ,N,16.59,16.13,17.75,16.13,17.23,17.29,3.8577,1.62,9.7649,6.8196
2026-09-08,RENAISSANCE GLOBAL LTD        ,RGL       ,EQ,N,153.1,151.61,153.09,146.1,150.0,149.5,-2.0248,6.99,4.5656,-1.0619
2026-09-08,RHETAN TMT LIMITED            ,RHETAN    ,EQ,N,26.68,28.01,28.01,28.0,28.0,28.01,4.9475,0.01,0.0375,-0.0357
2026-09-08,RHI MAGNESITA INDIA LTD       ,RHIM      ,EQ,N,373.8,372.0,373.5,369.25,371.7,371.9,-0.5618,4.25,1.137,-0.0806
2026-09-08,ROBUST HOTELS LIMITED         ,RHL       ,EQ,N,166.16,166.16,169.7,166.0,166.66,166.66,0.3009,3.7,2.2268,0.3009
2026-09-08,RICO AUTO INDUSTRIES LTD      ,RICOAUTO  ,EQ,N,135.47,135.6,136.25,131.28,132.38,132.3,-2.2809,4.97,3.6687,-2.3746
2026-09-08,RELIANCE INDUSTRIAL INFRA     ,RIIL      ,EQ,N,732.4,732.95,739.45,727.2,729.7,732.0,-0.3687,12.25,1.6726,-0.4434
2026-09-08,RIR POWER ELECTRONICS L       ,RIR       ,EQ,N,191.95,191.16,193.01,179.07,183.84,183.0,-4.2251,13.94,7.2623,-3.8293
2026-09-08,RISHABH INSTRUMENTS LTD       ,RISHABH   ,EQ,N,809.95,803.9,822.8,800.05,808.3,810.0,-0.2037,22.75,2.8088,0.5473
2026-09-08,RITCO LOGISTICS LIMITED       ,RITCO     ,EQ,N,319.8,319.8,328.15,315.4,318.45,318.05,-0.4221,12.75,3.9869,-0.4221
2026-09-08,RITES LIMITED                 ,RITES     ,EQ,N,215.8,215.0,215.8,212.75,212.97,213.14,-1.3114,3.05,1.4133,-0.9442
2026-09-08,RAVI KUMAR DIST. LTD.         ,RKDL      ,EQ,N,18.25,18.78,18.78,18.28,18.36,18.36,0.6027,0.5,2.7397,-2.2364
2026-09-08,RKEC PROJECTS LIMITED         ,RKEC      ,EQ,N,20.3,20.88,20.88,19.55,20.45,19.96,0.7389,1.33,6.5517,-2.0594
2026-09-08,RAMKRISHNA FORGINGS LTD       ,RKFORGE   ,EQ,N,706.25,706.25,709.8,695.1,701.3,701.3,-0.7009,14.7,2.0814,-0.7009
2026-09-08,R K SWAMY LIMITED             ,RKSWAMY   ,EQ,N,93.66,93.57,96.0,93.21,94.34,95.96,0.726,2.79,2.9789,0.8229
2026-09-08,RMC SWITCHGEARS LIMITED       ,RMC       ,EQ,N,233.31,233.55,239.7,224.1,226.19,226.81,-3.0517,15.6,6.6864,-3.1514
2026-09-08,RANE (MADRAS) LIMITED         ,RML       ,EQ,N,1388.2,1351.0,1423.5,1350.9,1390.0,1395.0,0.1297,72.6,5.2298,2.8868
2026-09-08,ROYAL ORCHID HOTELS LTD       ,ROHLTD    ,EQ,N,303.9,307.0,310.0,298.0,308.0,309.0,1.3491,12.0,3.9487,0.3257
2026-09-08,ROLEX RINGS LIMITED           ,ROLEXRINGS,EQ,N,175.67,177.0,178.0,174.05,175.52,175.0,-0.0854,3.95,2.2485,-0.8362
2026-09-08,RAJ OIL MILLS LIMITED         ,ROML      ,EQ,N,43.01,42.5,43.6,42.0,42.26,42.35,-1.7438,1.6,3.7201,-0.5647
2026-09-08,ROSSARI BIOTECH LIMITED       ,ROSSARI   ,EQ,N,458.5,458.55,458.95,453.5,454.6,454.95,-0.8506,5.45,1.1887,-0.8614
2026-09-08,ROSSELL INDIA LIMITED         ,ROSSELLIND,EQ,N,56.92,56.93,57.6,56.15,56.51,56.65,-0.7203,1.45,2.5474,-0.7377
2026-09-08,ROSSELL TECHSYS LIMITED       ,ROSSTECH  ,EQ,N,1148.2,1160.0,1228.7,1151.0,1218.0,1213.7,6.0791,77.7,6.7671,5.0
2026-09-08,ROTO PUMPS LIMITED            ,ROTO      ,EQ,N,63.59,63.8,67.45,63.19,65.44,65.58,2.9093,4.26,6.6992,2.5705
2026-09-08,ROUTE MOBILE LIMITED          ,ROUTE     ,EQ,N,512.05,512.05,512.1,500.55,502.55,502.1,-1.8553,11.55,2.2556,-1.8553
2026-09-08,RAGHAV PRODUCTIVITY ENH L     ,RPEL      ,EQ,N,1681.2,1689.0,1719.0,1679.1,1692.6,1692.3,0.6781,39.9,2.3733,0.2131
2026-09-08,RPG LIFE SCIENCES LTD         ,RPGLIFE   ,EQ,N,2673.4,2673.0,2870.0,2642.1,2802.6,2870.0,4.8328,227.9,8.5247,4.8485
2026-09-08,RELIANCE POWER LTD.           ,RPOWER    ,EQ,N,21.94,22.02,22.04,21.57,21.71,21.71,-1.0483,0.47,2.1422,-1.4078
2026-09-08,R.P.P INFRA PROJECTS LTD      ,RPPINFRA  ,EQ,N,54.28,54.2,55.86,53.5,53.68,53.5,-1.1054,2.36,4.3478,-0.9594
2026-09-08,RPSG VENTURES LIMITED         ,RPSGVENT  ,EQ,N,816.5,803.4,825.95,803.4,819.05,817.0,0.3123,22.55,2.7618,1.948
2026-09-08,RASHI PERIPHERALS LIMITED     ,RPTECH    ,EQ,N,853.4,854.95,864.8,791.45,817.95,814.75,-4.154,73.35,8.595,-4.3277
2026-09-08,RDB REAL ESTATE CONS L        ,RRECL     ,EQ,N,132.27,132.27,133.0,127.05,130.01,132.1,-1.7086,5.95,4.4984,-1.7086
2026-09-08,R R I L LTD.                  ,RRIL      ,EQ,N,16.54,16.79,17.29,15.61,16.12,16.2,-2.5393,1.68,10.1572,-3.9905
2026-09-08,R R KABEL LIMITED             ,RRKABEL   ,EQ,N,2387.1,2388.1,2468.0,2388.1,2448.5,2450.0,2.5722,79.9,3.3472,2.5292
2026-09-08,RAJPUTANA STAINLESS LTD       ,RSL       ,EQ,N,186.05,187.69,192.0,186.05,190.21,191.0,2.236,5.95,3.1981,1.3426
2026-09-08,R. S. SOFTWARE (INDIA) LI     ,RSSOFTWARE,EQ,N,29.59,29.59,29.93,29.0,29.09,29.68,-1.6898,0.93,3.143,-1.6898
2026-09-08,R SYS INTERNATIONAL LTD       ,RSYSTEMS  ,EQ,N,250.72,251.44,251.44,245.0,245.89,245.3,-1.9265,6.44,2.5686,-2.2073
2026-09-08,RATTANINDIA ENT LIMITED       ,RTNINDIA  ,EQ,N,28.14,28.14,28.3,27.62,28.05,28.13,-0.3198,0.68,2.4165,-0.3198
2026-09-08,RATTANINDIA POWER LIMITED     ,RTNPOWER  ,EQ,N,7.32,7.3,7.31,7.22,7.28,7.28,-0.5464,0.09,1.2295,-0.274
2026-09-08,R T S POWER CORPN. LTD.       ,RTSPOWR   ,EQ,N,89.68,93.0,93.0,87.31,88.17,90.99,-1.6838,5.69,6.3448,-5.1935
2026-09-08,RUBFILA INTERNATIONAL LTD     ,RUBFILA   ,EQ,N,70.96,70.96,71.39,69.53,70.18,70.0,-1.0992,1.86,2.6212,-1.0992
2026-09-08,RUBICON RESEARCH LIMITED      ,RUBICON   ,EQ,N,1748.4,1751.0,1870.0,1741.9,1860.6,1856.0,6.4173,128.1,7.3267,6.2593
2026-09-08,THE RUBY MILLS LTD            ,RUBYMILLS ,EQ,N,457.0,447.7,458.8,439.55,450.3,458.8,-1.4661,19.25,4.2123,0.5807
2026-09-08,RUCHI INFRASTRUCTURE LTD      ,RUCHINFRA ,EQ,N,5.62,5.71,5.76,5.55,5.63,5.63,0.1779,0.21,3.7367,-1.4011
2026-09-08,RUCHIRA PAPERS LIMITED        ,RUCHIRA   ,EQ,N,107.88,108.0,113.97,108.0,112.17,112.58,3.9766,5.97,5.5339,3.8611
2026-09-08,RUDRA GLOBAL INFRA PROD L     ,RUDRA     ,EQ,N,20.04,20.04,20.78,19.55,19.77,19.57,-1.3473,1.23,6.1377,-1.3473
2026-09-08,RUPA & COMPANY LTD            ,RUPA      ,EQ,N,142.92,142.92,143.0,141.05,142.18,141.56,-0.5178,1.95,1.3644,-0.5178
2026-09-08,RUSHIL DECOR LIMITED          ,RUSHIL    ,EQ,N,16.04,16.0,16.34,15.67,16.07,16.1,0.187,0.67,4.1771,0.4375
2026-09-08,KEYSTONE REALTORS LIMITED     ,RUSTOMJEE ,EQ,N,366.9,367.0,369.0,351.05,357.55,358.9,-2.5484,17.95,4.8923,-2.5749
2026-09-08,RAVINDER HEIGHTS LIMITED      ,RVHL      ,EQ,N,40.2,40.8,40.8,39.6,39.99,39.9,-0.5224,1.2,2.9851,-1.9853
2026-09-08,RAIL VIKAS NIGAM LIMITED      ,RVNL      ,EQ,N,210.05,210.05,211.3,207.0,207.5,207.5,-1.214,4.3,2.0471,-1.214
2026-09-08,REVATHI EQUIPMENT INDIA L     ,RVTH      ,EQ,N,717.5,713.95,779.0,713.0,752.45,758.0,4.8711,66.0,9.1986,5.3925
2026-09-08,S&S POWER SWITCHGEARS LTD     ,S&SPOWER  ,EQ,N,334.0,339.4,350.7,330.4,350.7,350.7,5.0,20.3,6.0778,3.3294
2026-09-08,SAATVIK GREEN ENERGY LTD      ,SAATVIKGL ,EQ,N,421.0,416.6,421.95,412.2,415.95,420.0,-1.1995,9.75,2.3159,-0.156
2026-09-08,S A B INDUSTRIES LTD.         ,SAB       ,EQ,N,192.6,192.6,192.6,183.0,192.5,192.5,-0.0519,9.6,4.9844,-0.0519
2026-09-08,SADBHAV ENGINEERING LTD       ,SADBHAV   ,EQ,N,8.02,8.03,8.07,7.85,7.99,7.96,-0.3741,0.22,2.7431,-0.4981
2026-09-08,SAFARI IND (INDIA) LTD        ,SAFARI    ,EQ,N,1537.8,1530.0,1540.9,1510.4,1533.7,1530.0,-0.2666,30.5,1.9834,0.2418
2026-09-08,SAGARDEEP ALLOYS LIMITED      ,SAGARDEEP ,EQ,N,23.64,24.8,24.8,23.4,23.98,24.0,1.4382,1.4,5.9222,-3.3065
2026-09-08,SAGAR CEMENTS LIMITED         ,SAGCEM    ,EQ,N,153.64,153.64,155.5,151.1,151.82,151.5,-1.1846,4.4,2.8638,-1.1846
2026-09-08,SAGILITY LIMITED              ,SAGILITY  ,EQ,N,45.95,45.9,46.05,45.19,45.7,45.7,-0.5441,0.86,1.8716,-0.4357
2026-09-08,SHALIBHADRA FINANCE LTD       ,SAHLIBHFI ,EQ,N,86.54,86.54,88.48,84.0,84.95,85.0,-1.8373,4.48,5.1768,-1.8373
2026-09-08,SAHYADRI INDUSTRIES LTD       ,SAHYADRI  ,EQ,N,394.55,391.3,395.0,373.05,385.0,383.4,-2.4205,21.95,5.5633,-1.61
2026-09-08,SAI CAPITAL LTD.              ,SAICAPI   ,EQ,N,141.6,142.0,155.0,142.0,151.11,151.6,6.7161,13.0,9.1808,6.4155
2026-09-08,STEEL AUTHORITY OF INDIA      ,SAIL      ,EQ,N,187.9,188.5,190.8,186.05,186.1,186.1,-0.958,4.75,2.5279,-1.2732
2026-09-08,SAI LIFE SCIENCES LIMITED     ,SAILIFE   ,EQ,N,1579.6,1579.6,1657.2,1574.0,1647.1,1650.0,4.2732,83.2,5.2672,4.2732
2026-09-08,SAI PARENTERALS LIMITED       ,SAIPARENT ,EQ,N,516.45,520.75,534.0,518.0,529.7,532.35,2.5656,16.0,3.0981,1.7187
2026-09-08,SAKAR HEALTHCARE LIMITED      ,SAKAR     ,EQ,N,1109.2,1140.0,1211.0,1112.05,1157.85,1175.0,4.386,98.95,8.9208,1.5658
2026-09-08,SAKTHI SUGARS LTD             ,SAKHTISUG ,EQ,N,19.96,19.88,20.24,19.65,19.93,19.81,-0.1503,0.59,2.9559,0.2515
2026-09-08,SAKSOFT LIMITED               ,SAKSOFT   ,EQ,N,151.77,150.52,151.98,149.2,149.98,150.0,-1.1794,2.78,1.8317,-0.3588
2026-09-08,SAKUMA EXPORTS LIMITED        ,SAKUMA    ,EQ,N,1.62,1.63,1.64,1.61,1.63,1.63,0.6173,0.03,1.8519,0.0
2026-09-08,SALASAR TECHNO ENGG. LTD.     ,SALASAR   ,EQ,N,5.09,5.05,5.19,5.0,5.14,5.15,0.9823,0.19,3.7328,1.7822
2026-09-08,SALONA COTSPIN LTD.           ,SALONA    ,EQ,N,263.45,260.8,263.75,251.95,259.3,261.95,-1.5753,11.8,4.479,-0.5752
2026-09-08,S.A.L. STEEL LTD.             ,SALSTEEL  ,EQ,N,81.8,81.5,83.4,78.35,79.63,78.7,-2.6528,5.05,6.1736,-2.2945
2026-09-08,SALZER ELECTRONICS LTD        ,SALZERELEC,EQ,N,551.1,551.6,572.95,544.0,550.55,548.2,-0.0998,28.95,5.2531,-0.1904
2026-09-08,SAMBANDAM SPINNING MILL L     ,SAMBANDAM ,EQ,N,120.4,119.99,120.0,118.0,118.0,118.0,-1.9934,2.0,1.6611,-1.6585
2026-09-08,SAMBHAAV MEDIA LTD            ,SAMBHAAV  ,EQ,N,5.85,5.85,6.02,5.66,5.96,5.98,1.8803,0.36,6.1538,1.8803
2026-09-08,SAMBHV STEEL TUBES LTD        ,SAMBHV    ,EQ,N,133.53,134.75,134.83,126.98,128.67,128.99,-3.6396,7.85,5.8788,-4.5121
2026-09-08,SAMHI HOTELS LIMITED          ,SAMHI     ,EQ,N,155.77,155.77,158.09,153.42,155.61,155.67,-0.1027,4.67,2.998,-0.1027
2026-09-08,SAMMAAN CAPITAL LIMITED       ,SAMMAANCAP,EQ,N,155.92,155.0,155.33,152.67,153.0,153.1,-1.8728,2.66,1.706,-1.2903
2026-09-08,SAMPANN UTPADAN INDIA LTD     ,SAMPANN   ,EQ,N,24.54,24.54,24.74,23.81,24.35,24.49,-0.7742,0.93,3.7897,-0.7742
2026-09-08,SANATHAN TEXTILES LIMITED     ,SANATHAN  ,EQ,N,470.9,473.7,479.9,467.85,470.5,472.5,-0.0849,12.05,2.5589,-0.6755
2026-09-08,SANDESH LTD                   ,SANDESH   ,EQ,N,1053.9,1053.9,1064.7,1051.0,1051.1,1051.0,-0.2657,13.7,1.2999,-0.2657
2026-09-08,SANDHAR TECHNOLOGIES LTD      ,SANDHAR   ,EQ,N,620.4,624.7,627.8,615.35,626.35,627.5,0.9591,12.45,2.0068,0.2641
2026-09-08,SANDUR MANG & IRON ORES L     ,SANDUMA   ,EQ,N,195.17,196.45,198.85,195.39,196.57,196.89,0.7173,3.46,1.7728,0.0611
2026-09-08,SANGAM (INDIA) LTD            ,SANGAMIND ,EQ,N,576.3,576.8,587.0,566.6,580.0,587.0,0.642,20.4,3.5398,0.5548
2026-09-08,SANGHVI MOVERS LTD            ,SANGHVIMOV,EQ,N,438.6,437.95,445.85,428.45,441.2,441.5,0.5928,17.4,3.9672,0.7421
2026-09-08,SANOFI INDIA LIMITED          ,SANOFI    ,EQ,N,3122.0,3130.0,3132.5,3111.0,3114.9,3120.0,-0.2274,21.5,0.6887,-0.4824
2026-09-08,SANOFI CONS HEALTHC IND L     ,SANOFICONR,EQ,N,4106.0,4106.0,4129.9,4040.5,4075.6,4052.0,-0.7404,89.4,2.1773,-0.7404
2026-09-08,SANSERA ENGINEERING LTD       ,SANSERA   ,EQ,N,3896.3,4020.0,4094.3,3957.7,4033.6,4025.0,3.5239,136.6,3.5059,0.3383
2026-09-08,SANSTAR LIMITED               ,SANSTAR   ,EQ,N,110.01,110.93,110.93,108.8,109.62,109.5,-0.3545,2.13,1.9362,-1.1809
2026-09-08,SAPPHIRE FOODS INDIA LTD      ,SAPPHIRE  ,EQ,N,228.18,228.5,232.52,224.9,226.61,225.35,-0.6881,7.62,3.3395,-0.8271
2026-09-08,SHREE AJIT PULP & PAPER L     ,SAPPL     ,EQ,N,276.6,290.0,290.0,280.0,282.7,283.8,2.2054,10.0,3.6153,-2.5172
2026-09-08,SARDA ENERGY & MIN LTD        ,SARDAEN   ,EQ,N,512.5,512.5,524.0,510.4,519.85,519.0,1.4341,13.6,2.6537,1.4341
2026-09-08,SAREGAMA INDIA LIMITED        ,SAREGAMA  ,EQ,N,494.3,494.0,501.7,487.8,497.1,497.0,0.5665,13.9,2.8121,0.6275
2026-09-08,SARLA PERF. FIBERS LTD        ,SARLAPOLY ,EQ,N,101.78,100.96,102.19,100.0,101.47,101.5,-0.3046,2.19,2.1517,0.5052
2026-09-08,SARVESHWAR FOODS LIMITED      ,SARVESHWAR,EQ,N,3.67,3.8,4.03,3.75,4.03,4.03,9.8093,0.28,7.6294,6.0526
2026-09-08,SASKEN TECHNOLOGIES LTD       ,SASKEN    ,EQ,N,1826.6,1840.1,1917.9,1825.0,1894.3,1880.0,3.7063,92.9,5.086,2.9455
2026-09-08,SATIA INDUSTRIES LIMITED      ,SATIA     ,EQ,N,68.19,68.01,69.7,66.0,67.83,67.5,-0.5279,3.7,5.426,-0.2647
2026-09-08,SATIN CREDIT NET LTD          ,SATIN     ,EQ,N,216.94,217.88,220.48,214.75,217.49,218.98,0.2535,5.73,2.6413,-0.179
2026-09-08,SAURASHTRA CEMENT LIMITED     ,SAURASHCEM,EQ,N,55.8,55.92,56.66,55.25,56.11,56.66,0.5556,1.41,2.5269,0.3398
2026-09-08,SAYAJI HOTELS LTD.            ,SAYAJIHOTL,EQ,N,323.0,322.9,322.9,305.0,320.0,320.0,-0.9288,17.9,5.5418,-0.8981
2026-09-08,SAYAJI INDUSTRIES LTD.        ,SAYAJIIND ,EQ,N,116.5,116.01,118.5,116.0,116.01,116.01,-0.4206,2.5,2.1459,0.0
2026-09-08,SBC EXPORTS LIMITED           ,SBC       ,EQ,N,46.87,46.99,47.58,46.62,46.77,46.8,-0.2134,0.96,2.0482,-0.4682
2026-09-08,SHIVALIK BIMETAL CON. LTD     ,SBCL      ,EQ,N,1092.1,1092.1,1131.3,1066.2,1105.2,1107.6,1.1995,65.1,5.961,1.1995
2026-09-08,SBFC FINANCE LIMITED          ,SBFC      ,EQ,N,98.48,98.98,99.29,96.39,97.35,97.67,-1.1474,2.9,2.9448,-1.6468
2026-09-08,SURATWWALA BUS GROUP LTD      ,SBGLP     ,EQ,N,23.81,24.01,24.95,23.81,23.81,23.82,0.0,1.14,4.7879,-0.833
2026-09-08,SBIAMC - SBIBPB               ,SBIBPB    ,EQ,N,49.08,49.32,49.32,48.7,48.87,48.99,-0.4279,0.62,1.2632,-0.9124
2026-09-08,SBI CARDS & PAY SER LTD       ,SBICARD   ,EQ,N,674.65,671.0,675.0,661.35,668.0,668.0,-0.9857,13.65,2.0233,-0.4471
2026-09-08,SBIAMC - SBIETFCON            ,SBIETFCON ,EQ,N,119.35,119.35,120.15,118.79,119.88,120.15,0.4441,1.36,1.1395,0.4441
2026-09-08,SBIAMC - SBIETFIT             ,SBIETFIT  ,EQ,N,333.91,342.25,342.25,330.05,331.6,332.17,-0.6918,12.2,3.6537,-3.1118
2026-09-08,SBIAMC - SBIETFPB             ,SBIETFPB  ,EQ,N,283.54,283.47,283.55,280.87,281.99,281.0,-0.5467,2.68,0.9452,-0.5221
2026-09-08,SBIAMC - SBIETFQLTY           ,SBIETFQLTY,EQ,N,219.42,219.37,220.73,219.37,219.53,219.53,0.0501,1.36,0.6198,0.0729
2026-09-08,SBI FUNDS MANAGEMENT LTD      ,SBIFUNDS  ,EQ,N,557.8,557.8,558.5,553.05,555.7,555.5,-0.3765,5.45,0.9771,-0.3765
2026-09-08,SBI LIFE INSURANCE CO LTD     ,SBILIFE   ,EQ,N,1732.0,1734.6,1739.9,1696.6,1696.6,1696.6,-2.0439,43.3,2.5,-2.1907
2026-09-08,SBIAMC - SBILIQETF            ,SBILIQETF ,EQ,N,1054.91,1055.02,1055.04,1055.02,1055.03,1055.04,0.0114,0.02,0.0019,0.0009
2026-09-08,SBIAMC - SBIMIDMOM            ,SBIMIDMOM ,EQ,N,63.53,63.54,64.17,63.54,64.09,64.08,0.8815,0.63,0.9917,0.8656
2026-09-08,STATE BANK OF INDIA           ,SBIN      ,EQ,N,1005.9,1004.9,1011.2,1002.1,1008.0,1008.0,0.2088,9.1,0.9047,0.3085
2026-09-08,SBIAMC - SBINEQWETF           ,SBINEQWETF,EQ,N,32.93,32.93,32.94,32.75,32.88,32.93,-0.1518,0.19,0.577,-0.1518
2026-09-08,SBIAMC - SBINMID150           ,SBINMID150,EQ,N,23.15,23.41,23.41,23.08,23.17,23.18,0.0864,0.33,1.4255,-1.0252
2026-09-08,SBIAMC - SBISILVER            ,SBISILVER ,EQ,N,225.27,227.6,229.64,225.55,226.79,227.0,0.6747,4.09,1.8156,-0.3559
2026-09-08,SBIAMC - SBISMLETF            ,SBISMLETF ,EQ,N,18.5,18.59,18.64,18.41,18.57,18.64,0.3784,0.23,1.2432,-0.1076
2026-09-08,SBIAMC - SBIVALETF            ,SBIVALETF ,EQ,N,14.6,14.65,14.66,14.57,14.57,14.66,-0.2055,0.09,0.6164,-0.5461
2026-09-08,SCHAEFFLER INDIA LIMITED      ,SCHAEFFLER,EQ,N,3999.6,3991.2,4000.5,3911.7,3954.6,3952.0,-1.1251,88.8,2.2202,-0.917
2026-09-08,S CHAND AND COMPANY LTD       ,SCHAND    ,EQ,N,133.34,133.95,138.0,133.01,136.64,136.0,2.4749,4.99,3.7423,2.0082
2026-09-08,SCHNEIDER ELECTRIC INFRA      ,SCHNEIDER ,EQ,N,1193.6,1193.6,1235.3,1186.4,1229.7,1224.6,3.0245,48.9,4.0968,3.0245
2026-09-08,SHIPPING CORP OF INDIA LT     ,SCI       ,EQ,N,293.75,293.6,294.8,288.05,288.75,289.4,-1.7021,6.75,2.2979,-1.6519
2026-09-08,SHIPPING CORP OF ILA LTD      ,SCILAL    ,EQ,N,39.27,39.1,39.49,37.0,38.77,38.94,-1.2732,2.49,6.3407,-0.844
2026-09-08,SCODA TUBES LIMITED           ,SCODATUBES,EQ,N,130.33,130.3,131.2,128.61,129.85,129.51,-0.3683,2.59,1.9873,-0.3454
2026-09-08,SOM DIST & BREW LTD           ,SDBL      ,EQ,N,75.02,75.02,75.17,72.1,72.39,72.2,-3.5057,3.07,4.0922,-3.5057
2026-09-08,SEAMEC LIMITED                ,SEAMECLTD ,EQ,N,1779.9,1791.6,1799.0,1740.0,1782.6,1785.0,0.1517,59.0,3.3148,-0.5023
2026-09-08,SECMARK CONSULTANCY LTD       ,SECMARK   ,EQ,N,143.24,142.8,144.3,133.06,139.33,139.4,-2.7297,11.24,7.847,-2.43
2026-09-08,SECUREKLOUD TECH LIMITED      ,SECURKLOUD,EQ,N,17.12,17.49,17.49,16.7,16.99,17.0,-0.7593,0.79,4.6145,-2.8588
2026-09-08,SEDEMAC MECHATRONICS LTD      ,SEDEMAC   ,EQ,N,2876.2,2890.0,2930.0,2850.0,2867.5,2868.0,-0.3025,80.0,2.7814,-0.7785
2026-09-08,SHANTI EDU INITIATIVES L      ,SEIL      ,EQ,N,200.17,203.89,203.89,197.1,198.59,197.36,-0.7893,6.79,3.3921,-2.5994
2026-09-08,SEJAL GLASS LIMITED           ,SEJALLTD  ,EQ,N,666.05,669.65,672.45,646.1,651.35,646.1,-2.207,26.35,3.9562,-2.7328
2026-09-08,SAINT GOBAIN SEKUR IND L      ,SEKURITIND,EQ,N,114.16,114.7,114.84,112.7,113.19,113.89,-0.8497,2.14,1.8746,-1.3165
2026-09-08,MIRAEAMC - SELECTIPO          ,SELECTIPO ,EQ,N,48.47,48.59,48.9,48.39,48.88,48.84,0.8459,0.51,1.0522,0.5968
2026-09-08,SEL MANUFACTURING CO LTD      ,SELMC     ,EQ,N,26.83,28.42,29.5,26.5,28.81,29.2,7.3798,3.0,11.1815,1.3723
2026-09-08,SEMAC CONSTRUCTION LTD        ,SEMAC     ,EQ,N,282.0,294.95,294.95,279.0,285.95,281.45,1.4007,15.95,5.656,-3.0514
2026-09-08,SENCO GOLD LIMITED            ,SENCO     ,EQ,N,365.1,368.0,369.5,359.05,361.85,360.5,-0.8902,10.45,2.8622,-1.6712
2026-09-08,SENORES PHARMACEUTICALS L     ,SENORES   ,EQ,N,1497.5,1504.0,1532.0,1486.0,1509.8,1510.9,0.8214,46.0,3.0718,0.3856
2026-09-08,DSPAMC - DSPSENXETF           ,SENSEXADD ,EQ,N,78.54,78.45,78.54,77.91,78.31,78.32,-0.2928,0.63,0.8021,-0.1785
2026-09-08,AXISAMC-SENSEXAXIS            ,SENSEXAXIS,EQ,N,78.99,79.77,79.77,78.5,78.74,78.75,-0.3165,1.27,1.6078,-1.2912
2026-09-08,UTIAMC-SENSEXBETA             ,SENSEXBETA,EQ,N,843.38,843.5,844.0,839.0,841.3,843.6,-0.2466,5.0,0.5929,-0.2608
2026-09-08,MIRAEAMC - SENSEXETF          ,SENSEXETF ,EQ,N,78.59,78.98,78.98,78.0,78.19,78.17,-0.509,0.98,1.247,-1.0003
2026-09-08,ICICI PRUD SENSEX ETF         ,SENSEXIETF,EQ,N,876.69,873.01,876.37,871.0,872.03,874.51,-0.5315,5.37,0.6125,-0.1123
2026-09-08,SEPC LIMITED                  ,SEPC      ,EQ,N,5.41,5.37,5.4,5.32,5.34,5.36,-1.2939,0.08,1.4787,-0.5587
2026-09-08,SERVOTECH REN POW SYS LTD     ,SERVOTECH ,EQ,N,79.03,79.03,79.9,77.85,79.06,79.9,0.038,2.05,2.594,0.038
2026-09-08,SESHASAYEE PAPER & BOARDS     ,SESHAPAPER,EQ,N,242.37,243.8,249.2,240.0,243.98,244.0,0.6643,9.2,3.7958,0.0738
2026-09-08,SBIAMC - SETF10GILT           ,SETF10GILT,EQ,N,263.32,264.63,265.32,263.0,265.02,265.02,0.6456,2.32,0.8811,0.1474
2026-09-08,SBI-ETF GOLD                  ,SETFGOLD  ,EQ,N,129.56,130.5,130.66,129.25,129.84,129.93,0.2161,1.41,1.0883,-0.5057
2026-09-08,SBI-ETF NIFTY 50              ,SETFNIF50 ,EQ,N,256.36,256.73,256.73,255.03,255.36,255.4,-0.3901,1.7,0.6631,-0.5336
2026-09-08,SBI-ETF NIFTY BANK            ,SETFNIFBK ,EQ,N,587.34,602.02,602.02,583.0,584.23,583.62,-0.5295,19.02,3.2383,-2.9551
2026-09-08,SBI-ETF NIFTY NEXT 50         ,SETFNN50  ,EQ,N,780.05,778.2,783.9,778.18,781.42,780.0,0.1756,5.72,0.7333,0.4138
2026-09-08,STANDARD ENGNG TCNLGY LTD     ,SETL      ,EQ,N,388.55,388.55,407.0,384.1,404.5,405.6,4.105,22.9,5.8937,4.105
2026-09-08,SHEELA FOAM LIMITED           ,SFL       ,EQ,N,642.7,652.0,707.0,645.45,675.95,677.0,5.1735,61.55,9.5768,3.6733
2026-09-08,SG FINSERVE LIMITED           ,SGFIN     ,EQ,N,677.6,675.05,685.45,668.55,676.15,675.5,-0.214,16.9,2.4941,0.163
2026-09-08,SYNERGY GREEN IND. LTD        ,SGIL      ,EQ,N,600.85,605.5,606.55,585.05,588.5,586.0,-2.0554,21.5,3.5783,-2.8076
2026-09-08,STL GLOBAL LIMITED            ,SGL       ,EQ,N,9.83,10.03,10.39,9.75,9.87,10.06,0.4069,0.64,6.5107,-1.5952
2026-09-08,SGL RESOURCES LIMITED         ,SGLRES    ,EQ,N,2.5,2.62,2.62,2.4,2.52,2.56,0.8,0.22,8.8,-3.8168
2026-09-08,SG MART LIMITED               ,SGMART    ,EQ,N,810.4,810.4,830.45,806.0,809.5,806.4,-0.1111,24.45,3.017,-0.1111
2026-09-08,SHREE GANESH REMEDIES LTD     ,SGRL      ,EQ,N,714.2,715.0,722.0,685.0,696.0,707.95,-2.5483,37.0,5.1806,-2.6573
2026-09-08,SHADOWFAX TECHNOLOGIES L      ,SHADOWFAX ,EQ,N,250.2,248.9,255.85,244.75,249.75,250.1,-0.1799,11.1,4.4365,0.3415
2026-09-08,SHAH METACORP LIMITED         ,SHAH      ,EQ,N,3.46,3.49,3.49,3.34,3.36,3.4,-2.8902,0.15,4.3353,-3.7249
2026-09-08,SHAILY ENG PLASTICS LTD       ,SHAILY    ,EQ,N,3348.7,3347.0,3419.9,3308.1,3407.8,3408.0,1.7649,111.8,3.3386,1.8166
2026-09-08,SHAKTI PUMPS (I) LTD          ,SHAKTIPUMP,EQ,N,466.95,467.0,477.45,466.95,473.0,473.15,1.2956,10.5,2.2486,1.2848
2026-09-08,SHALBY LIMITED                ,SHALBY    ,EQ,N,151.24,152.04,153.01,149.2,149.82,149.36,-0.9389,3.81,2.5192,-1.4601
2026-09-08,SHANKARA BLDG PRODUCT LTD     ,SHANKARA  ,EQ,N,148.26,147.5,148.73,147.5,148.34,148.26,0.054,1.23,0.8296,0.5695
2026-09-08,SHANKESH JEWELLERS LTD        ,SHANKESH  ,EQ,N,102.37,103.5,106.7,93.22,94.89,94.05,-7.3068,13.48,13.1679,-8.3188
2026-09-08,SHANTI OVERSEAS INDIA LTD     ,SHANTI    ,EQ,N,6.5,6.6,6.67,6.15,6.46,6.55,-0.6154,0.52,8.0,-2.1212
2026-09-08,SHANTHI GEARS LTD             ,SHANTIGEAR,EQ,N,640.0,638.85,704.0,632.15,704.0,704.0,10.0,71.85,11.2266,10.198
2026-09-08,SHANTI GOLD INTERNATION L     ,SHANTIGOLD,EQ,N,270.72,273.0,273.97,260.02,264.26,266.0,-2.3862,13.95,5.1529,-3.2015
2026-09-08,SHARDA CROPCHEM LTD.          ,SHARDACROP,EQ,N,767.45,770.2,803.25,764.3,795.9,796.5,3.7071,38.95,5.0752,3.3368
2026-09-08,SHARDA MOTOR INDS LTD         ,SHARDAMOTR,EQ,N,890.05,890.05,897.9,882.0,890.75,886.05,0.0786,15.9,1.7864,0.0786
2026-09-08,SHARE IND. SECURITIES LTD     ,SHAREINDIA,EQ,N,171.86,171.74,172.59,168.62,170.91,171.3,-0.5528,3.97,2.31,-0.4833
2026-09-08,NIP IND ETF SHARIAH BEES      ,SHARIABEES,EQ,N,447.05,447.05,447.05,444.41,446.23,447.0,-0.1834,2.64,0.5905,-0.1834
2026-09-08,SHRI BAJRANG ALLIANCE L       ,SHBAJRG   ,EQ,N,161.97,161.99,163.66,155.11,155.89,156.0,-3.7538,8.55,5.2788,-3.7657
2026-09-08,SHERVANI INDUSTRIAL SYN L     ,SHERVANI  ,EQ,N,305.15,325.0,325.15,324.1,324.9,324.9,6.4722,1.05,0.3441,-0.0308
2026-09-08,SHILCHAR TECHNOLOGIES LTD     ,SHILCTECH ,EQ,N,4187.0,4187.0,4247.8,4153.4,4212.5,4206.0,0.609,94.4,2.2546,0.609
2026-09-08,SHILP GRAVURES LTD.           ,SHILGRAVQ ,EQ,N,150.25,151.95,156.0,149.0,150.21,149.9,-0.0266,7.0,4.6589,-1.1451
2026-09-08,SHILPA MEDICARE LTD           ,SHILPAMED ,EQ,N,939.5,949.85,965.0,937.1,959.9,961.0,2.1714,27.9,2.9697,1.0581
2026-09-08,SHARAT INDUSTRIES LTD.        ,SHINDL    ,EQ,N,162.77,164.0,167.0,159.03,160.65,161.95,-1.3025,7.97,4.8965,-2.0427
2026-09-08,SHIPROCKET LIMITED            ,SHIPROCKET,EQ,N,135.21,139.5,144.5,132.61,134.77,133.9,-0.3254,11.89,8.7937,-3.3907
2026-09-08,SHIVA GLOBAL AGRO INDS. L     ,SHIVAAGRO ,EQ,N,41.41,45.0,45.0,40.12,42.96,43.23,3.7431,4.88,11.7846,-4.5333
2026-09-08,SHIVA CEMENT LTD.             ,SHIVACEM  ,EQ,N,16.07,16.07,16.2,15.9,16.12,16.14,0.3111,0.3,1.8668,0.3111
2026-09-08,SHIVALIK RASAYAN LIMITED      ,SHIVALIK  ,EQ,N,316.85,315.0,323.9,308.65,320.75,321.9,1.2309,15.25,4.813,1.8254
2026-09-08,SHIVAM AUTO.LTD               ,SHIVAMAUTO,EQ,N,17.33,17.87,17.87,17.0,17.03,17.0,-1.7311,0.87,5.0202,-4.7006
2026-09-08,SHIVA MILLS LIMITED           ,SHIVAMILLS,EQ,N,60.99,62.99,63.49,59.75,62.63,63.49,2.689,3.74,6.1322,-0.5715
2026-09-08,SHIVA TEXYARN LIMITED         ,SHIVATEX  ,EQ,N,179.46,184.49,184.49,174.01,177.7,174.57,-0.9807,10.48,5.8397,-3.6804
2026-09-08,SHIV AUM STEELS LIMITED       ,SHIVAUM   ,EQ,N,453.7,460.0,470.0,451.5,461.2,460.0,1.6531,18.5,4.0776,0.2609
2026-09-08,S H KELKAR AND CO. LTD.       ,SHK       ,EQ,N,148.0,147.82,149.89,144.1,145.59,149.65,-1.6284,5.79,3.9122,-1.5086
2026-09-08,SHOPPERS STOP LIMITED         ,SHOPERSTOP,EQ,N,376.3,378.0,397.95,374.05,380.8,382.0,1.1959,23.9,6.3513,0.7407
2026-09-08,SHRADDHA PRIME PROJECTS L     ,SHRADDHA  ,EQ,N,154.92,158.7,158.7,151.14,154.75,154.75,-0.1097,7.56,4.8799,-2.489
2026-09-08,SHRADHA REALTY LIMITED        ,SHRADHA   ,EQ,N,31.47,31.6,32.0,30.15,30.65,30.65,-2.6057,1.85,5.8786,-3.0063
2026-09-08,SHREE DIGVIJAY CEM CO LTD     ,SHREDIGCEM,EQ,N,72.04,72.9,73.22,71.0,72.6,73.0,0.7773,2.22,3.0816,-0.4115
2026-09-08,SHREE CEMENT LIMITED          ,SHREECEM  ,EQ,N,23365.0,23500.0,23560.0,23130.0,23160.0,23160.0,-0.8774,430.0,1.8404,-1.4468
2026-09-08,SHREEJI SHIPPING GLOBAL L     ,SHREEJISPG,EQ,N,699.8,702.8,710.3,695.0,698.2,696.1,-0.2286,15.3,2.1863,-0.6545
2026-09-08,SHRE PUSH CHEM & FERT LTD     ,SHREEPUSHK,EQ,N,514.9,528.0,545.2,505.1,510.05,508.55,-0.9419,40.1,7.7879,-3.3996
2026-09-08,SHREE RAMA MULTI TECH LTD     ,SHREERAMA ,EQ,N,43.84,43.57,43.7,41.43,42.27,42.3,-3.5812,2.27,5.1779,-2.9837
2026-09-08,SHREYANS INDUSTRIES LTD       ,SHREYANIND,EQ,N,134.2,132.21,136.45,132.21,133.0,133.0,-0.8942,4.24,3.1595,0.5975
2026-09-08,SHRI KRISHNA DEVCON LTD.      ,SHRIKRISH ,EQ,N,39.22,39.6,39.95,36.0,37.15,37.47,-5.2779,3.95,10.0714,-6.1869
2026-09-08,SHRINGAR HOU OF MANGALS L     ,SHRINGARMS,EQ,N,218.59,218.8,219.8,216.5,217.44,216.5,-0.5261,3.3,1.5097,-0.6216
2026-09-08,SPR AUTO TECHNOLOGIES LTD     ,SHRIPISTON,EQ,N,4491.5,4488.0,4513.5,4428.2,4438.2,4440.0,-1.1867,85.3,1.8991,-1.1096
2026-09-08,SHRIRAM FINANCE LIMITED       ,SHRIRAMFIN,EQ,N,1037.0,1030.0,1031.9,1017.2,1029.0,1029.0,-0.7715,14.7,1.4176,-0.0971
2026-09-08,SHRIRAM PROPERTIES LTD        ,SHRIRAMPPS,EQ,N,75.5,75.5,75.75,74.26,74.63,74.6,-1.1523,1.49,1.9735,-1.1523
2026-09-08,SHRI JAGDAMBA POLYMERS L      ,SHRJAGP   ,EQ,N,644.1,650.0,680.0,630.0,638.1,637.0,-0.9315,50.0,7.7628,-1.8308
2026-09-08,SHUKRA PHARMACEUTICALS L      ,SHUKRAPHAR,EQ,N,53.07,53.37,56.0,52.21,54.11,54.15,1.9597,3.79,7.1415,1.3865
2026-09-08,SHYAM METALICS AND ENGY L     ,SHYAMMETL ,EQ,N,1082.3,1082.5,1099.0,1076.7,1081.9,1085.9,-0.037,22.3,2.0604,-0.0554
2026-09-08,SHYAM TELECOM LIMITED         ,SHYAMTEL  ,EQ,N,11.0,11.43,11.68,11.01,11.47,11.47,4.2727,0.67,6.0909,0.35
2026-09-08,SICAGEN INDIA LIMITED         ,SICAGEN   ,EQ,N,58.53,59.45,59.9,57.11,57.84,57.15,-1.1789,2.79,4.7668,-2.7082
2026-09-08,SUPERIOR INDUSTRIAL ENT L     ,SIEL      ,EQ,N,30.79,30.94,30.94,29.3,30.2,30.2,-1.9162,1.64,5.3264,-2.3917
2026-09-08,SIEMENS LTD                   ,SIEMENS   ,EQ,N,3927.0,3911.0,3998.8,3911.0,3951.3,3951.3,0.6188,87.8,2.2358,1.0304
2026-09-08,SIGACHI INDUSTRIES LTD        ,SIGACHI   ,EQ,N,34.41,34.25,35.82,33.62,34.7,34.74,0.8428,2.2,6.3935,1.3139
2026-09-08,SIGMA SOLVE LIMITED           ,SIGMA     ,EQ,N,47.45,48.29,48.29,47.0,47.21,47.34,-0.5058,1.29,2.7187,-2.2365
2026-09-08,SIGNATUREGLOBAL INDIA LTD     ,SIGNATURE ,EQ,N,799.95,795.0,802.0,780.5,785.2,792.0,-1.8439,21.5,2.6877,-1.2327
2026-09-08,SIGNPOST INDIA LIMITED        ,SIGNPOST  ,EQ,N,269.5,266.8,276.25,261.0,264.55,266.0,-1.8367,15.25,5.6586,-0.8433
2026-09-08,SIKA INTERPLANT SYSTEMS L     ,SIKA      ,EQ,N,986.1,986.1,1025.2,978.1,1015.15,1014.2,2.9459,47.1,4.7764,2.9459
2026-09-08,STANDARD INDUSTRIES LTD.      ,SIL       ,EQ,N,19.17,19.17,19.48,18.97,19.1,19.2,-0.3652,0.51,2.6604,-0.3652
2026-09-08,SILGO RETAIL LIMITED          ,SILGO     ,EQ,N,73.15,73.76,73.76,71.2,71.49,71.3,-2.2693,2.56,3.4997,-3.0775
2026-09-08,SIL INVESTMENTS LIMITED       ,SILINV    ,EQ,N,472.05,469.9,479.9,460.0,462.4,462.5,-2.0443,19.9,4.2157,-1.5961
2026-09-08,SILLY MONKS ENTERTAIN LTD     ,SILLYMONKS,EQ,N,15.94,16.4,16.5,16.0,16.29,16.08,2.1957,0.5,3.1368,-0.6707
2026-09-08,BIRLASLAMC - SILVER           ,SILVER    ,EQ,N,229.65,231.76,233.6,229.8,231.1,231.6,0.6314,3.8,1.6547,-0.2848
2026-09-08,QUANT_AMC - SILVER001         ,SILVER001 ,EQ,N,23.35,23.8,23.99,23.17,23.28,23.33,-0.2998,0.82,3.5118,-2.1849
2026-09-08,KOTAKMAMC - KOTAKSILVE        ,SILVER1   ,EQ,N,22.32,22.6,22.7,22.32,22.46,22.45,0.6272,0.38,1.7025,-0.6195
2026-09-08,360ONEAMC - SILVER360         ,SILVER360 ,EQ,N,226.55,227.01,229.95,226.2,227.28,228.45,0.3222,3.75,1.6553,0.1189
2026-09-08,DSPAMC - DSPSILVETF           ,SILVERADD ,EQ,N,22.15,22.6,22.6,22.18,22.3,22.29,0.6772,0.42,1.8962,-1.3274
2026-09-08,MIRAEAMC - MASILVER           ,SILVERAG  ,EQ,N,223.98,227.9,227.9,224.11,225.22,225.47,0.5536,3.79,1.6921,-1.176
2026-09-08,AXISAMC-SILVERAXIS            ,SILVERAXIS,EQ,N,228.63,233.44,233.44,228.71,229.96,229.9,0.5817,4.73,2.0688,-1.4907
2026-09-08,NIPPONAMC - NETFSILVER        ,SILVERBEES,EQ,N,219.96,222.3,223.65,220.01,221.17,221.31,0.5501,3.64,1.6548,-0.5083
2026-09-08,UTIAMC-SILVERBETA             ,SILVERBETA,EQ,N,222.04,223.66,226.0,222.19,223.41,223.61,0.617,3.81,1.7159,-0.1118
2026-09-08,BANDHANAMC - SILVERBND        ,SILVERBND ,EQ,N,230.34,233.89,234.36,230.8,231.9,232.14,0.6773,3.56,1.5455,-0.8508
2026-09-08,ZERODHAAMC - SILVERCASE       ,SILVERCASE,EQ,N,23.31,23.59,23.76,23.32,23.45,23.48,0.6006,0.44,1.8876,-0.5935
2026-09-08,ICICIPRAMC - ICICISILVE       ,SILVERIETF,EQ,N,229.68,232.0,233.65,229.8,230.88,231.0,0.5225,3.85,1.6762,-0.4828
2026-09-08,SILVER TOUCH TECHNO LTD       ,SILVERTUC ,EQ,N,163.56,163.5,165.21,160.2,161.1,161.4,-1.504,5.01,3.0631,-1.4679
2026-09-08,SIMPLEX INFRASTRUCTURES L     ,SIMPLEXINF,EQ,N,260.35,258.3,264.7,256.0,257.4,257.5,-1.1331,8.7,3.3417,-0.3484
2026-09-08,SIMPLEX REALTY LTD.           ,SIMPLXREA ,EQ,N,141.7,140.5,140.5,134.62,134.62,134.62,-4.9965,5.88,4.1496,-4.1851
2026-09-08,SINCLAIRS HOTELS LIMITED      ,SINCLAIR  ,EQ,N,84.45,86.0,86.79,83.56,84.03,84.25,-0.4973,3.23,3.8247,-2.2907
2026-09-08,SINDHU TRADE LINKS LTD        ,SINDHUTRAD,EQ,N,25.25,25.25,25.44,24.87,25.0,25.0,-0.9901,0.57,2.2574,-0.9901
2026-09-08,SINGER INDIA LIMITED          ,SINGERIND ,EQ,N,74.97,75.04,77.98,73.65,75.75,76.0,1.0404,4.33,5.7756,0.9462
2026-09-08,SINTERCOM INDIA LIMITED       ,SINTERCOM ,EQ,N,81.43,81.44,84.9,78.0,79.2,79.2,-2.7385,6.9,8.4735,-2.7505
2026-09-08,SIRCA PAINT INDIA LIMITED     ,SIRCA     ,EQ,N,436.85,437.0,438.25,432.5,434.4,432.5,-0.5608,5.75,1.3162,-0.595
2026-09-08,SIS LIMITED                   ,SIS       ,EQ,N,428.65,428.65,435.9,426.5,427.75,428.45,-0.21,9.4,2.1929,-0.21
2026-09-08,SIYARAM SILK MILLS LTD        ,SIYSIL    ,EQ,N,563.55,564.05,569.25,551.2,554.05,552.25,-1.6857,18.05,3.2029,-1.7729
2026-09-08,SJS ENTERPRISES LIMITED       ,SJS       ,EQ,N,2332.3,2332.3,2351.3,2258.2,2286.8,2289.0,-1.9509,93.1,3.9918,-1.9509
2026-09-08,SJVN LTD                      ,SJVN      ,EQ,N,65.56,65.56,66.19,64.75,65.87,66.06,0.4728,1.44,2.1965,0.4728
2026-09-08,SKF INDIA LTD                 ,SKFINDIA  ,EQ,N,1546.6,1554.8,1554.9,1524.7,1534.8,1536.8,-0.763,30.2,1.9527,-1.2863
2026-09-08,SKF IND (INDUSTRIAL) LTD      ,SKFINDUS  ,EQ,N,3016.1,3024.0,3048.0,2916.6,2953.8,2979.0,-2.0656,131.4,4.3566,-2.3214
2026-09-08,SKIPPER LIMITED               ,SKIPPER   ,EQ,N,604.4,605.0,614.0,595.0,604.7,604.8,0.0496,19.0,3.1436,-0.0496
2026-09-08,SKM EGG PROD EXPORT(I) LT     ,SKMEGGPROD,EQ,N,246.85,246.5,256.9,246.5,253.35,253.1,2.6332,10.4,4.2131,2.7789
2026-09-08,SKY GOLD AND DIAMONDS LTD     ,SKYGOLD   ,EQ,N,788.15,789.05,833.25,789.05,820.0,821.0,4.0411,44.2,5.6081,3.9224
2026-09-08,SKYWAYS AIR SERVICES LTD      ,SKYWAYS   ,EQ,N,113.91,114.44,115.72,106.82,110.22,109.25,-3.2394,8.9,7.8132,-3.6875
2026-09-08,MIRAEAMC - SMALL250           ,SMALL250  ,EQ,N,18.56,18.6,18.62,18.48,18.58,18.62,0.1078,0.14,0.7543,-0.1075
2026-09-08,DSPAMC - SMALLADD             ,SMALLADD  ,EQ,N,18.57,18.69,18.69,18.53,18.62,18.62,0.2693,0.16,0.8616,-0.3745
2026-09-08,MIRAEAMC - SMALLCAP           ,SMALLCAP  ,EQ,N,49.27,49.49,49.49,49.17,49.45,49.45,0.3653,0.32,0.6495,-0.0808
2026-09-08,GROWWAMC - SMALLGROWW         ,SMALLGROWW,EQ,N,49.22,49.22,49.64,49.13,49.55,49.6,0.6705,0.51,1.0362,0.6705
2026-09-08,ICICIPRAMC - SMALLIETF        ,SMALLIETF ,EQ,N,18.54,18.54,18.61,18.48,18.59,18.6,0.2697,0.13,0.7012,0.2697
2026-09-08,SMARTWORKS COWORKING SP L     ,SMARTWORKS,EQ,N,538.95,534.55,555.0,531.1,552.65,554.0,2.542,23.9,4.4345,3.386
2026-09-08,SMC GLOBAL SECURITIES LTD     ,SMCGLOBAL ,EQ,N,84.95,86.0,86.77,83.39,85.31,85.0,0.4238,3.38,3.9788,-0.8023
2026-09-08,ZERODHAAMC - SML100CASE       ,SML100CASE,EQ,N,11.44,11.72,11.72,11.23,11.46,11.51,0.1748,0.49,4.2832,-2.2184
2026-09-08,SML MAHINDRA LIMITED          ,SMLMAH    ,EQ,N,6393.5,6360.5,6360.5,6260.5,6313.5,6328.0,-1.2513,100.0,1.5641,-0.7389
2026-09-08,SARTHAK METALS LIMITED        ,SMLT      ,EQ,N,63.84,64.75,65.49,61.31,62.17,62.1,-2.6159,4.18,6.5476,-3.9846
2026-09-08,SMS PHARMACEUTICALS LTD.      ,SMSPHARMA ,EQ,N,397.95,402.7,409.4,394.15,399.15,398.3,0.3015,15.25,3.8321,-0.8815
2026-09-08,SNOWMAN LOGISTICS LTD.        ,SNOWMAN   ,EQ,N,36.67,36.69,37.26,36.0,36.83,36.95,0.4363,1.26,3.4361,0.3816
2026-09-08,NIPPONAMC - SNXT30BEES        ,SNXT30BEES,EQ,N,42.36,42.35,42.48,42.22,42.25,42.22,-0.2597,0.26,0.6138,-0.2361
2026-09-08,UTIAMC-SNXT50BETA             ,SNXT50BETA,EQ,N,94.03,94.5,95.44,92.9,94.36,94.21,0.351,2.54,2.7013,-0.1481
2026-09-08,SOBHA LIMITED                 ,SOBHA     ,EQ,N,1250.1,1255.0,1262.4,1242.0,1255.6,1256.5,0.44,20.4,1.6319,0.0478
2026-09-08,SOFTTECH ENGINEERS LTD        ,SOFTTECH  ,EQ,N,432.45,421.0,447.0,421.0,438.0,440.95,1.2834,26.0,6.0123,4.038
2026-09-08,SOLARA ACTIVE PHA SCI LTD     ,SOLARA    ,EQ,N,697.05,708.0,719.0,683.05,701.8,700.0,0.6814,35.95,5.1574,-0.8757
2026-09-08,SOLAR INDUSTRIES (I) LTD      ,SOLARINDS ,EQ,N,21950.0,22130.0,22495.0,21925.0,22455.0,22455.0,2.3007,570.0,2.5968,1.4686
2026-09-08,SOLARWORLD ENERGY SOL LTD     ,SOLARWORLD,EQ,N,147.9,152.88,153.0,147.56,147.99,149.2,0.0609,5.44,3.6782,-3.1986
2026-09-08,SOLEX ENERGY LIMITED          ,SOLEX     ,EQ,N,718.45,720.15,729.5,710.6,725.05,729.5,0.9186,18.9,2.6307,0.6804
2026-09-08,SOMANY CERAMICS LIMITED       ,SOMANYCERA,EQ,N,559.4,556.95,564.0,555.4,562.65,563.6,0.581,8.6,1.5374,1.0234
2026-09-08,SOMA TEXTILES & INDUST LT     ,SOMATEX   ,EQ,N,86.72,89.62,89.62,84.01,85.27,85.26,-1.672,5.61,6.4691,-4.8538
2026-09-08,SOMI CONVEYOR BELT. LTD.      ,SOMICONVEY,EQ,N,92.37,94.0,94.0,91.06,91.64,91.5,-0.7903,2.94,3.1829,-2.5106
2026-09-08,SONA BLW PRECISION FRGS L     ,SONACOMS  ,EQ,N,788.0,785.95,805.9,778.2,804.0,804.0,2.0305,27.7,3.5152,2.2966
2026-09-08,SONAL MERCANTILE LTD.         ,SONAL     ,EQ,N,88.98,88.98,88.98,88.5,88.85,88.95,-0.1461,0.48,0.5394,-0.1461
2026-09-08,SONATA SOFTWARE LTD           ,SONATSOFTW,EQ,N,283.85,284.5,284.8,273.0,274.25,274.35,-3.3821,11.8,4.1571,-3.6028
2026-09-08,SAVITA OIL TECHNOLO. LTD      ,SOTL      ,EQ,N,705.75,713.5,713.55,678.0,681.35,680.75,-3.4573,35.55,5.0372,-4.506
2026-09-08,THE SOUTH INDIAN BANK LTD     ,SOUTHBANK ,EQ,N,46.54,46.6,46.99,46.4,46.82,46.87,0.6016,0.59,1.2677,0.4721
2026-09-08,SOUTH WEST PINNACLE LTD       ,SOUTHWEST ,EQ,N,222.26,222.46,234.4,217.35,230.38,230.0,3.6534,17.05,7.6712,3.5602
2026-09-08,S. P. APPARELS LIMITED        ,SPAL      ,EQ,N,1065.9,1056.0,1080.6,1038.2,1048.9,1041.0,-1.5949,42.4,3.9779,-0.6723
2026-09-08,SPANDANA SPHOORTY FIN LTD     ,SPANDANA  ,EQ,N,238.88,238.88,240.75,236.22,239.74,237.9,0.36,4.53,1.8963,0.36
2026-09-08,SUN PHARMA ADV.RES.CO.LTD     ,SPARC     ,EQ,N,205.87,205.87,206.96,201.25,203.27,203.0,-1.2629,5.71,2.7736,-1.2629
2026-09-08,SPACENET ENTERS IND LTD       ,SPCENET   ,EQ,N,3.56,3.56,3.65,3.5,3.61,3.59,1.4045,0.15,4.2135,1.4045
2026-09-08,SPEL SEMICONDUCTOR LTD        ,SPELS     ,EQ,N,147.64,147.64,149.5,145.21,146.6,146.0,-0.7044,4.29,2.9057,-0.7044
2026-09-08,SPENCER S RETAIL LIMITED      ,SPENCERS  ,EQ,N,28.78,28.45,29.7,28.45,29.41,29.15,2.189,1.25,4.3433,3.3743
2026-09-08,SPIC LTD                      ,SPIC      ,EQ,N,71.02,70.92,72.5,70.58,71.07,71.11,0.0704,1.92,2.7035,0.2115
2026-09-08,SPL INDUSTRIES LIMITED        ,SPLIL     ,EQ,N,31.09,30.8,30.99,30.8,30.8,30.8,-0.9328,0.19,0.6111,0.0
2026-09-08,SUPREME PETROCHEM LIMITED     ,SPLPETRO  ,EQ,N,802.5,809.0,831.1,783.15,828.4,824.0,3.2274,47.95,5.9751,2.398
2026-09-08,SPML INFRA LIMITED            ,SPMLINFRA ,EQ,N,180.21,180.21,183.44,175.0,176.31,176.5,-2.1641,8.44,4.6834,-2.1641
2026-09-08,SPORTKING INDIA LIMITED       ,SPORTKING ,EQ,N,221.85,224.0,224.0,208.71,215.6,216.0,-2.8172,15.29,6.892,-3.75
2026-09-08,SHANKAR LAL RAMPAL LTD        ,SRD       ,EQ,N,39.01,39.62,40.08,39.14,39.39,39.5,0.9741,0.94,2.4096,-0.5805
2026-09-08,SREELEATHERS LIMITED          ,SREEL     ,EQ,N,279.4,279.4,292.0,276.0,287.51,292.0,2.9026,16.0,5.7266,2.9026
2026-09-08,SRF LTD                       ,SRF       ,EQ,N,2546.0,2546.0,2546.0,2517.0,2522.0,2522.0,-0.9427,29.0,1.139,-0.9427
2026-09-08,SRG HOUSING FINANCE L         ,SRGHFL    ,EQ,N,245.85,242.1,243.75,233.1,236.65,235.05,-3.7421,10.65,4.3319,-2.2511
2026-09-08,SREE RAYALSEEMA HHP LTD.      ,SRHHYPOLTD,EQ,N,531.6,525.1,540.0,525.1,527.9,528.35,-0.696,14.9,2.8029,0.5332
2026-09-08,SRM CONTRACTORS LIMITED       ,SRM       ,EQ,N,460.05,462.9,465.0,450.15,461.05,461.15,0.2174,14.85,3.2279,-0.3997
2026-09-08,SHREE RAM TWISTEX LIMITED     ,SRTL      ,EQ,N,37.98,37.69,38.1,37.06,37.61,37.5,-0.9742,1.04,2.7383,-0.2123
2026-09-08,SARASWATI SAREE DEPOT LTD     ,SSDL      ,EQ,N,57.11,56.2,57.99,56.2,57.12,57.32,0.0175,1.79,3.1343,1.637
2026-09-08,STEEL STRIPS WHEELS LTD.      ,SSWL      ,EQ,N,371.3,375.0,376.9,360.65,373.1,372.15,0.4848,16.25,4.3765,-0.5067
2026-09-08,STANLEY LIFESTYLES LTD        ,STANLEY   ,EQ,N,137.16,137.0,141.8,135.53,138.59,139.99,1.0426,6.27,4.5713,1.1606
2026-09-08,STRIDES PHARMA SCI LTD        ,STAR      ,EQ,N,1178.8,1169.0,1206.9,1155.3,1187.4,1187.0,0.7296,51.6,4.3773,1.574
2026-09-08,STAR CEMENT LIMITED           ,STARCEMENT,EQ,N,194.4,195.0,196.34,193.7,194.83,194.5,0.2212,2.64,1.358,-0.0872
2026-09-08,STAR HEALTH & AL INS CO L     ,STARHEALTH,EQ,N,565.95,565.95,573.9,558.05,572.1,571.25,1.0867,15.85,2.8006,1.0867
2026-09-08,STAR PAPER MILLS LTD          ,STARPAPER ,EQ,N,162.61,163.0,166.0,158.57,159.33,161.9,-2.0171,7.43,4.5692,-2.2515
2026-09-08,STARTECK FINANCE LIMITED      ,STARTECK  ,EQ,N,247.2,247.0,247.0,246.7,246.9,246.9,-0.1214,0.3,0.1214,-0.0405
2026-09-08,THE STATE TRADING CORPN       ,STCINDIA  ,EQ,N,114.27,114.02,114.68,113.15,113.72,114.03,-0.4813,1.53,1.3389,-0.2631
2026-09-08,STEELCAST LIMITED             ,STEELCAS  ,EQ,N,326.85,329.95,332.8,319.35,331.6,332.8,1.4533,13.45,4.115,0.5001
2026-09-08,STEEL CITY SECURITIES LTD     ,STEELCITY ,EQ,N,84.99,85.0,85.0,82.5,83.22,83.4,-2.0826,2.5,2.9415,-2.0941
2026-09-08,STEEL EXCHANGE INDIA LTD      ,STEELXIND ,EQ,N,11.23,11.22,12.08,11.02,11.53,11.48,2.6714,1.06,9.439,2.7629
2026-09-08,STEL HOLDINGS LIMITED         ,STEL      ,EQ,N,596.7,615.1,615.1,597.2,601.4,597.2,0.7877,17.9,2.9998,-2.2273
2026-09-08,STL NETWORKS LIMITED          ,STLNETWORK,EQ,N,30.31,31.82,31.82,30.5,31.62,31.4,4.322,1.32,4.355,-0.6285
2026-09-08,STEEL STRIPS INFRA L          ,STLSTRINF ,EQ,N,19.07,18.76,19.75,18.06,18.11,18.78,-5.0341,1.69,8.8621,-3.4648
2026-09-08,STOVE KRAFT LIMITED           ,STOVEKRAFT,EQ,N,849.25,855.0,864.95,829.1,839.45,839.5,-1.154,35.85,4.2214,-1.8187
2026-09-08,STUDDS ACCESSORIES LTD        ,STUDDS    ,EQ,N,419.95,419.95,429.95,418.85,421.85,422.0,0.4524,11.1,2.6432,0.4524
2026-09-08,SESHAASAI TECHNOLOGIES L      ,STYL      ,EQ,N,380.2,384.65,394.15,377.0,383.35,385.0,0.8285,17.15,4.5108,-0.338
2026-09-08,STYLAM INDUSTRIES LIMITED     ,STYLAMIND ,EQ,N,3370.7,3360.0,3400.0,3328.1,3349.9,3360.0,-0.6171,71.9,2.1331,-0.3006
2026-09-08,BAAZAR STYLE RETAIL LTD       ,STYLEBAAZA,EQ,N,399.5,401.3,401.45,386.05,387.3,386.2,-3.0538,15.4,3.8548,-3.4887
2026-09-08,STYRENIX PERFORMANCE LTD      ,STYRENIX  ,EQ,N,2063.7,2067.0,2145.0,2063.0,2114.9,2111.0,2.481,82.0,3.9734,2.3174
2026-09-08,SUBEX LTD                     ,SUBEXLTD  ,EQ,N,16.74,16.72,19.58,16.7,19.23,19.07,14.8746,2.88,17.2043,15.012
2026-09-08,SUBROS LIMITED                ,SUBROS    ,EQ,N,704.75,703.3,708.25,695.0,697.85,697.55,-0.9791,13.25,1.8801,-0.7749
2026-09-08,SUDARSHAN COLORNT IND LTD     ,SUDARCOLOR,EQ,N,386.8,386.9,390.0,380.0,385.35,388.0,-0.3749,10.0,2.5853,-0.4006
2026-09-08,SUDARSHAN CHEMICAL INDS L     ,SUDARSCHEM,EQ,N,1239.8,1240.1,1249.5,1213.3,1221.7,1219.8,-1.4599,36.2,2.9198,-1.4838
2026-09-08,SUDEEP PHARMA LIMITED         ,SUDEEPPHRM,EQ,N,1323.3,1327.0,1362.9,1311.1,1344.2,1345.0,1.5794,51.8,3.9145,1.2962
2026-09-08,SUKHJIT STARCH & CHEM LTD     ,SUKHJITS  ,EQ,N,160.55,160.88,163.0,157.55,160.49,159.0,-0.0374,5.45,3.3946,-0.2424
2026-09-08,SULA VINEYARDS LIMITED        ,SULA      ,EQ,N,147.09,146.51,147.99,145.25,146.5,146.88,-0.4011,2.74,1.8628,-0.0068
2026-09-08,SUMEDHA FISCAL SERVICES L     ,SUMEDHA   ,EQ,N,39.7,39.7,40.25,38.6,38.72,38.6,-2.4685,1.65,4.1562,-2.4685
2026-09-08,SUMEET IND LIMITED            ,SUMEETINDS,EQ,N,11.29,11.35,11.7,11.25,11.39,11.49,0.8857,0.45,3.9858,0.3524
2026-09-08,SUMITOMO CHEM INDIA LTD       ,SUMICHEM  ,EQ,N,487.9,489.95,495.95,481.5,486.7,488.5,-0.246,14.45,2.9617,-0.6633
2026-09-08,SUMIT WOODS LIMITED           ,SUMIT     ,EQ,N,51.31,52.87,52.87,47.7,49.06,49.0,-4.3851,5.17,10.076,-7.2064
2026-09-08,SUMMIT SECURITIES LTD         ,SUMMITSEC ,EQ,N,1419.8,1435.3,1436.8,1400.0,1404.1,1402.3,-1.1058,36.8,2.5919,-2.1738
2026-09-08,SUNDARAM CLAYTON LIMITED      ,SUNCLAY   ,EQ,N,1299.4,1291.0,1313.5,1288.1,1293.4,1290.0,-0.4618,25.4,1.9547,0.1859
2026-09-08,SUNDARAM MULTI PAP LTD        ,SUNDARAM  ,EQ,N,1.2,1.22,1.23,1.2,1.21,1.22,0.8333,0.03,2.5,-0.8197
2026-09-08,SUNDARAM FINANCE LTD          ,SUNDARMFIN,EQ,N,4708.3,4708.3,4739.9,4650.1,4712.7,4718.2,0.0935,89.8,1.9073,0.0935
2026-09-08,SUNDRAM FASTENERS LTD         ,SUNDRMFAST,EQ,N,1200.5,1200.4,1278.0,1199.0,1255.0,1249.6,4.5398,79.0,6.5806,4.5485
2026-09-08,SUNDROP BRANDS LIMITED        ,SUNDROP   ,EQ,N,659.45,665.0,665.0,655.15,659.3,661.0,-0.0227,9.85,1.4937,-0.8571
2026-09-08,SUNFLAG IRON AND STEEL CO     ,SUNFLAG   ,EQ,N,338.4,342.9,342.9,336.5,338.3,340.0,-0.0296,6.4,1.8913,-1.3415
2026-09-08,SUNIL HEALTHCARE LTD.         ,SUNLOC    ,EQ,N,79.98,79.98,80.0,76.97,79.72,77.25,-0.3251,3.03,3.7884,-0.3251
2026-09-08,SUN PHARMACEUTICAL IND L      ,SUNPHARMA ,EQ,N,1895.0,1892.0,1895.6,1876.8,1885.9,1885.9,-0.4802,18.8,0.9921,-0.3224
2026-09-08,SUNRAKSHAKK INDUS IND L       ,SUNRAKSHAK,EQ,N,370.15,370.15,375.0,361.05,373.75,375.0,0.9726,13.95,3.7687,0.9726
2026-09-08,SUNSHIELD CHEMICALS LTD.      ,SUNSHIEL  ,EQ,N,1268.6,1268.6,1284.8,1230.0,1239.4,1255.0,-2.3017,54.8,4.3197,-2.3017
2026-09-08,SUNSHINE PICTURES LIMITED     ,SUNSHINE  ,EQ,N,486.3,486.5,495.9,471.5,489.15,490.0,0.5861,24.4,5.0175,0.5447
2026-09-08,SUNTECK REALTY LIMITED        ,SUNTECK   ,EQ,N,294.0,294.4,297.3,290.3,295.9,295.1,0.6463,7.0,2.381,0.5095
2026-09-08,SUN TV NETWORK LIMITED        ,SUNTV     ,EQ,N,452.85,453.1,458.85,449.0,453.5,454.2,0.1435,9.85,2.1751,0.0883
2026-09-08,SUPERHOUSE LIMITED            ,SUPERHOUSE,EQ,N,170.62,170.62,172.0,167.02,170.7,172.0,0.0469,4.98,2.9188,0.0469
2026-09-08,SUPRAJIT ENGINEERING LTD      ,SUPRAJIT  ,EQ,N,473.2,473.2,477.4,468.55,475.6,476.4,0.5072,8.85,1.8702,0.5072
2026-09-08,SUPREME HOLDIN N HOSP I L     ,SUPREME   ,EQ,N,37.41,37.23,38.0,36.54,37.16,37.06,-0.6683,1.46,3.9027,-0.188
2026-09-08,SUPREME INDUSTRIES LTD        ,SUPREMEIND,EQ,N,3598.0,3598.0,3598.0,3521.7,3553.0,3553.0,-1.2507,76.3,2.1206,-1.2507
2026-09-08,SUPREME INFRA. LTD.           ,SUPREMEINF,EQ,N,85.77,85.07,86.21,83.15,85.1,85.23,-0.7812,3.06,3.5677,0.0353
2026-09-08,SUPRIYA LIFESCIENCE LTD       ,SUPRIYA   ,EQ,N,909.1,910.0,925.1,898.5,915.65,916.0,0.7205,26.6,2.926,0.6209
2026-09-08,SURAJ ESTATE DEVELOPERS L     ,SURAJEST  ,EQ,N,176.09,176.9,178.8,173.01,173.92,175.35,-1.2323,5.79,3.2881,-1.6846
2026-09-08,SURAJ LIMITED                 ,SURAJLTD  ,EQ,N,200.0,200.0,207.98,198.25,200.2,198.25,0.1,9.73,4.865,0.1
2026-09-08,SURAKSHA DIAGNOSTIC LTD       ,SURAKSHA  ,EQ,N,338.9,338.0,345.0,335.05,340.1,341.5,0.3541,9.95,2.936,0.6213
2026-09-08,SURANA SOLAR LIMITED          ,SURANASOL ,EQ,N,25.86,25.86,26.23,25.62,26.03,25.96,0.6574,0.61,2.3589,0.6574
2026-09-08,SURANA TELECOM AND POW LT     ,SURANAT&P ,EQ,N,16.43,16.25,16.6,16.25,16.42,16.29,-0.0609,0.35,2.1302,1.0462
2026-09-08,SURYALATA SPINNING MILL L     ,SURYALA   ,EQ,N,421.4,410.05,410.1,409.95,410.0,410.0,-2.7053,0.15,0.0356,-0.0122
2026-09-08,SURYALAKSHMI COT MIL LTD      ,SURYALAXMI,EQ,N,58.85,59.0,59.29,56.31,58.32,58.32,-0.9006,2.98,5.0637,-1.1525
2026-09-08,SURYA ROSHNI LTD              ,SURYAROSNI,EQ,N,215.81,215.6,220.08,215.0,216.02,215.55,0.0973,5.08,2.3539,0.1948
2026-09-08,SURYODAY SMALL FIN BK LTD     ,SURYODAY  ,EQ,N,152.21,151.22,157.17,151.22,154.86,155.88,1.741,5.95,3.9091,2.4071
2026-09-08,SUVEN LIFE SCIENCES LTD       ,SUVEN     ,EQ,N,377.15,376.45,380.0,368.0,369.9,370.0,-1.9223,12.0,3.1818,-1.7399
2026-09-08,SUVIDHAA INFOSERVE LTD        ,SUVIDHAA  ,EQ,N,2.21,2.23,2.38,2.05,2.31,2.38,4.5249,0.33,14.9321,3.5874
2026-09-08,SUYOG TELEMATICS LIMITED      ,SUYOG     ,EQ,N,718.5,724.8,740.0,705.55,713.65,707.0,-0.675,34.45,4.7947,-1.5384
2026-09-08,SUZLON ENERGY LIMITED         ,SUZLON    ,EQ,N,45.55,45.47,45.77,45.27,45.5,45.5,-0.1098,0.5,1.0977,0.066
2026-09-08,S V GLOBAL MILL LTD.          ,SVGLOBAL  ,EQ,N,151.09,154.0,159.0,140.1,152.87,154.4,1.1781,18.9,12.5091,-0.7338
2026-09-08,SVP GLOBAL TEXTILES LTD       ,SVPGLOB   ,EQ,N,3.6,3.67,3.67,3.48,3.51,3.55,-2.5,0.19,5.2778,-4.3597
2026-09-08,SWAN CORP LIMITED             ,SWANCORP  ,EQ,N,278.1,279.45,280.4,275.25,276.8,277.5,-0.4675,5.15,1.8519,-0.9483
2026-09-08,SWARAJ ENGINES LTD            ,SWARAJENG ,EQ,N,3648.0,3650.0,3664.9,3603.1,3632.6,3630.8,-0.4221,61.8,1.6941,-0.4767
2026-09-08,SWARNSARITA JEWELS IND L      ,SWARNSAR  ,EQ,N,37.58,39.2,44.38,38.0,41.62,41.8,10.7504,6.38,16.9771,6.1735
2026-09-08,SWELECT ENERGY SYS LTD        ,SWELECTES ,EQ,N,572.35,573.6,608.0,573.6,583.8,580.4,2.0005,34.4,6.0103,1.7782
2026-09-08,SWIGGY LIMITED                ,SWIGGY    ,EQ,N,276.45,276.45,280.0,274.6,275.7,275.7,-0.2713,5.4,1.9533,-0.2713
2026-09-08,STRLNG & WIL REN ENE LTD      ,SWSOLAR   ,EQ,N,185.13,185.0,186.64,183.5,184.08,184.01,-0.5672,3.14,1.6961,-0.4973
2026-09-08,SYMBIOTEC PHARMALAB LTD       ,SYMBIOTEC ,EQ,N,1098.7,1105.0,1108.6,1071.1,1094.1,1093.0,-0.4187,37.5,3.4131,-0.9864
2026-09-08,SYMPHONY LIMITED              ,SYMPHONY  ,EQ,N,573.4,587.4,653.0,585.2,613.05,606.2,6.9149,67.8,11.8242,4.3667
2026-09-08,SYNCOM FORMU (I) LTD          ,SYNCOMF   ,EQ,N,20.27,20.4,21.5,20.4,20.97,21.0,3.4534,1.1,5.4267,2.7941
2026-09-08,SYNGENE INTERNATIONAL LTD     ,SYNGENE   ,EQ,N,389.3,389.3,390.65,383.5,387.55,387.25,-0.4495,7.15,1.8366,-0.4495
2026-09-08,SYRMA SGS TECHNOLOGY LTD      ,SYRMA     ,EQ,N,1634.8,1627.0,1660.0,1592.2,1639.2,1639.9,0.2691,67.8,4.1473,0.7498
2026-09-08,TAAL TECH LTD.                ,TAALTECH  ,EQ,N,4439.1,4499.0,4550.0,4437.1,4532.2,4525.0,2.0973,112.9,2.5433,0.7379
2026-09-08,TAINWALA CHEMICAL AND PLA     ,TAINWALCHM,EQ,N,208.48,207.44,218.0,207.44,212.34,214.8,1.8515,10.56,5.0652,2.3621
2026-09-08,TAJ GVK HOTELS & RESORTS      ,TAJGVK    ,EQ,N,329.2,329.35,338.4,326.9,332.75,333.8,1.0784,11.5,3.4933,1.0323
2026-09-08,TAKE LIMITED                  ,TAKE      ,EQ,N,14.51,15.23,15.23,14.79,15.23,15.23,4.9621,0.44,3.0324,0.0
2026-09-08,TALBROS AUTO. COMP. LTD       ,TALBROAUTO,EQ,N,431.8,431.8,431.8,420.0,424.0,426.0,-1.8064,11.8,2.7327,-1.8064
2026-09-08,TANEJA AEROSPACE & AVIA L     ,TANAA     ,EQ,N,282.0,284.45,286.4,272.8,276.95,275.0,-1.7908,13.6,4.8227,-2.6367
2026-09-08,TANLA PLATFORMS LIMITED       ,TANLA     ,EQ,N,520.2,519.0,520.2,510.8,512.95,513.2,-1.3937,9.4,1.807,-1.1657
2026-09-08,TARA CHAND INFRA SOLN LTD     ,TARACHAND ,EQ,N,47.43,48.7,49.0,47.5,47.68,47.86,0.5271,1.5,3.1626,-2.0945
2026-09-08,TARAPUR TRANSFORMERS LTD      ,TARAPUR   ,EQ,N,12.71,12.65,13.49,12.55,12.83,12.96,0.9441,0.94,7.3958,1.4229
2026-09-08,TARC LIMITED                  ,TARC      ,EQ,N,134.9,136.49,136.49,130.6,131.53,134.0,-2.4981,5.89,4.3662,-3.634
2026-09-08,TRANS & RECTI. LTD            ,TARIL     ,EQ,N,299.65,298.4,299.9,295.5,297.15,298.2,-0.8343,4.4,1.4684,-0.4189
2026-09-08,TARMAT LIMITED                ,TARMAT    ,EQ,N,61.91,61.91,66.0,61.6,62.25,62.14,0.5492,4.4,7.1071,0.5492
2026-09-08,TARSONS PRODUCTS LIMITED      ,TARSONS   ,EQ,N,328.55,326.6,330.2,321.15,325.15,327.0,-1.0349,9.05,2.7545,-0.444
2026-09-08,TASTY BITE EATABLES LTD       ,TASTYBITE ,EQ,N,9901.0,9883.0,9947.0,9826.0,9853.0,9826.0,-0.4848,121.0,1.2221,-0.3036
2026-09-08,TATA CAPITAL LIMITED          ,TATACAP   ,EQ,N,369.95,368.05,369.2,365.15,368.05,367.5,-0.5136,4.05,1.0947,0.0
2026-09-08,TATA CHEMICALS LTD            ,TATACHEM  ,EQ,N,613.35,611.6,614.95,605.5,607.7,607.8,-0.9212,9.45,1.5407,-0.6377
2026-09-08,TATA COMMUNICATIONS LTD       ,TATACOMM  ,EQ,N,1738.5,1746.9,1760.0,1718.2,1752.8,1756.0,0.8225,41.8,2.4044,0.3377
2026-09-08,TATA CONSUMER PRODUCT LTD     ,TATACONSUM,EQ,N,1015.0,1015.0,1018.7,1007.9,1014.1,1014.1,-0.0887,10.8,1.064,-0.0887
2026-09-08,TATA ELXSI LIMITED            ,TATAELXSI ,EQ,N,3497.0,3505.0,3505.3,3462.2,3492.0,3492.0,-0.143,43.1,1.2325,-0.3709
2026-09-08,TATAAML-TATAGOLD              ,TATAGOLD  ,EQ,N,14.76,14.78,14.89,14.73,14.79,14.8,0.2033,0.16,1.084,0.0677
2026-09-08,TATA INVESTMENT CORP LTD      ,TATAINVEST,EQ,N,627.8,626.9,626.9,621.0,622.05,624.0,-0.9159,5.9,0.9398,-0.7736
2026-09-08,TATA POWER CO LTD             ,TATAPOWER ,EQ,N,365.7,364.65,367.2,362.25,365.55,365.55,-0.041,4.95,1.3536,0.2468
2026-09-08,TATA STEEL LIMITED            ,TATASTEEL ,EQ,N,185.61,185.9,186.5,183.61,184.15,184.15,-0.7866,2.89,1.557,-0.9414
2026-09-08,TATA TECHNOLOGIES LIMITED     ,TATATECH  ,EQ,N,785.1,785.0,803.6,781.75,798.5,798.7,1.7068,21.85,2.7831,1.7197
2026-09-08,TATAAML-TATSILV               ,TATSILV   ,EQ,N,22.31,22.53,22.73,22.34,22.44,22.48,0.5827,0.39,1.7481,-0.3995
2026-09-08,TATVA CHIN PHARM CHEM LTD     ,TATVA     ,EQ,N,1695.8,1715.0,1732.0,1656.0,1680.2,1673.0,-0.9199,76.0,4.4817,-2.0292
2026-09-08,TBO TEK LIMITED               ,TBOTEK    ,EQ,N,1705.4,1690.0,1702.5,1669.6,1694.5,1700.0,-0.6391,32.9,1.9292,0.2663
2026-09-08,TRIB BHIMJI ZAVERI LTD        ,TBZ       ,EQ,N,528.9,555.3,555.3,555.3,555.3,555.3,4.9915,0.0,0.0,0.0
2026-09-08,TCC CONCEPT LIMITED           ,TCC       ,EQ,N,41.08,41.0,49.29,39.37,49.07,49.29,19.4499,9.92,24.148,19.6829
2026-09-08,TRANSPORT CORPN OF INDIA      ,TCI       ,EQ,N,863.95,863.0,880.0,860.0,872.5,868.0,0.9896,20.0,2.3149,1.1008
2026-09-08,TCI EXPRESS LIMITED           ,TCIEXP    ,EQ,N,549.1,549.1,556.85,545.35,550.45,546.0,0.2459,11.5,2.0943,0.2459
2026-09-08,TCPL PACKAGING LIMITED        ,TCPLPACK  ,EQ,N,3862.4,3919.8,3920.3,3802.2,3874.7,3876.2,0.3185,118.1,3.0577,-1.1506
2026-09-08,TATA CONSULTANCY SERV LT      ,TCS       ,EQ,N,2270.0,2270.0,2274.5,2244.0,2255.5,2255.5,-0.6388,30.5,1.3436,-0.6388
2026-09-08,TD POWER SYSTEMS LTD.         ,TDPOWERSYS,EQ,N,734.15,736.0,778.85,736.0,768.8,774.0,4.7197,42.85,5.8367,4.4565
2026-09-08,TEAM INDIA GUARANTY LTD       ,TEAMGTY   ,EQ,N,235.03,243.0,243.0,235.0,235.02,235.0,-0.0043,8.0,3.4038,-3.284
2026-09-08,TEAMLEASE SERVICES LTD.       ,TEAMLEASE ,EQ,N,1279.2,1285.0,1285.6,1243.8,1256.5,1264.0,-1.7745,41.8,3.2677,-2.2179
2026-09-08,BIRLASLAMC - TECH             ,TECH      ,EQ,N,32.78,32.85,33.01,32.6,32.79,32.89,0.0305,0.41,1.2508,-0.1826
2026-09-08,TECH MAHINDRA LIMITED         ,TECHM     ,EQ,N,1564.0,1556.1,1569.9,1541.4,1559.0,1559.0,-0.3197,28.5,1.8223,0.1864
2026-09-08,TECHNOCRAFT VENTURES LTD      ,TECHNOCRAF,EQ,N,388.95,393.25,406.95,389.1,403.85,404.85,3.8308,17.85,4.5893,2.6955
2026-09-08,TECHNO ELEC & ENG CO. LTD     ,TECHNOE   ,EQ,N,962.5,962.5,970.0,960.55,964.7,968.25,0.2286,9.45,0.9818,0.2286
2026-09-08,TECHNVISION VENTURES LTD.     ,TECHNVISN ,EQ,N,4792.5,4770.5,4956.0,4680.0,4797.5,4956.0,0.1043,276.0,5.759,0.566
2026-09-08,TECIL CHEMICALS               ,TECILCHEM ,EQ,N,9.5,9.54,9.7,9.21,9.26,9.26,-2.5263,0.49,5.1579,-2.935
2026-09-08,TEGA INDUSTRIES LIMITED       ,TEGA      ,EQ,N,1603.5,1613.0,1695.0,1593.0,1632.4,1631.0,1.8023,102.0,6.3611,1.2027
2026-09-08,TEJAS NETWORKS LIMITED        ,TEJASNET  ,EQ,N,593.6,595.7,604.95,583.4,590.05,591.0,-0.598,21.55,3.6304,-0.9485
2026-09-08,TEMBO GLOBAL IND LTD          ,TEMBO     ,EQ,N,58.43,59.4,59.62,58.0,58.17,58.0,-0.445,1.62,2.7725,-2.0707
2026-09-08,TEMPSENS INST (INDIA) LTD     ,TEMPSENS  ,EQ,N,546.2,546.0,573.75,537.35,571.35,572.5,4.6045,36.4,6.6642,4.6429
2026-09-08,TENNECO CLEAN AIR INDIA L     ,TENNIND   ,EQ,N,515.45,517.0,530.0,515.05,525.7,525.35,1.9886,14.95,2.9004,1.6828
2026-09-08,TERAI TEA CO. LTD.            ,TERAI     ,EQ,N,130.7,130.0,130.0,130.0,130.0,130.0,-0.5356,0.0,0.0,0.0
2026-09-08,TERA SOFTWARE LIMITED         ,TERASOFT  ,EQ,N,273.25,273.25,280.05,270.4,272.35,271.5,-0.3294,9.65,3.5316,-0.3294
2026-09-08,TEXMACO INFRA & HOLDG LTD     ,TEXINFRA  ,EQ,N,119.26,121.0,121.3,117.5,120.03,120.01,0.6456,3.8,3.1863,-0.8017
2026-09-08,TEXMO PIPE & PRODUCTS LTD     ,TEXMOPIPES,EQ,N,54.18,54.95,54.95,52.05,52.52,52.45,-3.0639,2.9,5.3525,-4.4222
2026-09-08,TEXMACO RAIL & ENG. LTD.      ,TEXRAIL   ,EQ,N,119.46,119.88,121.87,117.71,118.26,118.6,-1.0045,4.16,3.4823,-1.3514
2026-09-08,TOURISM FINANCE CORP. OF      ,TFCILTD   ,EQ,N,140.9,140.51,143.85,139.33,140.89,141.18,-0.0071,4.52,3.2079,0.2704
2026-09-08,TRANSWARRANTY FIN. LTD.       ,TFL       ,EQ,N,11.91,12.11,12.4,11.94,12.06,11.98,1.2594,0.46,3.8623,-0.4129
2026-09-08,TGB BANQUETS&HOTELS LTD       ,TGBHOTELS ,EQ,N,9.56,9.6,9.79,9.06,9.21,9.45,-3.6611,0.73,7.636,-4.0625
2026-09-08,T G V SRAAC LTD.              ,TGVSL     ,EQ,N,110.52,110.91,111.85,108.62,109.47,109.35,-0.9501,3.23,2.9225,-1.2984
2026-09-08,THACKER & CO. LTD.            ,THACKER   ,EQ,N,1016.0,1017.0,1017.0,1017.0,1017.0,1017.0,0.0984,0.0,0.0,0.0
2026-09-08,THAKKERS DEVELOPERS LTD.      ,THAKDEV   ,EQ,N,149.99,148.0,148.0,148.0,148.0,148.0,-1.3268,0.0,0.0,0.0
2026-09-08,THANGAMAYIL JEWELLERY LTD     ,THANGAMAYL,EQ,N,5474.0,5462.5,5507.0,5336.0,5366.5,5389.5,-1.9638,171.0,3.1239,-1.7574
2026-09-08,THE INVEST TRUST OF IND L     ,THEINVEST ,EQ,N,97.89,96.51,98.99,95.05,96.28,95.52,-1.6447,3.94,4.0249,-0.2383
2026-09-08,THEJO ENGINEERING LIMITED     ,THEJO     ,EQ,N,2160.2,2160.2,2168.9,2130.0,2134.1,2132.0,-1.2082,38.9,1.8008,-1.2082
2026-09-08,LEELA PALACES HOTEL LTD       ,THELEELA  ,EQ,N,543.5,550.0,550.4,538.55,542.5,543.65,-0.184,11.85,2.1803,-1.3636
2026-09-08,THEMIS MEDICARE LTD.          ,THEMISMED ,EQ,N,133.07,132.0,134.9,129.01,132.17,132.1,-0.6763,5.89,4.4262,0.1288
2026-09-08,THERMAX LTD                   ,THERMAX   ,EQ,N,3622.0,3593.0,3655.2,3580.5,3629.6,3630.0,0.2098,74.7,2.0624,1.0186
2026-09-08,THOMAS COOK (INDIA) LTD       ,THOMASCOOK,EQ,N,112.52,112.0,112.53,108.8,109.91,109.5,-2.3196,3.73,3.315,-1.8661
2026-09-08,THOMAS SCOTT (INDIA) LTD      ,THOMASCOTT,EQ,N,259.65,261.85,261.85,253.0,255.3,260.9,-1.6753,8.85,3.4084,-2.5014
2026-09-08,THYROCARE TECH LTD            ,THYROCARE ,EQ,N,573.15,573.1,577.0,566.6,569.45,570.7,-0.6456,10.4,1.8145,-0.6369
2026-09-08,TILAKNAGAR INDUSTRIES LTD     ,TI        ,EQ,N,533.25,532.0,542.0,531.15,540.35,540.4,1.3315,10.85,2.0347,1.5695
2026-09-08,TIGER LOGISTICS (INDIA) L     ,TIGERLOGS ,EQ,N,28.08,28.32,28.76,27.59,27.82,27.77,-0.9259,1.17,4.1667,-1.7655
2026-09-08,TECHNOCRAFT IND LTD           ,TIIL      ,EQ,N,3166.4,3198.0,3239.0,3109.0,3141.0,3150.0,-0.8022,130.0,4.1056,-1.7824
2026-09-08,TUBE INVEST OF INDIA LTD      ,TIINDIA   ,EQ,N,2683.0,2683.4,2683.4,2626.2,2638.7,2638.7,-1.6511,57.2,2.1319,-1.6658
2026-09-08,TIME TECHNOPLAST LTD.         ,TIMETECHNO,EQ,N,184.53,184.2,188.0,183.16,186.54,187.82,1.0893,4.84,2.6229,1.2704
2026-09-08,TIMEX GROUP INDIA LTD.        ,TIMEX     ,EQ,N,628.3,633.0,637.0,599.0,607.1,608.0,-3.3742,38.0,6.0481,-4.0916
2026-09-08,TIMKEN INDIA LTD.             ,TIMKEN    ,EQ,N,3098.7,3085.0,3120.0,3080.2,3098.9,3106.0,0.0065,39.8,1.2844,0.4506
2026-09-08,TINNA RUBBER AND INFR LTD     ,TINNARUBR ,EQ,N,1012.9,1027.45,1027.45,997.0,1019.0,1024.7,0.6022,30.45,3.0062,-0.8224
2026-09-08,TIPS FILMS LIMITED            ,TIPSFILMS ,EQ,N,328.15,328.15,336.0,325.0,331.1,333.2,0.899,11.0,3.3521,0.899
2026-09-08,TIPS MUSIC LIMITED            ,TIPSMUSIC ,EQ,N,643.7,643.7,663.8,641.15,644.9,643.2,0.1864,22.65,3.5187,0.1864
2026-09-08,THIRUMALAI CHEMICALS LTD      ,TIRUMALCHM,EQ,N,154.98,155.5,159.8,153.0,157.9,158.5,1.8841,6.8,4.3877,1.5434
2026-09-08,TITAGARH RAIL SYSTEMS LTD     ,TITAGARH  ,EQ,N,896.45,897.0,897.9,874.0,880.8,883.3,-1.7458,23.9,2.6661,-1.806
2026-09-08,TITAN COMPANY LIMITED         ,TITAN     ,EQ,N,4995.0,4975.0,5015.5,4969.0,4987.0,4987.0,-0.1602,46.5,0.9309,0.2412
2026-09-08,TAMILNAD MERCA BANK LTD       ,TMB       ,EQ,N,936.45,936.45,936.8,920.15,926.8,929.9,-1.0305,16.65,1.778,-1.0305
2026-09-08,TATA MOTORS LIMITED           ,TMCV      ,EQ,N,459.65,459.0,460.45,453.25,456.05,457.0,-0.7832,7.2,1.5664,-0.6427
2026-09-08,TATA MOTORS PASS VEH LTD      ,TMPV      ,EQ,N,307.0,306.1,306.65,302.45,306.45,306.45,-0.1792,4.2,1.3681,0.1143
2026-09-08,TATAAML - TNIDETF             ,TNIDETF   ,EQ,N,89.81,89.8,90.69,89.29,89.67,90.05,-0.1559,1.4,1.5588,-0.1448
2026-09-08,TAMILNADU PETROPRODUCTS L     ,TNPETRO   ,EQ,N,131.73,131.51,146.99,130.25,139.18,140.1,5.6555,16.74,12.7078,5.8323
2026-09-08,TAMILNADU NEWSPRT & PAPER     ,TNPL      ,EQ,N,159.5,160.55,164.8,158.41,161.41,161.56,1.1975,6.39,4.0063,0.5357
2026-09-08,TAMILNADU TELECOMMUNICATI     ,TNTELE    ,EQ,N,8.97,8.97,9.08,8.69,8.99,9.0,0.223,0.39,4.3478,0.223
2026-09-08,TOKYO PLAST INTL LTD          ,TOKYOPLAST,EQ,N,75.99,73.0,78.5,73.0,78.5,78.5,3.3031,5.5,7.2378,7.5342
2026-09-08,TOLINS TYRES LIMITED          ,TOLINS    ,EQ,N,92.26,92.26,94.94,91.11,92.23,92.39,-0.0325,3.83,4.1513,-0.0325
2026-09-08,ZERODHAAMC - TOP100CASE       ,TOP100CASE,EQ,N,10.47,10.62,10.62,10.41,10.43,10.41,-0.382,0.21,2.0057,-1.7891
2026-09-08,DSPAMC - TOP10ADD             ,TOP10ADD  ,EQ,N,87.19,87.15,87.15,86.55,86.63,86.55,-0.6423,0.6,0.6882,-0.5967
2026-09-08,ICICIPRAMC - TOP15IETF        ,TOP15IETF ,EQ,N,9.74,9.77,9.77,9.67,9.68,9.7,-0.616,0.1,1.0267,-0.9212
2026-09-08,MIRAEAMC - TOP20              ,TOP20     ,EQ,N,8.83,8.81,8.81,8.77,8.78,8.78,-0.5663,0.04,0.453,-0.3405
2026-09-08,TORRENT PHARMACEUTICALS L     ,TORNTPHARM,EQ,N,4914.0,4900.0,4983.5,4887.0,4960.0,4960.0,0.9361,96.5,1.9638,1.2245
2026-09-08,TORRENT POWER LTD             ,TORNTPOWER,EQ,N,1275.7,1275.0,1283.9,1257.6,1270.2,1277.0,-0.4311,26.3,2.0616,-0.3765
2026-09-08,TOTAL TRANSPORT SYS LTD       ,TOTAL     ,EQ,N,74.14,72.03,74.12,72.03,73.72,74.0,-0.5665,2.09,2.819,2.3462
2026-09-08,TOUCHWOOD ENTERTAIN LTD.      ,TOUCHWOOD ,EQ,N,62.0,64.99,64.99,60.2,61.06,60.51,-1.5161,4.79,7.7258,-6.0471
2026-09-08,TOYAM SPORTS LTD.             ,TOYAMSL   ,EQ,N,0.61,0.62,0.64,0.61,0.62,0.64,1.6393,0.03,4.918,0.0
2026-09-08,TPL PLASTECH LIMITED          ,TPLPLASTEH,EQ,N,68.61,68.98,69.33,66.07,67.69,67.2,-1.3409,3.26,4.7515,-1.8701
2026-09-08,TRACXN TECHNOLOGIES LTD       ,TRACXN    ,EQ,N,29.68,29.5,30.0,28.3,29.01,29.25,-2.2574,1.7,5.7278,-1.661
2026-09-08,TRANSCORP INTERNATIONAL L     ,TRANSCOR  ,EQ,N,25.14,26.0,26.0,24.35,24.99,25.53,-0.5967,1.65,6.5632,-3.8846
2026-09-08,TRANSRAIL LIGHTING LTD        ,TRANSRAILL,EQ,N,419.55,419.55,423.55,416.05,419.0,419.0,-0.1311,7.5,1.7876,-0.1311
2026-09-08,TRAVEL FOOD SERVICES LTD      ,TRAVELFOOD,EQ,N,1285.3,1285.0,1304.0,1275.1,1295.5,1303.0,0.7936,28.9,2.2485,0.8171
2026-09-08,TREE HOUSE EDU LTD            ,TREEHOUSE ,EQ,N,6.1,6.02,6.36,6.02,6.07,6.14,-0.4918,0.34,5.5738,0.8306
2026-09-08,TREJHARA SOLUTIONS LTD        ,TREJHARA  ,EQ,N,147.19,147.19,149.8,146.01,149.11,149.38,1.3044,3.79,2.5749,1.3044
2026-09-08,TRANSINDIA REAL ESTATE L      ,TREL      ,EQ,N,27.18,26.7,27.75,26.0,26.72,26.36,-1.6924,1.75,6.4386,0.0749
2026-09-08,TRENT LTD                     ,TRENT     ,EQ,N,2814.5,2800.5,2812.8,2770.4,2793.6,2793.6,-0.7426,42.4,1.5065,-0.2464
2026-09-08,TRF LIMITED                   ,TRF       ,EQ,N,235.13,238.0,238.0,230.42,230.98,234.98,-1.765,7.58,3.2237,-2.9496
2026-09-08,TRIDENT LIMITED               ,TRIDENT   ,EQ,N,23.98,23.98,23.98,23.81,23.86,23.87,-0.5004,0.17,0.7089,-0.5004
2026-09-08,TRIGYN TECHNOLOGIES LTD       ,TRIGYN    ,EQ,N,59.88,59.05,59.83,56.06,56.92,56.45,-4.9432,3.77,6.2959,-3.6071
2026-09-08,TRITON VALVES LTD.            ,TRITONV   ,EQ,N,1140.5,1159.0,1159.0,1113.7,1124.6,1125.0,-1.3941,45.3,3.9719,-2.9681
2026-09-08,TRIVENI TURBINE LIMITED       ,TRITURBINE,EQ,N,568.75,567.9,585.0,566.0,580.6,583.4,2.0835,19.0,3.3407,2.2363
2026-09-08,TRIVENI ENGG. & INDS. LTD     ,TRIVENI   ,EQ,N,276.1,277.1,278.2,269.85,272.75,272.9,-1.2133,8.35,3.0243,-1.5698
2026-09-08,TRUCAP FINANCE LIMITED        ,TRU       ,EQ,N,4.1,4.01,4.15,3.97,4.06,4.09,-0.9756,0.18,4.3902,1.2469
2026-09-08,TRUALT BIOENERGY LIMITED      ,TRUALT    ,EQ,N,424.1,424.0,425.5,410.85,415.7,417.85,-1.9807,14.65,3.4544,-1.9575
2026-09-08,TSF INVESTMENTS LIMITED       ,TSFINV    ,EQ,N,403.6,403.6,429.2,403.6,422.3,423.7,4.6333,25.6,6.3429,4.6333
2026-09-08,TTK HEALTHCARE LIMITED        ,TTKHLTCARE,EQ,N,1091.1,1092.5,1213.1,1090.0,1191.0,1195.0,9.1559,123.1,11.2822,9.016
2026-09-08,TTK PRESTIGE LTD              ,TTKPRESTIG,EQ,N,548.0,550.0,561.3,545.0,549.2,548.9,0.219,16.3,2.9745,-0.1455
2026-09-08,T T LIMITED                   ,TTL       ,EQ,N,6.74,6.79,7.15,6.61,6.83,7.15,1.3353,0.54,8.0119,0.5891
2026-09-08,TATA TELESERV(MAHARASTRA)     ,TTML      ,EQ,N,37.35,37.3,37.31,36.3,36.49,36.69,-2.3025,1.01,2.7041,-2.1716
2026-09-08,TURTLEMINT FINTECH SOLS L     ,TURTLEMINT,EQ,N,142.42,140.86,141.91,137.0,139.86,139.6,-1.7975,4.91,3.4475,-0.7099
2026-09-08,TUTICORIN ALKAL CH & FE L     ,TUTIALKA  ,EQ,N,59.74,61.0,61.0,59.01,59.91,60.35,0.2846,1.99,3.3311,-1.7869
2026-09-08,TVS ELECTRONICS LTD           ,TVSELECT  ,EQ,N,418.8,417.1,424.95,410.3,411.75,410.3,-1.6834,14.65,3.4981,-1.2827
2026-09-08,TVS HOLDINGS LIMITED          ,TVSHLTD   ,EQ,N,13748.0,13743.0,13743.0,13300.0,13377.0,13400.0,-2.6986,443.0,3.2223,-2.6632
2026-09-08,TVS MOTOR COMPANY  LTD        ,TVSMOTOR  ,EQ,N,4132.0,4139.0,4156.8,4078.0,4133.2,4133.2,0.029,78.8,1.9071,-0.1401
2026-09-08,TVS SUPPLY CHAIN SOL L        ,TVSSCS    ,EQ,N,129.05,128.1,128.68,126.75,127.23,127.5,-1.4103,1.93,1.4955,-0.6792
2026-09-08,TVS SRICHAKRA LIMITED         ,TVSSRICHAK,EQ,N,5305.0,5341.0,5500.0,5280.0,5340.0,5280.0,0.6598,220.0,4.147,-0.0187
2026-09-08,TV TODAY NETWORK LTD          ,TVTODAY   ,EQ,N,110.68,110.74,113.43,110.18,110.99,111.69,0.2801,3.25,2.9364,0.2258
2026-09-08,WEALTH - TWCGOLDETF           ,TWCGOLDETF,EQ,N,151.22,158.9,158.9,151.04,151.52,151.24,0.1984,7.86,5.1977,-4.6444
2026-09-08,UNITED BREWERIES LTD          ,UBL       ,EQ,N,1291.0,1291.0,1293.9,1245.9,1252.5,1248.3,-2.9822,48.0,3.718,-2.9822
2026-09-08,UCO BANK                      ,UCOBANK   ,EQ,N,24.42,24.42,24.45,24.14,24.18,24.2,-0.9828,0.31,1.2695,-0.9828
2026-09-08,UDAY JEWELLERY INDS. LTD.     ,UDAYJEW   ,EQ,N,167.58,169.8,175.8,155.0,167.17,166.0,-0.2447,20.8,12.412,-1.5489
2026-09-08,UPDATER SERVICES LIMITED      ,UDS       ,EQ,N,217.84,216.76,221.0,206.21,215.77,217.0,-0.9502,14.79,6.7894,-0.4567
2026-09-08,UJAAS ENERGY LIMITED          ,UEL       ,EQ,N,229.52,218.05,218.05,218.05,218.05,218.05,-4.9974,0.0,0.0,0.0
2026-09-08,UFLEX LIMITED                 ,UFLEX     ,EQ,N,682.7,683.55,695.0,663.35,686.75,690.0,0.5932,31.65,4.636,0.4681
2026-09-08,UFO MOVIEZ INDIA LTD.         ,UFO       ,EQ,N,64.51,65.3,65.79,63.7,64.83,65.0,0.496,2.09,3.2398,-0.7198
2026-09-08,THE UGAR SUGAR WORKS LTD      ,UGARSUGAR ,EQ,N,54.19,54.49,54.85,52.66,53.29,53.66,-1.6608,2.19,4.0413,-2.2022
2026-09-08,UGRO CAPITAL LIMITED          ,UGROCAP   ,EQ,N,85.42,85.5,85.89,84.64,85.06,85.15,-0.4214,1.25,1.4634,-0.5146
2026-09-08,UJJIVAN SMALL FINANC BANK     ,UJJIVANSFB,EQ,N,65.09,64.93,65.47,63.71,64.86,64.86,-0.3534,1.76,2.7039,-0.1078
2026-09-08,ULTRATECH CEMENT LIMITED      ,ULTRACEMCO,EQ,N,11175.0,11175.0,11215.0,10995.0,11009.0,11009.0,-1.4855,220.0,1.9687,-1.4855
2026-09-08,ULTRAMARINE & PIGMENTS L      ,ULTRAMAR  ,EQ,N,429.4,429.4,438.5,419.2,421.45,423.0,-1.8514,19.3,4.4946,-1.8514
2026-09-08,USHA MARTIN EDU & SOL LTD     ,UMESLTD   ,EQ,N,5.09,5.14,5.18,5.0,5.08,5.09,-0.1965,0.18,3.5363,-1.1673
2026-09-08,UMIYA BUILDCON LIMITED        ,UMIYA-MRO ,EQ,N,104.82,105.82,105.82,98.0,98.93,99.3,-5.6192,7.82,7.4604,-6.5111
2026-09-08,UNICHEM LABORATORIES LTD      ,UNICHEMLAB,EQ,N,569.75,567.0,575.2,552.4,555.6,554.0,-2.4835,22.8,4.0018,-2.0106
2026-09-08,UNICOMMERCE ESOLUTIONS L      ,UNIECOM   ,EQ,N,85.36,85.36,85.7,83.26,84.13,83.84,-1.441,2.44,2.8585,-1.441
2026-09-08,UNIPHOS ENTERPRISES LTD       ,UNIENTER  ,EQ,N,92.85,93.9,95.45,93.26,93.55,93.92,0.7539,2.19,2.3586,-0.3727
2026-09-08,UNIINFO TELECOM SERVI LTD     ,UNIINFO   ,EQ,N,11.06,11.06,11.2,10.85,11.05,11.2,-0.0904,0.35,3.1646,-0.0904
2026-09-08,UNIMECH AEROSPACE N MFG L     ,UNIMECH   ,EQ,N,1495.7,1514.0,1640.0,1494.2,1629.6,1628.0,8.9523,145.8,9.7479,7.6354
2026-09-08,UNION BANK OF INDIA           ,UNIONBANK ,EQ,N,186.04,184.41,185.15,181.4,183.22,183.22,-1.5158,3.75,2.0157,-0.6453
2026-09-08,UNIONAMC - UNIONGOLD          ,UNIONGOLD ,EQ,N,148.75,149.55,150.25,148.45,148.85,149.35,0.0672,1.8,1.2101,-0.4681
2026-09-08,UNIPARTS INDIA LIMITED        ,UNIPARTS  ,EQ,N,902.1,903.95,907.0,890.0,898.0,894.4,-0.4545,17.0,1.8845,-0.6582
2026-09-08,UNITED SPIRITS LIMITED        ,UNITDSPR  ,EQ,N,1440.0,1431.8,1441.9,1426.9,1440.0,1440.0,0.0,15.0,1.0417,0.5727
2026-09-08,UNITECH LTD                   ,UNITECH   ,EQ,N,4.22,4.25,4.25,4.01,4.04,4.07,-4.2654,0.24,5.6872,-4.9412
2026-09-08,UNITED POLYFAB GUJ. LTD.      ,UNITEDPOLY,EQ,N,42.88,42.99,43.0,41.5,42.78,42.8,-0.2332,1.5,3.4981,-0.4885
2026-09-08,UNITED NILGIRI TEA LTD        ,UNITEDTEA ,EQ,N,441.95,442.0,446.1,440.1,441.85,444.35,-0.0226,6.0,1.3576,-0.0339
2026-09-08,UNIVERSAL CABLES LTD          ,UNIVCABLES,EQ,N,1487.6,1480.4,1556.8,1480.4,1524.7,1535.0,2.4939,76.4,5.1358,2.9924
2026-09-08,UNO MINDA LIMITED             ,UNOMINDA  ,EQ,N,1241.7,1240.0,1241.0,1221.0,1237.0,1237.0,-0.3785,20.0,1.6107,-0.2419
2026-09-08,U P HOTELS LTD.               ,UPHOT     ,EQ,N,1330.0,1350.0,1396.5,1350.0,1396.5,1396.5,5.0,46.5,3.4962,3.4444
2026-09-08,UPL LIMITED                   ,UPL       ,EQ,N,573.0,575.5,576.75,569.95,576.75,576.75,0.6545,6.8,1.1867,0.2172
2026-09-08,URBAN COMPANY LIMITED         ,URBANCO   ,EQ,N,176.06,176.06,177.0,169.52,171.77,172.0,-2.4367,7.48,4.2486,-2.4367
2026-09-08,URJA GLOBAL LIMITED           ,URJA      ,EQ,N,9.12,9.06,9.14,9.06,9.08,9.12,-0.4386,0.08,0.8772,0.2208
2026-09-08,USHA MARTIN LTD.              ,USHAMART  ,EQ,N,500.3,497.1,508.45,497.1,499.85,502.6,-0.0899,11.35,2.2686,0.5532
2026-09-08,UDAYSHIVAKUMAR INFRA LTD      ,USK       ,EQ,N,20.9,21.0,21.15,20.56,20.88,20.94,-0.0957,0.59,2.823,-0.5714
2026-09-08,UTI ASSET MNGMT CO LTD        ,UTIAMC    ,EQ,N,889.95,889.95,905.4,889.9,900.45,901.0,1.1798,15.5,1.7417,1.1798
2026-09-08,UTKARSH SMALL FIN BANK L      ,UTKARSHBNK,EQ,N,15.03,15.29,16.49,14.94,15.69,15.64,4.3912,1.55,10.3127,2.6161
2026-09-08,FUJIYAMA POWER SYSTEMS L      ,UTLSOLAR  ,EQ,N,417.3,410.2,440.0,410.2,435.2,434.0,4.2895,29.8,7.1411,6.0946
2026-09-08,UTTAM SUGAR MILLS LTD.        ,UTTAMSUGAR,EQ,N,284.0,285.4,289.9,281.05,287.55,289.7,1.25,8.85,3.1162,0.7533
2026-09-08,V2 RETAIL LIMITED             ,V2RETAIL  ,EQ,N,222.42,222.2,223.62,218.5,220.17,220.05,-1.0116,5.12,2.302,-0.9136
2026-09-08,VADILAL INDUSTRIES LTD        ,VADILALIND,EQ,N,7505.5,7450.0,7575.0,7375.5,7534.5,7480.0,0.3864,199.5,2.6581,1.1342
2026-09-08,VADILAL ENTERPRISES LTD.      ,VADILENT  ,EQ,N,10730.0,10999.0,10999.0,10225.0,10364.0,10480.0,-3.411,774.0,7.2134,-5.7733
2026-09-08,VAIBHAV GLOBAL LIMITED        ,VAIBHAVGBL,EQ,N,216.49,216.6,217.95,214.5,215.98,217.95,-0.2356,3.45,1.5936,-0.2862
2026-09-08,VAISHALI PHARMA LIMITED       ,VAISHALI  ,EQ,N,8.37,8.54,8.56,8.3,8.34,8.4,-0.3584,0.26,3.1063,-2.3419
2026-09-08,VAKRANGEE LIMITED             ,VAKRANGEE ,EQ,N,5.66,5.69,5.7,5.58,5.62,5.64,-0.7067,0.12,2.1201,-1.2302
2026-09-08,ICICIPRAMC - VAL30IETF        ,VAL30IETF ,EQ,N,15.06,15.06,15.06,14.99,15.0,15.0,-0.3984,0.07,0.4648,-0.3984
2026-09-08,MIRAEAMC - VALUE              ,VALUE     ,EQ,N,16.04,16.04,16.06,15.96,15.98,16.0,-0.3741,0.1,0.6234,-0.3741
2026-09-08,AXISAMC-VALUEAXIS             ,VALUEAXIS ,EQ,N,32.8,32.2,33.03,32.2,32.62,32.68,-0.5488,0.83,2.5305,1.3043
2026-09-08,VEDANTA ALUMINIUM METAL L     ,VAML      ,EQ,N,438.9,440.15,443.9,435.5,436.6,435.95,-0.524,8.4,1.9139,-0.8065
2026-09-08,VARDHMAN POLYTEX LTD.         ,VARDMNPOLY,EQ,N,5.89,5.94,6.0,5.8,5.89,5.86,0.0,0.2,3.3956,-0.8418
2026-09-08,VARROC ENGINEERING LTD.       ,VARROC    ,EQ,N,827.05,829.95,861.0,815.8,849.45,857.0,2.7084,45.2,5.4652,2.3495
2026-09-08,VASCON ENGINEERS LTD          ,VASCONEQ  ,EQ,N,30.09,29.94,30.15,29.76,29.87,29.99,-0.7311,0.39,1.2961,-0.2338
2026-09-08,SHRI VASUPRADA PLANTATI L     ,VASUPRADA ,EQ,N,108.0,103.0,103.0,103.0,103.0,103.0,-4.6296,0.0,0.0,0.0
2026-09-08,VASWANI IND LTD               ,VASWANI   ,EQ,N,45.85,44.79,47.0,44.79,46.5,46.55,1.4177,2.21,4.8201,3.8178
2026-09-08,VARUN BEVERAGES LIMITED       ,VBL       ,EQ,N,405.95,405.0,408.4,403.65,405.7,405.7,-0.0616,4.75,1.1701,0.1728
2026-09-08,VEDAVAAG SYSTEMS LTD.         ,VEDAVAAG  ,EQ,N,18.15,18.16,19.4,17.25,18.83,18.89,3.7466,2.15,11.8457,3.6894
2026-09-08,VEDANTA LIMITED               ,VEDL      ,EQ,N,268.0,269.3,272.8,269.15,272.0,272.0,1.4925,3.65,1.3619,1.0026
2026-09-08,VEDANTA POWER LIMITED         ,VEDPOWER  ,EQ,N,34.12,34.3,34.82,34.15,34.28,34.29,0.4689,0.67,1.9637,-0.0583
2026-09-08,VEEDOL CORPORATION LTD        ,VEEDOL    ,EQ,N,1456.3,1450.0,1462.8,1450.0,1454.0,1452.0,-0.1579,12.8,0.8789,0.2759
2026-09-08,VENKY S (INDIA) LIMITED       ,VENKEYS   ,EQ,N,1648.3,1648.3,1742.0,1644.5,1709.0,1707.9,3.6826,97.5,5.9152,3.6826
2026-09-08,VENTIVE HOSPITALITY LTD       ,VENTIVE   ,EQ,N,580.55,585.15,585.6,567.35,571.5,572.4,-1.5589,18.25,3.1436,-2.3327
2026-09-08,VENUS PIPES & TUBES LTD       ,VENUSPIPES,EQ,N,1805.4,1825.0,1987.0,1785.0,1949.9,1942.0,8.0038,202.0,11.1887,6.8438
2026-09-08,VERANDA LEARNING SOL LTD      ,VERANDA   ,EQ,N,241.81,241.6,243.14,229.66,232.73,231.5,-3.755,13.48,5.5746,-3.6714
2026-09-08,VERTOZ LIMITED                ,VERTOZ    ,EQ,N,37.04,38.0,38.97,37.1,38.38,38.8,3.6177,1.87,5.0486,1.0
2026-09-08,VESUVIUS INDIA LTD            ,VESUVIUS  ,EQ,N,419.55,417.7,422.4,416.1,421.85,422.25,0.5482,6.3,1.5016,0.9935
2026-09-08,VIBRANT GLOBAL CAPITAL L      ,VGCL      ,EQ,N,50.98,51.0,52.99,49.25,50.66,50.58,-0.6277,3.74,7.3362,-0.6667
2026-09-08,VARVEE GLOBAL LIMITED         ,VGL       ,EQ,N,53.52,53.0,53.67,52.5,53.26,53.37,-0.4858,1.17,2.1861,0.4906
2026-09-08,V-GUARD IND LTD.              ,VGUARD    ,EQ,N,332.55,330.35,332.65,327.3,330.05,329.0,-0.7518,5.35,1.6088,-0.0908
2026-09-08,VARDHMAN HOLDINGS LIMITED     ,VHL       ,EQ,N,3620.8,3576.0,3680.0,3576.0,3631.4,3665.0,0.2928,104.0,2.8723,1.5492
2026-09-08,VIDHI SPCLTY F INGRDNTS L     ,VIDHIING  ,EQ,N,349.0,350.85,360.0,335.1,356.45,360.0,2.1347,24.9,7.1347,1.5961
2026-09-08,VIDYA WIRES LIMITED           ,VIDYAWIRES,EQ,N,88.15,87.5,90.89,86.66,89.09,88.8,1.0664,4.23,4.7986,1.8171
2026-09-08,VIJAYA DIAGNOSTIC CEN LTD     ,VIJAYA    ,EQ,N,1497.5,1495.0,1520.0,1486.1,1503.0,1504.0,0.3673,33.9,2.2638,0.5351
2026-09-08,VIJAY SOLVEX LTD.             ,VIJSOLX   ,EQ,N,682.1,685.15,716.0,656.8,663.9,692.0,-2.6682,59.2,8.6791,-3.1015
2026-09-08,VIKAS ECOTECH LIMITED         ,VIKASECO  ,EQ,N,1.07,1.07,1.08,1.05,1.05,1.05,-1.8692,0.03,2.8037,-1.8692
2026-09-08,VIKAS LIFECARE LIMITED        ,VIKASLIFE ,EQ,N,1.29,1.29,1.3,1.28,1.28,1.29,-0.7752,0.02,1.5504,-0.7752
2026-09-08,VIKRAM SOLAR LIMITED          ,VIKRAMSOLR,EQ,N,165.81,166.0,169.8,165.1,169.28,169.75,2.0928,4.7,2.8346,1.9759
2026-09-08,VIKRAN ENGINEERING LTD        ,VIKRAN    ,EQ,N,60.6,60.46,60.46,59.02,59.14,59.18,-2.4092,1.44,2.3762,-2.1833
2026-09-08,VIMTA LABS LIMITED            ,VIMTALABS ,EQ,N,640.65,642.2,647.7,622.0,625.8,627.0,-2.318,25.7,4.0116,-2.5537
2026-09-08,VINATI ORGANICS LTD           ,VINATIORGA,EQ,N,1298.9,1303.5,1368.0,1299.2,1347.8,1348.0,3.7647,68.8,5.2968,3.3985
2026-09-08,VINTAGE COFFEE N BVRGS L      ,VINCOFE   ,EQ,N,178.88,178.9,181.8,175.28,178.34,178.38,-0.3019,6.52,3.6449,-0.313
2026-09-08,VINDHYA TELELINKS LTD         ,VINDHYATEL,EQ,N,2765.0,2789.0,2824.5,2690.0,2793.7,2796.5,1.038,134.5,4.8644,0.1685
2026-09-08,VINEET LABORATORIES LTD       ,VINEETLAB ,EQ,N,37.28,37.9,38.3,35.66,36.94,37.26,-0.912,2.64,7.0815,-2.533
2026-09-08,VINNY OVERSEAS LIMITED        ,VINNY     ,EQ,N,1.01,1.01,1.01,0.99,1.0,1.01,-0.9901,0.02,1.9802,-0.9901
2026-09-08,VINYL CHEMICALS (I) LTD.      ,VINYLINDIA,EQ,N,228.68,231.0,231.5,221.0,224.57,225.95,-1.7973,10.5,4.5916,-2.7835
2026-09-08,VIP CLOTHING LIMITED          ,VIPCLOTHNG,EQ,N,20.16,20.36,20.55,19.94,20.26,20.5,0.496,0.61,3.0258,-0.4912
2026-09-08,VIP INDUSTRIES LTD            ,VIPIND    ,EQ,N,320.5,321.0,321.05,308.1,309.6,309.85,-3.4009,12.95,4.0406,-3.5514
2026-09-08,VIRAT INDUSTRIES LTD.         ,VIRAT     ,EQ,N,433.2,445.0,476.5,420.05,460.35,451.4,6.2673,56.45,13.0309,3.4494
2026-09-08,VIRINCHI LIMITED              ,VIRINCHI  ,EQ,N,14.31,14.3,14.74,13.75,14.05,14.05,-1.8169,0.99,6.9182,-1.7483
2026-09-08,VISA CHROME LIMITED           ,VISACHROME,EQ,N,36.73,36.99,37.61,36.1,36.93,36.1,0.5445,1.51,4.1111,-0.1622
2026-09-08,VISAKA INDUSTRIES LIMITED     ,VISAKAIND ,EQ,N,92.17,92.4,94.8,91.2,93.12,93.0,1.0307,3.6,3.9058,0.7792
2026-09-08,VISHAL FABRICS LTD.           ,VISHAL    ,EQ,N,18.24,18.4,18.75,18.25,18.39,18.3,0.8224,0.5,2.7412,-0.0543
2026-09-08,VISHNU CHEMICALS LIMITED      ,VISHNU    ,EQ,N,726.5,736.5,742.0,712.6,731.55,729.0,0.6951,29.4,4.0468,-0.6721
2026-09-08,VISHWARAJ SUGAR IND LTD       ,VISHWARAJ ,EQ,N,5.96,5.98,6.04,5.82,5.86,5.85,-1.6779,0.22,3.6913,-2.0067
2026-09-08,VEDANTA IRON AND STEEL L      ,VISL      ,EQ,N,34.64,34.8,35.41,33.8,33.97,33.91,-1.9342,1.61,4.6478,-2.3851
2026-09-08,VITAL CHEMTECH LIMITED        ,VITAL     ,EQ,N,56.59,55.11,59.0,55.1,55.4,56.39,-2.1028,3.9,6.8917,0.5262
2026-09-08,VIVIANA POWER TECH LTD        ,VIVIANA   ,EQ,N,776.55,794.9,794.9,725.1,740.85,735.0,-4.5973,69.8,8.9885,-6.7996
2026-09-08,VISAGAR POLYTEX LTD           ,VIVIDHA   ,EQ,N,0.51,0.53,0.54,0.52,0.52,0.53,1.9608,0.02,3.9216,-1.8868
2026-09-08,VIVO BIO TECH LTD.            ,VIVOBIOT  ,EQ,N,18.99,19.0,19.98,18.56,19.01,19.03,0.1053,1.42,7.4776,0.0526
2026-09-08,VIYASH SCIENTIFIC LIMITED     ,VIYASH    ,EQ,N,263.65,264.0,264.8,260.8,261.95,261.95,-0.6448,4.0,1.5172,-0.7765
2026-09-08,VL E GOV AND IT SOL LTD       ,VLEGOV    ,EQ,N,10.47,10.33,10.69,10.26,10.36,10.47,-1.0506,0.43,4.107,0.2904
2026-09-08,VLS FINANCE LTD               ,VLSFINANCE,EQ,N,244.43,245.01,248.8,244.75,246.08,247.9,0.675,4.05,1.6569,0.4367
2026-09-08,VMART RETAIL LTD              ,VMART     ,EQ,N,826.2,834.4,834.4,823.5,824.65,823.5,-0.1876,10.9,1.3193,-1.1685
2026-09-08,VISHAL MEGA MART LIMITED      ,VMM       ,EQ,N,104.0,104.5,105.01,103.05,103.9,103.9,-0.0962,1.96,1.8846,-0.5742
2026-09-08,VMS TMT LIMITED               ,VMSTMT    ,EQ,N,44.58,44.45,45.37,44.2,44.83,45.15,0.5608,1.17,2.6245,0.8549
2026-09-08,VIRTUOSO OPTOELECTRONIC L     ,VOEPL     ,EQ,N,543.15,543.0,554.75,524.6,549.7,550.0,1.2059,30.15,5.551,1.2339
2026-09-08,VEDANTA OIL AND GAS LTD       ,VOGL      ,EQ,N,36.94,37.1,37.29,36.5,36.65,36.62,-0.7851,0.79,2.1386,-1.2129
2026-09-08,VOITH PAPER FABRICS IND L     ,VOITHPAPR ,EQ,N,1475.5,1480.0,1493.0,1465.0,1490.8,1492.0,1.0369,28.0,1.8977,0.7297
2026-09-08,VOLTAMP TRANSFORMERS LTD      ,VOLTAMP   ,EQ,N,11067.0,11098.0,11401.0,11031.0,11365.0,11401.0,2.6927,370.0,3.3433,2.4058
2026-09-08,VOLTAS LTD                    ,VOLTAS    ,EQ,N,1167.2,1165.0,1169.2,1141.3,1144.8,1144.8,-1.9191,27.9,2.3903,-1.7339
2026-09-08,VISHNU PRAKASH R PUNGLI L     ,VPRPL     ,EQ,N,34.27,35.46,37.9,34.61,36.35,36.49,6.0694,3.29,9.6002,2.5099
2026-09-08,VRAJ IRON AND STEEL LTD       ,VRAJ      ,EQ,N,122.14,123.7,123.7,121.0,121.44,122.68,-0.5731,2.7,2.2106,-1.827
2026-09-08,VRL LOGISTICS LIMITED         ,VRLLOG    ,EQ,N,292.75,294.0,296.9,292.8,293.75,294.65,0.3416,4.1,1.4005,-0.085
2026-09-08,VARDHMAN SPC STEEL LTD        ,VSSL      ,EQ,N,356.45,354.0,363.3,351.3,356.6,358.65,0.0421,12.0,3.3665,0.7345
2026-09-08,VST INDUSTRIES LTD            ,VSTIND    ,EQ,N,206.96,206.96,207.5,205.5,206.74,207.5,-0.1063,2.0,0.9664,-0.1063
2026-09-08,VIBHOR STEEL TUBES LTD        ,VSTL      ,EQ,N,121.75,122.9,126.0,120.99,124.44,123.5,2.2094,5.01,4.115,1.2531
2026-09-08,VST TILLERS TRACTORS LTD      ,VSTTILLERS,EQ,N,4131.9,4145.9,4163.9,4119.2,4127.5,4139.7,-0.1065,44.7,1.0818,-0.4438
2026-09-08,VARDHMAN TEXTILES LIMITED     ,VTL       ,EQ,N,590.2,587.0,590.0,582.5,584.4,584.1,-0.9827,7.5,1.2708,-0.4429
2026-09-08,V T M LTD.                    ,VTMLTD    ,EQ,N,56.49,56.88,57.0,55.35,56.58,57.0,0.1593,1.65,2.9209,-0.5274
2026-09-08,WAAREE ENERGIES LIMITED       ,WAAREEENER,EQ,N,2593.0,2593.0,2613.5,2570.0,2571.0,2571.0,-0.8484,43.5,1.6776,-0.8484
2026-09-08,INDOSOLAR LIMITED             ,WAAREEINDO,EQ,N,265.55,267.4,267.4,261.2,262.05,262.0,-1.318,6.2,2.3348,-2.0007
2026-09-08,WAAREE RENEWABLE TECH LTD     ,WAAREERTL ,EQ,N,852.6,848.35,852.6,843.0,845.25,843.5,-0.8621,9.6,1.126,-0.3654
2026-09-08,VA TECH WABAG LTD             ,WABAG     ,EQ,N,2008.0,2018.0,2019.0,1995.1,2008.4,2003.1,0.0199,23.9,1.1902,-0.4757
2026-09-08,WAKEFIT INNOVATIONS LTD       ,WAKEFIT   ,EQ,N,155.34,156.01,156.89,152.0,153.05,152.72,-1.4742,4.89,3.1479,-1.8973
2026-09-08,WALCHANDNAGAR INDUSTRIES      ,WALCHANNAG,EQ,N,223.36,226.0,227.98,214.85,219.1,218.7,-1.9072,13.13,5.8784,-3.0531
2026-09-08,WANBURY LIMITED               ,WANBURY   ,EQ,N,250.55,250.8,256.7,246.6,247.7,247.25,-1.1375,10.1,4.0311,-1.236
2026-09-08,WARDWIZARD INNO & MOB L       ,WARDINMOBI,EQ,N,5.77,5.89,5.91,5.64,5.77,5.82,0.0,0.27,4.6794,-2.0374
2026-09-08,WATERBASE LTD.                ,WATERBASE ,EQ,N,48.49,48.05,49.8,47.3,48.03,47.7,-0.9486,2.5,5.1557,-0.0416
2026-09-08,WESTERN CARRIERS (IND) L      ,WCIL      ,EQ,N,82.78,82.88,83.39,81.76,82.48,82.31,-0.3624,1.63,1.9691,-0.4826
2026-09-08,WEALTH FRST PORT. MG. LTD     ,WEALTH    ,EQ,N,839.25,839.3,844.8,831.6,835.75,835.0,-0.417,13.2,1.5728,-0.423
2026-09-08,WEBSOL ENERGY SYSTEM LTD      ,WEBELSOLAR,EQ,N,75.21,75.0,76.12,74.3,75.01,75.4,-0.2659,1.82,2.4199,0.0133
2026-09-08,WEIZMANN LTD                  ,WEIZMANIND,EQ,N,73.37,73.4,75.0,73.29,73.61,73.61,0.3271,1.71,2.3307,0.2861
2026-09-08,WONDER ELECTRICALS LTD        ,WEL       ,EQ,N,72.23,72.19,72.19,68.62,69.39,69.4,-3.9319,3.57,4.9425,-3.8787
2026-09-08,WELSPUN CORP LIMITED          ,WELCORP   ,EQ,N,2597.9,2611.1,2641.7,2575.5,2599.5,2600.0,0.0616,66.2,2.5482,-0.4443
2026-09-08,WELSPUN ENTERPRISES LTD.      ,WELENT    ,EQ,N,783.5,791.95,800.0,778.8,790.0,788.3,0.8296,21.2,2.7058,-0.2462
2026-09-08,WELSPUN SPECIALTY SOL L       ,WELSPLSOL ,EQ,N,58.99,59.0,59.28,56.55,57.11,57.8,-3.187,2.73,4.6279,-3.2034
2026-09-08,WELSPUN LIVING LIMITED        ,WELSPUNLIV,EQ,N,211.95,212.0,212.8,204.52,207.87,208.8,-1.925,8.28,3.9066,-1.9481
2026-09-08,WENDT (INDIA) LIMITED         ,WENDT     ,EQ,N,8340.0,8350.0,8578.0,8290.0,8419.0,8450.0,0.9472,288.0,3.4532,0.8263
2026-09-08,WESTLIFE FOODWORLD LTD        ,WESTLIFE  ,EQ,N,533.05,533.0,541.45,523.0,538.25,534.25,0.9755,18.45,3.4612,0.985
2026-09-08,WE WIN LIMITED                ,WEWIN     ,EQ,N,41.97,41.97,42.85,41.5,41.85,41.79,-0.2859,1.35,3.2166,-0.2859
2026-09-08,WEWORK INDIA MANAGEMENT L     ,WEWORK    ,EQ,N,675.35,669.8,677.35,663.5,667.35,664.0,-1.1846,13.85,2.0508,-0.3658
2026-09-08,W H BRADY & CO. LTD.          ,WHBRADY   ,EQ,N,495.5,484.3,493.0,480.0,481.5,486.1,-2.8254,13.0,2.6236,-0.5782
2026-09-08,WHEELS INDIA LTD              ,WHEELS    ,EQ,N,1755.4,1760.9,2106.4,1760.9,2106.4,2106.4,19.9954,345.5,19.6821,19.6206
2026-09-08,WHIRLPOOL OF INDIA LTD        ,WHIRLPOOL ,EQ,N,815.35,816.0,818.25,796.1,805.0,803.8,-1.2694,22.15,2.7166,-1.348
2026-09-08,WILLIAMSON MAGOR              ,WILLAMAGOR,EQ,N,23.76,25.35,25.35,23.6,23.73,24.82,-0.1263,1.75,7.3653,-6.3905
2026-09-08,WINDLAS BIOTECH LIMITED       ,WINDLAS   ,EQ,N,1154.75,1164.0,1164.0,1123.25,1146.1,1150.0,-0.7491,40.75,3.5289,-1.5378
2026-09-08,WINDSOR MACHINES LIMITED      ,WINDMACHIN,EQ,N,310.5,310.8,311.5,302.45,305.6,303.05,-1.5781,9.05,2.9147,-1.6731
2026-09-08,THE WESTERN INDIA PLY LTD     ,WIPL      ,EQ,N,164.52,165.11,169.4,165.11,167.99,167.99,2.1092,4.29,2.6076,1.7443
2026-09-08,WIPRO LTD                     ,WIPRO     ,EQ,N,172.8,172.8,172.9,171.13,171.5,171.5,-0.7523,1.77,1.0243,-0.7523
2026-09-08,WOCKHARDT LIMITED             ,WOCKPHARMA,EQ,N,2208.0,2200.0,2240.0,2166.0,2224.0,2227.0,0.7246,74.0,3.3514,1.0909
2026-09-08,WONDERLA HOLIDAYS LTD.        ,WONDERLA  ,EQ,N,526.3,528.6,532.0,515.0,518.4,522.0,-1.501,17.0,3.2301,-1.9296
2026-09-08,WORTH PERIPHERALS LIMITED     ,WORTHPERI ,EQ,N,154.99,156.4,156.4,152.0,155.99,156.0,0.6452,4.4,2.8389,-0.2621
2026-09-08,W P I L LTD.                  ,WPIL      ,EQ,N,435.3,435.85,436.4,428.0,428.6,430.0,-1.5392,8.4,1.9297,-1.6634
2026-09-08,W.S.INDUSTRIES (I) LTD.       ,WSI       ,EQ,N,61.0,60.98,61.32,59.05,59.75,59.75,-2.0492,2.27,3.7213,-2.0171
2026-09-08,WEST COAST PAPER MILLS LT     ,WSTCSTPAPR,EQ,N,687.5,689.8,699.15,676.2,681.2,677.7,-0.9164,22.95,3.3382,-1.2467
2026-09-08,XCHANGING SOLUTIONS LTD       ,XCHANGING ,EQ,N,64.3,64.3,65.85,63.7,64.08,64.12,-0.3421,2.15,3.3437,-0.3421
2026-09-08,XELPMOC DESIGN & TECH LTD     ,XELPMOC   ,EQ,N,78.08,79.5,79.5,77.02,77.61,78.15,-0.6019,2.48,3.1762,-2.3774
2026-09-08,XPRO INDIA LIMITED            ,XPROINDIA ,EQ,N,1362.0,1362.0,1398.8,1345.0,1389.7,1398.0,2.0338,53.8,3.9501,2.0338
2026-09-08,XTGLOBAL INFOTECH LIMITED     ,XTGLOBAL  ,EQ,N,32.0,31.99,31.99,31.0,31.11,31.01,-2.7813,0.99,3.0937,-2.7509
2026-09-08,XTRANET TECHNOLOGIES LTD      ,XTRANET   ,EQ,N,279.83,281.0,291.99,260.56,266.7,266.0,-4.6921,31.43,11.2318,-5.089
2026-09-08,YASHO INDUSTRIES LIMITED      ,YASHO     ,EQ,N,3987.8,3987.8,4135.0,3960.0,4079.9,4070.5,2.3095,175.0,4.3884,2.3095
2026-09-08,YATHARTH HOSP & TRA C S L     ,YATHARTH  ,EQ,N,994.8,994.8,994.8,953.8,969.9,978.0,-2.503,41.0,4.1214,-2.503
2026-09-08,YATRA ONLINE LIMITED          ,YATRA     ,EQ,N,114.97,114.09,115.73,112.6,113.64,113.6,-1.1568,3.13,2.7224,-0.3944
2026-09-08,YES BANK LIMITED              ,YESBANK   ,EQ,N,22.42,22.44,22.57,22.38,22.52,22.52,0.446,0.19,0.8475,0.3565
2026-09-08,YOGI LTD.                     ,YOGI      ,EQ,N,163.25,163.25,163.25,155.0,155.05,155.05,-5.023,8.25,5.0536,-5.023
2026-09-08,YUKEN INDIA LIMITED           ,YUKEN     ,EQ,N,1005.6,1016.0,1050.95,968.1,1017.35,1013.0,1.1685,82.85,8.2389,0.1329
2026-09-08,ZAGGLE PREPA OCEAN SER L      ,ZAGGLE    ,EQ,N,183.49,182.7,183.6,179.0,180.11,179.9,-1.8421,4.6,2.5069,-1.4176
2026-09-08,ZEE ENTERTAINMENT ENT LTD     ,ZEEL      ,EQ,N,85.99,85.8,87.52,85.5,86.31,86.4,0.3721,2.02,2.3491,0.5944
2026-09-08,ZEE MEDIA CORPORATION LTD     ,ZEEMEDIA  ,EQ,N,7.94,7.86,8.2,7.51,7.94,7.89,0.0,0.69,8.6902,1.0178
2026-09-08,ZENITH EXPORTS LTD            ,ZENITHEXPO,EQ,N,196.57,198.54,200.53,197.0,197.0,197.0,0.2188,3.53,1.7958,-0.7757
2026-09-08,ZENITH STEEL PIP IND LTD      ,ZENITHSTL ,EQ,N,6.03,6.04,6.29,6.04,6.1,6.1,1.1609,0.25,4.1459,0.9934
2026-09-08,ZENSAR TECHNOLOGIES  LTD      ,ZENSARTECH,EQ,N,453.85,454.05,454.9,448.0,450.55,450.35,-0.7271,6.9,1.5203,-0.7708
2026-09-08,ZEN TECHNOLOGIES LIMITED      ,ZENTEC    ,EQ,N,1794.6,1808.0,1864.8,1804.1,1825.0,1828.5,1.694,60.7,3.3824,0.9403
2026-09-08,ZF COM VE CTR SYS IND LTD     ,ZFCVINDIA ,EQ,N,2491.7,2491.7,2537.9,2472.2,2517.4,2527.0,1.0314,65.7,2.6368,1.0314
2026-09-08,Z F STEERING GEAR (I) LTD     ,ZFSTEERING,EQ,N,668.5,675.0,683.1,666.5,670.3,673.0,0.2693,16.6,2.4832,-0.6963
2026-09-08,ZIM LABORATORIES LIMITED      ,ZIMLAB    ,EQ,N,129.16,130.45,133.89,125.56,129.1,129.65,-0.0465,8.33,6.4494,-1.0349
2026-09-08,ZODIAC ENERGY LIMITED         ,ZODIAC    ,EQ,N,237.16,238.0,243.0,233.41,235.28,236.23,-0.7927,9.59,4.0437,-1.1429
2026-09-08,ZODIAC CLOTHING CO. LTD.      ,ZODIACLOTH,EQ,N,71.85,72.02,72.59,70.0,71.5,71.5,-0.4871,2.59,3.6047,-0.722
2026-09-08,ZOTA HEALTH CARE LIMITED      ,ZOTA      ,EQ,N,1089.7,1100.1,1120.0,1086.1,1113.1,1113.2,2.1474,33.9,3.1109,1.1817
2026-09-08,SARASWATI COMM (INDIA) L      ,ZSARACOM  ,EQ,N,11706.0,11699.0,11699.0,11150.0,11276.0,11400.0,-3.6733,549.0,4.6899,-3.6157
2026-09-08,ZUARI AGRO CHEMICALS LTD      ,ZUARI     ,EQ,N,226.85,227.56,229.89,225.87,227.96,229.0,0.4893,4.02,1.7721,0.1758
2026-09-08,ZUARI INDUSTRIES LIMITED      ,ZUARIIND  ,EQ,N,280.4,282.35,282.7,274.2,278.45,278.0,-0.6954,8.5,3.0314,-1.3813
2026-09-08,ZYDUS LIFESCIENCES LTD        ,ZYDUSLIFE ,EQ,N,1156.9,1161.7,1167.7,1142.0,1145.5,1145.5,-0.9854,25.7,2.2215,-1.3945
2026-09-08,ZYDUS WELLNESS LIMITED        ,ZYDUSWELL ,EQ,N,555.35,555.35,562.95,554.7,558.15,557.8,0.5042,8.25,1.4855,0.5042
