Trade_Date,Company_Name,Symbol,Series,Market_Status,Prev_Close,Open,High,Low,Close,Last_Price,Daily_Return_%,Intraday_Range,Intraday_Range_%,Open_to_Close_%
2026-09-08,20 MICRONS LTD                ,20MICRONS ,EQ,N,224.8,226.0,227.23,218.79,219.28,219.65,-2.4555160142348798,8.439999999999998,3.7544483985765114,-2.9734513274336276
2026-09-08,21ST CENTURY MGMT SERVICE     ,21STCENMGM,EQ,N,38.28,38.7,39.04,38.29,38.59,38.59,0.8098223615465053,0.75,1.9592476489028212,-0.2842377260981897
2026-09-08,360 ONE WAM LIMITED           ,360ONE    ,EQ,N,1136.9,1125.0,1128.2,1104.3,1110.0,1110.0,-2.3660832087254895,23.90000000000009,2.102207757938261,-1.3333333333333335
2026-09-08,3B BLACKBIO DX LTD.           ,3BBLACKBIO,EQ,N,1521.3,1563.0,1569.5,1428.1,1455.3,1467.5,-4.3383947939262475,141.4000000000001,9.294682179714723,-6.890595009596932
2026-09-08,3M INDIA LIMITED              ,3MINDIA   ,EQ,N,32840.0,32840.0,33330.0,32620.0,33145.0,33170.0,0.9287454323995128,710.0,2.161997563946407,0.9287454323995128
2026-09-08,3P LAND HOLDINGS LIMITED      ,3PLAND    ,EQ,N,32.15,32.15,32.5,31.8,32.4,32.4,0.7776049766718507,0.6999999999999993,2.17729393468118,0.7776049766718507
2026-09-08,5PAISA CAPITAL LIMITED        ,5PAISA    ,EQ,N,339.85,337.0,342.0,335.0,337.4,337.2,-0.7209062821833294,7.0,2.0597322348094744,0.1186943620177974
2026-09-08,63 MOONS TECHNOLOGIES LTD     ,63MOONS   ,EQ,N,872.7,881.4,899.4,860.2,868.25,867.0,-0.5099117680760908,39.19999999999993,4.491807035636522,-1.4919446335375512
2026-09-08,A2Z INFRA ENGINEERING LTD     ,A2ZINFRA  ,EQ,N,15.76,15.56,16.0,15.5,15.8,15.9,0.25380710659899064,0.5,3.1725888324873095,1.5424164524421609
2026-09-08,AAA TECHNOLOGIES LIMITED      ,AAATECH   ,EQ,N,92.07,92.07,93.42,91.65,92.64,92.77,0.6190941674812723,1.769999999999996,1.9224503095470795,0.6190941674812723
2026-09-08,AADHAR HOUSING FINANCE L      ,AADHARHFC ,EQ,N,478.95,477.15,482.95,468.2,479.65,481.0,0.14615304311514535,14.75,3.0796534084977556,0.523944252331552
2026-09-08,AAKASH EXPLORATION SER L      ,AAKASH    ,EQ,N,8.59,8.7,8.7,8.25,8.49,8.48,-1.1641443538998795,0.4499999999999993,5.238649592549468,-2.4137931034482656
2026-09-08,AAREY DRUGS & PHARM LTD       ,AAREYDRUGS,EQ,N,97.31,98.47,99.2,94.21,98.03,98.99,0.7399034015003585,4.990000000000009,5.12794162984278,-0.44683659997968694
2026-09-08,AARON INDUSTRIES LIMITED      ,AARON     ,EQ,N,125.54,123.35,126.02,123.35,125.01,125.6,-0.42217619882109375,2.6700000000000017,2.126812171419469,1.345764085934342
2026-09-08,AARTI DRUGS LTD.              ,AARTIDRUGS,EQ,N,423.0,421.5,427.9,419.2,421.5,424.5,-0.3546099290780142,8.699999999999989,2.0567375886524797,0.0
2026-09-08,AARTI INDUSTRIES LTD          ,AARTIIND  ,EQ,N,490.7,490.7,504.75,486.5,503.7,504.0,2.649276543713063,18.25,3.7191766863664153,2.649276543713063
2026-09-08,AARTI PHARMALABS LIMITED      ,AARTIPHARM,EQ,N,862.65,866.9,889.7,861.55,867.0,869.65,0.5042601286732769,28.15000000000009,3.2632006027937277,0.011535355865731081
2026-09-08,AARVI ENCON LIMITED           ,AARVI     ,EQ,N,143.36,143.02,143.96,140.67,142.16,142.0,-0.8370535714285832,3.2900000000000205,2.294921875000014,-0.6013145014683356
2026-09-08,AASTHA SPINTEX LIMITED        ,AASTHA    ,EQ,N,77.36,76.51,78.71,75.22,76.85,76.73,-0.6592554291623645,3.489999999999995,4.511375387797305,0.44438635472485843
2026-09-08,AAVAS FINANCIERS LIMITED      ,AAVAS     ,EQ,N,1306.2,1300.0,1314.8,1290.0,1293.5,1293.8,-0.9722860205175352,24.799999999999955,1.8986372684121844,-0.5
2026-09-08,ABANS ENTERPRISES LTD.        ,ABANSENT  ,EQ,N,28.39,28.39,28.39,27.21,27.77,27.83,-2.1838675589996512,1.1799999999999997,4.156393096160619,-2.1838675589996512
2026-09-08,ABB INDIA LIMITED             ,ABB       ,EQ,N,7434.0,7389.0,7472.0,7340.0,7387.0,7387.0,-0.6322302932472424,132.0,1.7756255044390639,-0.027067262146433888
2026-09-08,ABBOTT INDIA LIMITED          ,ABBOTINDIA,EQ,N,25940.0,25860.0,26065.0,25440.0,25555.0,25600.0,-1.4841942945258288,625.0,2.4094063222821895,-1.1794276875483374
2026-09-08,ADITYA BIRLA CAPITAL LTD.     ,ABCAPITAL ,EQ,N,403.25,400.0,401.0,394.45,396.95,396.95,-1.5623062616243053,6.550000000000011,1.624302541847492,-0.7625000000000028
2026-09-08,A B COTSPIN INDIA LIMITED     ,ABCOTS    ,EQ,N,212.01,214.7,214.7,203.1,207.99,209.75,-1.8961369746709977,11.599999999999994,5.471440026413846,-3.12529110386585
2026-09-08,ALLIED BLEND N DISTILS L      ,ABDL      ,EQ,N,600.0,600.95,603.0,591.35,594.5,595.0,-0.9166666666666666,11.649999999999977,1.9416666666666627,-1.073300607371669
2026-09-08,ADITYA BIRLA FASHION & RT     ,ABFRL     ,EQ,N,53.21,53.07,53.07,51.63,52.24,52.19,-1.8229656079684249,1.4399999999999977,2.7062582221386915,-1.5639721123045003
2026-09-08,BIRLASLAMC - ABGSEC           ,ABGSEC    ,EQ,N,114.51,114.61,114.61,113.73,114.17,113.73,-0.29691729979914716,0.8799999999999955,0.7684918347742515,-0.3839106535206332
2026-09-08,ADITYA BIRLA LIFES BRAN L     ,ABLBL     ,EQ,N,85.55,85.29,85.56,84.05,84.52,84.43,-1.2039742840444199,1.5100000000000051,1.7650496785505614,-0.9028022042443548
2026-09-08,A B M KNOWLEDGEWARE LTD.      ,ABMKNO    ,EQ,N,189.64,189.98,189.98,183.6,187.13,183.6,-1.3235604302889639,6.3799999999999955,3.36426914153132,-1.5001579113590875
2026-09-08,ADITYA BIRLA REAL EST LTD     ,ABREL     ,EQ,N,1377.8,1379.8,1380.0,1358.1,1372.1,1371.6,-0.41370300479024863,21.90000000000009,1.589490492088844,-0.5580518915784929
2026-09-08,BIRLASLAMC - ABSL10BANK       ,ABSL10BANK,EQ,N,165.62,166.75,167.72,166.75,167.31,167.31,1.0204081632653046,0.9699999999999989,0.5856780582055301,0.3358320839580224
2026-09-08,ADIT BIRL SUN LIF AMC LTD     ,ABSLAMC   ,EQ,N,1041.9,1040.0,1045.6,1024.1,1037.8,1035.0,-0.3935118533448638,21.5,2.063537767540071,-0.21153846153846592
2026-09-08,BIRLASLAMC - ABSLBANETF       ,ABSLBANETF,EQ,N,58.66,58.5,58.62,58.3,58.31,58.42,-0.5966587112171742,0.3200000000000003,0.545516535969997,-0.32478632478632086
2026-09-08,BIRLASLAMC - ABSLLIQUID       ,ABSLLIQUID,EQ,N,1000.0,1000.0,1000.01,999.99,1000.0,1000.0,0.0,0.01999999999998181,0.001999999999998181,0.0
2026-09-08,BIRLASLAMC - ABSLMSCIN        ,ABSLMSCIN ,EQ,N,29.23,29.37,29.55,29.03,29.34,29.34,0.37632569278138706,0.5199999999999996,1.778994184057474,-0.10214504596527454
2026-09-08,BIRLASLAMC - ABSLNN50ET       ,ABSLNN50ET,EQ,N,77.15,76.83,77.15,76.11,76.85,77.15,-0.38885288399223766,1.0400000000000063,1.3480233311730476,0.026031498112711212
2026-09-08,BIRLASLAMC-ABSLPSE            ,ABSLPSE   ,EQ,N,10.11,10.09,10.18,9.99,10.13,10.13,0.19782393669635362,0.1899999999999995,1.8793273986152277,0.3964321110010003
2026-09-08,ACC LIMITED                   ,ACC       ,EQ,N,1268.7,1267.9,1268.0,1255.7,1262.8,1266.5,-0.46504295735793255,12.299999999999955,0.9694963348309258,-0.4022399242842603
2026-09-08,ACCELYA SOLN INDIA LTD        ,ACCELYA   ,EQ,N,1127.1,1122.4,1133.0,1121.0,1124.4,1121.0,-0.23955283470852795,12.0,1.064679265371307,0.17818959372772628
2026-09-08,ACTION CONST EQUIP LTD        ,ACE       ,EQ,N,1113.2,1122.2,1148.0,1105.0,1121.2,1116.3,0.7186489399928134,43.0,3.8627380524613724,-0.08911067545891997
2026-09-08,ACE INTEGRATED SOLU. LTD.     ,ACEINTEG  ,EQ,N,17.54,17.17,18.39,17.17,17.37,17.5,-0.9692132269099096,1.2199999999999989,6.955530216647657,1.1648223645893958
2026-09-08,AUTOMOBILE CORPN OF GOA L     ,ACGL      ,EQ,N,1799.4,1822.0,1822.0,1762.7,1780.5,1775.0,-1.0503501167055735,59.299999999999955,3.2955429587640297,-2.277716794731065
2026-09-08,ARCHEAN CHEMICAL IND LTD      ,ACI       ,EQ,N,509.35,512.0,512.0,483.65,484.7,484.75,-4.839501325218422,28.350000000000023,5.5659173456366,-5.332031250000002
2026-09-08,ANDHRA CEMENTS LIMITED        ,ACL       ,EQ,N,43.49,43.96,43.97,42.0,42.29,42.28,-2.759255001149696,1.9699999999999989,4.529776960220738,-3.7989080982711596
2026-09-08,ACME SOLAR HOLDINGS LTD       ,ACMESOLAR ,EQ,N,413.15,413.15,417.65,404.45,412.6,412.0,-0.1331235628706171,13.199999999999989,3.1949655088950717,-0.1331235628706171
2026-09-08,ACUTAAS CHEMICALS LIMITED     ,ACUTAAS   ,EQ,N,3181.6,3181.6,3235.5,3161.5,3182.1,3178.0,0.015715363339200403,74.0,2.3258737742016597,0.015715363339200403
2026-09-08,ADANI ENERGY SOLUTION LTD     ,ADANIENSOL,EQ,N,1390.4,1390.4,1412.0,1370.0,1407.7,1407.7,1.2442462600690416,42.0,3.0207134637514383,1.2442462600690416
2026-09-08,ADANI ENTERPRISES LIMITED     ,ADANIENT  ,EQ,N,2950.0,2933.0,2968.8,2918.0,2953.1,2953.1,0.10508474576270879,50.80000000000018,1.722033898305091,0.685305148312305
2026-09-08,ADANI GREEN ENERGY LTD        ,ADANIGREEN,EQ,N,1288.0,1288.0,1301.3,1275.5,1292.0,1292.0,0.3105590062111801,25.799999999999955,2.003105590062108,0.3105590062111801
2026-09-08,ADANI PORT & SEZ LTD          ,ADANIPORTS,EQ,N,1694.3,1694.0,1713.1,1685.2,1710.0,1710.0,0.9266363690019505,27.899999999999864,1.646697751283708,0.9445100354191263
2026-09-08,ADANI POWER LTD               ,ADANIPOWER,EQ,N,204.49,205.2,209.4,204.12,208.4,208.4,1.9120739400459663,5.280000000000001,2.582033351264121,1.5594541910331468
2026-09-08,ADDI INDUSTRIES LTD.          ,ADDIND    ,EQ,N,80.81,82.9,83.0,75.26,79.87,82.0,-1.1632223734686273,7.739999999999995,9.578022521965096,-3.655006031363089
2026-09-08,ADF FOODS LIMITED             ,ADFFOODS  ,EQ,N,266.15,267.0,274.35,261.85,273.7,273.0,2.8367461957542783,12.5,4.696599661844825,2.5093632958801457
2026-09-08,ARCHIDPLY DECOR LIMITED       ,ADL       ,EQ,N,72.57,74.85,75.0,72.55,74.69,74.69,2.9213173487667143,2.450000000000003,3.3760507096596433,-0.21376085504341563
2026-09-08,ADOR WELDING LTD              ,ADOR      ,EQ,N,1644.1,1645.0,1650.0,1600.0,1626.2,1644.9,-1.0887415607323072,50.0,3.0411775439450155,-1.1428571428571401
2026-09-08,ADROIT INFOTECH LIMITED       ,ADROITINFO,EQ,N,10.31,10.25,11.25,9.76,10.63,10.71,3.103782735208538,1.4900000000000002,14.451988360814743,3.707317073170739
2026-09-08,ALLIED DIGITAL SERV. LTD      ,ADSL      ,EQ,N,101.46,101.55,102.0,99.75,101.23,102.0,-0.22669032130888012,2.25,2.2176227084565348,-0.3151157065484916
2026-09-08,ADVAIT ENRGY TRANSITION L     ,ADVAIT    ,EQ,N,2096.4,2111.9,2172.9,2084.7,2153.9,2146.8,2.742797176111429,88.20000000000027,4.207212364052674,1.9887305270135898
2026-09-08,ADVANCE AGROLIFE LIMITED      ,ADVANCE   ,EQ,N,116.43,118.14,118.14,114.58,115.53,115.61,-0.7729966503478534,3.5600000000000023,3.057631194709269,-2.2092432706957843
2026-09-08,ADVANI HOT.& RES.(I) LTD      ,ADVANIHOTR,EQ,N,49.12,49.8,49.8,49.0,49.14,49.3,0.04071661237785653,0.7999999999999972,1.6286644951140006,-1.3253012048192703
2026-09-08,ADVENT HOTELS INTERNATI L     ,ADVENTHTL ,EQ,N,133.19,132.19,134.24,129.0,132.78,132.4,-0.30783091823710235,5.240000000000009,3.9342292964937373,0.44632725622210717
2026-09-08,ADVANCED ENZYME TECH LTD      ,ADVENZYMES,EQ,N,297.85,297.75,301.75,296.3,298.85,297.15,0.33573946617424877,5.449999999999989,1.829780090649652,0.3694374475230975
2026-09-08,ADVIK CAPITAL LTD.            ,ADVIKCA   ,EQ,N,1.1,1.1,1.1,1.06,1.07,1.09,-2.7272727272727297,0.040000000000000036,3.636363636363639,-2.7272727272727297
2026-09-08,AEGIS LOGISTICS LIMITED       ,AEGISLOG  ,EQ,N,1253.7,1253.8,1273.9,1232.0,1268.1,1266.2,1.148600143575007,41.90000000000009,3.3421073622078716,1.1405327803477392
2026-09-08,AEGIS VOPAK TERMINALS LTD     ,AEGISVOPAK,EQ,N,285.35,285.0,291.8,284.0,290.65,291.0,1.8573681443840737,7.800000000000011,2.733485193621872,1.9824561403508694
2026-09-08,ARTEMIS ELECTRICALS & P L     ,AEPL      ,EQ,N,18.02,18.1,18.5,17.08,18.11,18.3,0.4994450610432845,1.4200000000000017,7.880133185349621,0.055248618784519386
2026-09-08,AEQUS LIMITED                 ,AEQUS     ,EQ,N,233.86,233.86,239.75,229.7,231.9,232.0,-0.8381082699050748,10.050000000000011,4.297442914564273,-0.8381082699050748
2026-09-08,AEROFLEX ENTERPRISES LTD      ,AEROENTER ,EQ,N,154.73,157.0,159.6,150.25,152.65,151.52,-1.344277127900203,9.349999999999994,6.042784204743744,-2.770700636942671
2026-09-08,AEROFLEX INDUSTRIES LTD       ,AEROFLEX  ,EQ,N,558.15,561.65,584.15,545.1,573.5,573.0,2.7501567678939396,39.049999999999955,6.996327152199222,2.1098548918365574
2026-09-08,AEROFLEX NEU LIMITED          ,AERONEU   ,EQ,N,77.28,76.0,78.0,73.25,74.13,73.99,-4.076086956521746,4.75,6.14648033126294,-2.4605263157894797
2026-09-08,AMIR CHAND JAG KUM (E) L      ,AEROPLANE ,EQ,N,198.03,197.0,202.0,193.36,199.31,199.7,0.6463667121143266,8.639999999999986,4.362975306771695,1.1725888324873108
2026-09-08,AETHER INDUSTRIES LIMITED     ,AETHER    ,EQ,N,1619.5,1622.0,1647.6,1592.6,1642.9,1631.6,1.444890398271077,55.0,3.396109910466193,1.2885326757090068
2026-09-08,AFCONS INFRASTRUCTURE LTD     ,AFCONS    ,EQ,N,293.2,292.05,294.75,279.35,280.25,280.6,-4.416780354706681,15.399999999999977,5.252387448840374,-4.040404040404044
2026-09-08,AFFLE 3I LIMITED              ,AFFLE     ,EQ,N,1623.2,1622.2,1647.7,1593.1,1609.4,1612.0,-0.8501724987678632,54.600000000000136,3.363725973385913,-0.7890519048206112
2026-09-08,AFFORD ROBO & AUTO LTD        ,AFFORDABLE,EQ,N,160.03,160.55,168.03,159.32,164.23,162.0,2.624507904767849,8.710000000000008,5.442729488220963,2.2921208346309423
2026-09-08,AKME FINTRADE (INDIA) LTD     ,AFIL      ,EQ,N,9.14,9.15,9.28,9.02,9.07,9.17,-0.7658643326039418,0.2599999999999998,2.84463894967177,-0.8743169398907111
2026-09-08,ABANS FINANCIAL SRVCS LTD     ,AFSL      ,EQ,N,202.78,202.5,205.7,201.0,201.16,201.0,-0.798895354571459,4.699999999999989,2.3177828188184186,-0.6617283950617301
2026-09-08,AGARWAL INDS CORP LTD.        ,AGARIND   ,EQ,N,440.2,436.75,449.65,432.1,440.9,442.0,0.15901862789640814,17.549999999999955,3.9868241708314303,0.9502003434459021
2026-09-08,DR AGARWALS HEALTH CARE L     ,AGARWALEYE,EQ,N,518.25,518.25,523.8,512.8,519.7,519.5,0.27978774722625094,11.0,2.122527737578389,0.27978774722625094
2026-09-08,AGI GREENPAC LIMITED          ,AGI       ,EQ,N,732.65,730.0,786.85,730.0,783.8,784.0,6.9815054937555425,56.85000000000002,7.759503173411591,7.369863013698624
2026-09-08,AGI INFRA LIMITED             ,AGIIL     ,EQ,N,277.15,276.55,276.55,270.05,271.65,271.7,-1.984484935955259,6.5,2.3453003788562152,-1.7718314952088352
2026-09-08,ALLCARGO GLOBAL LIMITED       ,AGL       ,EQ,N,13.58,13.57,16.23,13.55,16.02,16.04,17.967599410898377,2.6799999999999997,19.734904270986743,18.05453205600589
2026-09-08,AGRI-TECH (INDIA) LIMITED     ,AGRITECH  ,EQ,N,100.07,104.4,104.4,98.01,99.75,100.0,-0.31977615669031,6.390000000000001,6.385530128909764,-4.454022988505752
2026-09-08,AGRO PHOS INDIA LIMITED       ,AGROPHOS  ,EQ,N,24.82,25.0,25.48,23.03,23.44,23.5,-5.560032232070906,2.4499999999999993,9.871071716357772,-6.239999999999995
2026-09-08,ANLON HEALTHCARE LIMITED      ,AHCL      ,EQ,N,15.48,15.54,15.69,15.41,15.61,15.69,0.8397932816537403,0.27999999999999936,1.808785529715758,0.4504504504504523
2026-09-08,AHLADA ENGINEERS LIMITED      ,AHLADA    ,EQ,N,36.8,37.0,37.74,36.0,36.3,36.39,-1.358695652173913,1.740000000000002,4.728260869565223,-1.8918918918918997
2026-09-08,ASIAN HOTELS (EAST) LTD       ,AHLEAST   ,EQ,N,135.82,137.01,138.51,134.25,135.38,137.9,-0.3239581799440419,4.259999999999991,3.1365041967309613,-1.1896941829063539
2026-09-08,AHLUWALIA CONT IND LTD        ,AHLUCONT  ,EQ,N,597.05,595.0,609.0,592.1,607.15,603.25,1.6916506155263418,16.899999999999977,2.830583703207433,2.0420168067226854
2026-09-08,AIA ENGINEERING LIMITED       ,AIAENG    ,EQ,N,4224.0,4246.0,4283.4,4200.0,4259.0,4264.0,0.8285984848484849,83.39999999999964,1.9744318181818095,0.30617051342439944
2026-09-08,AUTHUM INVEST & INFRA LTD     ,AIIL      ,EQ,N,514.95,517.0,529.6,510.55,526.2,520.0,2.184678124089717,19.05000000000001,3.6993882901252566,1.7794970986460434
2026-09-08,AIRAN LIMITED                 ,AIRAN     ,EQ,N,16.44,16.67,17.95,16.25,17.15,17.2,4.318734793187331,1.6999999999999993,10.34063260340632,2.8794241151769455
2026-09-08,AIRO LAM LIMITED              ,AIROLAM   ,EQ,N,86.22,88.8,90.5,86.0,88.67,88.5,2.8415680816515922,4.5,5.219206680584551,-0.1463963963963913
2026-09-08,AJANTA PHARMA LIMITED         ,AJANTPHARM,EQ,N,3513.6,3513.4,3597.0,3483.3,3579.3,3589.0,1.8698770491803358,113.69999999999982,3.235997267759558,1.8756759833779268
2026-09-08,AJAX ENGINEERING LIMITED      ,AJAXENGG  ,EQ,N,596.2,605.0,612.9,583.1,594.1,599.0,-0.35223079503522686,29.799999999999955,4.998322710499824,-1.8016528925619797
2026-09-08,AJMERA REALTY & INF I LTD     ,AJMERA    ,EQ,N,117.54,116.43,119.9,116.02,118.1,118.0,0.4764335545346163,3.8800000000000097,3.301003913561349,1.4343382289787747
2026-09-08,AJOONI BIOTECH LIMITED        ,AJOONI    ,EQ,N,3.49,3.54,3.55,3.41,3.44,3.49,-1.432664756446999,0.13999999999999968,4.011461318051566,-2.8248587570621493
2026-09-08,AKASH INFRA-PROJECTS LTD      ,AKASH     ,EQ,N,25.69,25.69,25.69,25.0,25.09,25.02,-2.33553912028027,0.6900000000000013,2.685869988322309,-2.33553912028027
2026-09-08,A K CAPITAL SERVICES LTD.     ,AKCAPIT   ,EQ,N,1733.5,1751.9,1775.0,1738.1,1772.2,1775.0,2.2324776463801586,36.90000000000009,2.128641476781084,1.1587419373251873
2026-09-08,AKG EXIM LIMITED              ,AKG       ,EQ,N,9.38,9.39,9.95,9.38,9.83,9.55,4.797441364605535,0.5699999999999985,6.076759061833672,4.685835995740144
2026-09-08,AKI INDIA LIMITED             ,AKI       ,EQ,N,7.94,8.21,8.34,7.15,7.15,7.16,-9.949622166246852,1.1899999999999995,14.987405541561705,-12.91108404384897
2026-09-08,AKSHAR SPINTEX LIMITED        ,AKSHAR    ,EQ,N,0.42,0.43,0.44,0.42,0.42,0.42,0.0,0.020000000000000018,4.761904761904766,-2.325581395348839
2026-09-08,AKUMS DRUGS AND PHARMA L      ,AKUMS     ,EQ,N,754.65,754.05,757.75,733.15,736.6,735.2,-2.3918372755582,24.600000000000023,3.259789306300937,-2.3141701478681695
2026-09-08,ALANKIT LIMITED               ,ALANKIT   ,EQ,N,8.16,8.04,8.23,7.85,7.99,8.03,-2.0833333333333326,0.3800000000000008,4.656862745098049,-0.6218905472636684
2026-09-08,ALBERT DAVID LIMITED          ,ALBERTDAVD,EQ,N,863.0,863.0,867.8,840.0,844.05,841.95,-2.195828505214374,27.799999999999955,3.2213209733487775,-2.195828505214374
2026-09-08,ALEMBIC LIMITED               ,ALEMBICLTD,EQ,N,108.05,109.1,112.08,107.24,109.73,110.0,1.5548357242017647,4.840000000000003,4.479407681628879,0.5774518790100913
2026-09-08,ALGOQUANT FINTECH LIMITED     ,ALGOQUANT ,EQ,N,63.89,63.89,64.4,63.5,63.7,63.77,-0.2973861324150849,0.9000000000000057,1.4086711535451646,-0.2973861324150849
2026-09-08,ALICON CASTALLOY LIMITED      ,ALICON    ,EQ,N,681.75,681.75,700.0,670.0,695.45,700.0,2.0095342867620163,30.0,4.400440044004401,2.0095342867620163
2026-09-08,ALIVUS LIFE SCIENCES LTD      ,ALIVUS    ,EQ,N,1388.9,1390.7,1399.8,1364.6,1372.0,1374.9,-1.216790265677881,35.200000000000045,2.534379724962203,-1.3446465808585637
2026-09-08,ALKALI METALS LTD             ,ALKALI    ,EQ,N,78.66,86.99,93.95,85.0,87.34,88.0,11.03483346046276,8.950000000000003,11.378082888380375,0.4023450971376119
2026-09-08,ALKEM LABORATORIES LTD.       ,ALKEM     ,EQ,N,5242.5,5172.5,5206.5,5129.5,5181.0,5181.0,-1.17310443490701,77.0,1.4687649022412972,0.16433059449009182
2026-09-08,ALKYL AMINES CHEM. LTD        ,ALKYLAMINE,EQ,N,1986.3,1999.9,2015.0,1960.1,1970.7,1975.1,-0.7853798519861002,54.90000000000009,2.763932940643412,-1.4600730036501848
2026-09-08,ALLCARGO LOGISTICS LTD        ,ALLCARGO  ,EQ,N,12.67,12.67,13.24,12.6,13.02,13.07,2.7624309392265163,0.6400000000000006,5.051302288871354,2.7624309392265163
2026-09-08,ALLDIGI TECH LIMITED          ,ALLDIGI   ,EQ,N,810.3,810.3,813.6,801.55,804.9,802.0,-0.6664198445020335,12.050000000000068,1.487103541898071,-0.6664198445020335
2026-09-08,ALL TIME PLASTICS LIMITED     ,ALLTIME   ,EQ,N,214.65,215.0,216.0,209.5,211.46,211.8,-1.4861402282785918,6.5,3.028185418122525,-1.6465116279069731
2026-09-08,ALMONDZ GLOBAL SEC LTD        ,ALMONDZ   ,EQ,N,19.2,19.95,20.0,19.02,19.61,19.6,2.1354166666666674,0.9800000000000004,5.10416666666667,-1.7042606516290721
2026-09-08,ALOK INDUSTRIES LIMITED       ,ALOKINDS  ,EQ,N,7.6,7.64,7.89,7.38,7.46,7.55,-1.8421052631578907,0.5099999999999998,6.710526315789471,-2.356020942408373
2026-09-08,ALPA LABORATORIES LTD         ,ALPA      ,EQ,N,62.17,62.0,65.0,61.7,63.17,63.0,1.608492842206852,3.299999999999997,5.308026379282608,1.8870967741935512
2026-09-08,KOTAKMAMC - KOTAKALPHA        ,ALPHA     ,EQ,N,53.97,53.98,54.23,53.42,54.14,54.03,0.31498980915323643,0.8099999999999952,1.500833796553632,0.2964060763245715
2026-09-08,MIRAEAMC - ALPHAETF           ,ALPHAETF  ,EQ,N,26.57,26.5,26.8,26.5,26.71,26.71,0.5269100489273638,0.3000000000000007,1.1290929619872063,0.7924528301886825
2026-09-08,ALPINE TEXWORLD LIMITED       ,ALPINETEX ,EQ,N,63.17,63.17,64.75,62.0,62.6,62.7,-0.9023270539813206,2.75,4.353332277980053,-0.9023270539813206
2026-09-08,ICICIPRAMC - ICICIALPLV       ,ALPL30IETF,EQ,N,27.49,27.5,27.5,27.41,27.46,27.46,-0.10913059294287954,0.08999999999999986,0.32739177882866444,-0.14545454545454234
2026-09-08,ALUFLUORIDE LTD.              ,ALUFLUOR  ,EQ,N,499.15,502.5,506.0,498.0,503.75,506.0,0.9215666633276616,8.0,1.6027246318741861,0.24875621890547264
2026-09-08,AMAGI MEDIA LABS LIMITED      ,AMAGI     ,EQ,N,575.15,568.15,578.85,564.5,576.15,575.0,0.1738676866904286,14.350000000000023,2.4950013040076544,1.4080788524157353
2026-09-08,AMAL LTD.                     ,AMAL      ,EQ,N,758.85,764.0,764.0,745.15,757.85,759.0,-0.1317783488172893,18.850000000000023,2.4840218752059067,-0.8049738219895259
2026-09-08,AMARJOTHI SPINNING MILL L     ,AMARJOTHI ,EQ,N,160.0,161.0,162.9,161.0,161.05,161.0,0.6562500000000071,1.9000000000000057,1.1875000000000036,0.031055900621125072
2026-09-08,AMBER ENTERPRISES (I) LTD     ,AMBER     ,EQ,N,7439.0,7405.5,7430.5,7278.0,7308.0,7308.0,-1.76098938029305,152.5,2.0500067213335122,-1.316589021673081
2026-09-08,AMBICA AGAR & AROMAINDLTD     ,AMBICAAGAR,EQ,N,26.83,27.0,27.2,25.01,25.44,25.84,-5.180767797241883,2.1899999999999977,8.162504658963838,-5.777777777777773
2026-09-08,AMBIKA COTTON MILL LTD.       ,AMBIKCO   ,EQ,N,1642.8,1658.9,1658.9,1613.5,1631.9,1628.0,-0.6635013391770066,45.40000000000009,2.7635743851960126,-1.627584543974923
2026-09-08,AMBUJA CEMENTS LTD            ,AMBUJACEM ,EQ,N,398.6,398.0,400.95,395.15,398.3,398.3,-0.07526342197692207,5.800000000000011,1.4550928248871076,0.0753768844221134
2026-09-08,AMD INDUSTRIES LIMITED        ,AMDIND    ,EQ,N,60.3,61.99,61.99,59.01,60.02,59.51,-0.46434494195687237,2.980000000000004,4.941956882255397,-3.1779319245039503
2026-09-08,AMJ LAND HOLDINGS LIMITED     ,AMJLAND   ,EQ,N,39.08,39.7,39.71,37.3,39.05,38.91,-0.07676560900716771,2.4100000000000037,6.166837256908915,-1.6372795969773442
2026-09-08,AMINES & PLASTICIZERS LTD     ,AMNPLST   ,EQ,N,168.22,173.7,173.7,165.52,167.82,167.0,-0.23778385447628445,8.179999999999978,4.862679824039935,-3.3851468048359217
2026-09-08,AMRUTAJAN HEALTH LTD          ,AMRUTANJAN,EQ,N,500.3,503.0,503.85,493.0,500.45,501.0,0.02998201079351934,10.850000000000023,2.1686987807315656,-0.5069582504970201
2026-09-08,ANAND RATHI WEALTH LTD        ,ANANDRATHI,EQ,N,2224.0,2235.0,2235.0,2202.9,2229.5,2231.5,0.24730215827338128,32.09999999999991,1.4433453237410032,-0.24608501118568235
2026-09-08,ANANT RAJ LIMITED             ,ANANTRAJ  ,EQ,N,638.25,641.0,641.0,623.05,625.85,625.0,-1.9428123775949828,17.950000000000045,2.8123775949862977,-2.3634945397815876
2026-09-08,ANDHRA PAPER LIMITED          ,ANDHRAPAP ,EQ,N,72.2,73.91,79.79,67.0,72.09,71.25,-0.15235457063711833,12.790000000000006,17.714681440443222,-2.4624543363550173
2026-09-08,ANDHRA SUGARS LTD             ,ANDHRSUGAR,EQ,N,99.4,99.99,100.99,97.01,98.79,99.48,-0.6136820925553313,3.9799999999999898,4.004024144869205,-1.2001200120011888
2026-09-08,ANDREW YULE & CO. LTD.        ,ANDREWYU  ,EQ,N,27.35,27.35,27.79,26.8,27.18,27.05,-0.6215722120658197,0.9899999999999984,3.619744058500908,-0.6215722120658197
2026-09-08,ANGEL ONE LIMITED             ,ANGELONE  ,EQ,N,303.8,303.8,304.15,296.5,298.0,298.0,-1.9091507570770279,7.649999999999977,2.518104015799861,-1.9091507570770279
2026-09-08,ANIK INDUSTRIES LTD           ,ANIKINDS  ,EQ,N,44.77,44.77,45.9,44.51,45.21,45.0,0.9828009828009776,1.3900000000000006,3.1047576502121967,0.9828009828009776
2026-09-08,ANMOL INDIA LIMITED           ,ANMOL     ,EQ,N,10.09,10.49,11.48,10.0,11.38,11.18,12.784935579781973,1.4800000000000004,14.667988107036676,8.484270734032417
2026-09-08,ANNAPURNA SWADISHT LTD        ,ANNAPURNA ,EQ,N,143.8,143.8,143.86,138.59,139.9,140.0,-2.7121001390820623,5.27000000000001,3.664812239221147,-2.7121001390820623
2026-09-08,ANSAL BUILDWELL LTD.          ,ANSALBU   ,EQ,N,79.24,89.99,89.99,80.0,82.5,82.5,4.1140837960626016,9.989999999999995,12.607269056032303,-8.323147016335144
2026-09-08,ANTELOPUS SELAN ENRGY LTD     ,ANTELOPUS ,EQ,N,985.3,987.5,1127.5,971.4,1099.15,1109.8,11.554856388917095,156.10000000000002,15.842890490206033,11.30632911392406
2026-09-08,ANTARCTICA LTD                ,ANTGRAPHIC,EQ,N,0.73,0.75,0.75,0.71,0.72,0.73,-1.3698630136986314,0.040000000000000036,5.479452054794526,-4.0000000000000036
2026-09-08,ANTHEM BIOSCIENCES LTD        ,ANTHEM    ,EQ,N,933.5,939.2,959.9,920.0,957.8,957.5,2.6031065881092617,39.89999999999998,4.274236743438669,1.9804088586030566
2026-09-08,ANUH PHARMA LIMITED           ,ANUHPHR   ,EQ,N,90.29,92.0,99.5,91.79,95.53,94.9,5.803521984715909,7.709999999999994,8.539151622549555,3.8369565217391313
2026-09-08,THE ANUP ENGINEERING LTD      ,ANUP      ,EQ,N,1770.6,1768.3,1775.9,1717.0,1725.6,1733.6,-2.5415113520840396,58.90000000000009,3.326555969727781,-2.414748628626367
2026-09-08,ANUPAM RASAYAN INDIA LTD      ,ANURAS    ,EQ,N,1233.6,1243.9,1245.5,1222.5,1233.4,1233.5,-0.016212710765225204,23.0,1.864461738002594,-0.8441193021947102
2026-09-08,AONEAMC - AONEGOLD            ,AONEGOLD  ,EQ,N,14.19,14.45,14.45,14.15,14.2,14.24,0.07047216349541781,0.29999999999999893,2.114164904862572,-1.7301038062283738
2026-09-08,AONEAMC - AONELIQUID          ,AONELIQUID,EQ,N,1075.79,1075.94,1075.95,1075.92,1075.94,1075.95,0.013943241710751259,0.029999999999972715,0.0027886483421460245,0.0
2026-09-08,AONEAMC - AONENIFTY           ,AONENIFTY ,EQ,N,9.83,9.58,9.96,9.58,9.79,9.8,-0.40691759918617415,0.3800000000000008,3.8657171922685736,2.192066805845502
2026-09-08,AONEAMC - AONESILVER          ,AONESILVER,EQ,N,8.79,8.85,8.98,8.81,8.82,8.86,0.341296928327658,0.16999999999999993,1.934015927189988,-0.3389830508474504
2026-09-08,AONEAMC - AONETMMQ50          ,AONETMMQ50,EQ,N,10.31,10.36,10.4,10.3,10.35,10.4,0.38797284190105863,0.09999999999999964,0.9699321047526638,-0.09652509652509447
2026-09-08,AONEAMC - AONETOTAL           ,AONETOTAL ,EQ,N,11.84,11.99,11.99,11.8,11.81,11.84,-0.25337837837837296,0.1899999999999995,1.6047297297297254,-1.501251042535444
2026-09-08,APAR INDUSTRIES LTD.          ,APARINDS  ,EQ,N,17728.0,17789.0,17812.0,17372.0,17635.0,17657.0,-0.5245938628158845,440.0,2.4819494584837543,-0.8657035246500646
2026-09-08,ANJANI PORTLAND CEM LTD       ,APCL      ,EQ,N,99.93,100.0,101.96,100.0,100.32,100.1,0.39027319123385,1.9599999999999937,1.9613729610727444,0.3199999999999932
2026-09-08,APCOTEX INDUSTRIES LIMITE     ,APCOTEXIND,EQ,N,631.6,630.05,633.05,601.0,612.15,612.0,-3.079480683977208,32.049999999999955,5.074414186193786,-2.841044361558603
2026-09-08,APEX FROZEN FOODS LIMITED     ,APEX      ,EQ,N,368.2,366.5,387.95,366.05,384.2,384.5,4.34546442151005,21.899999999999977,5.947854426941873,4.829467939972712
2026-09-08,APL APOLLO TUBES LTD          ,APLAPOLLO ,EQ,N,2215.0,2204.6,2204.8,2165.0,2185.0,2185.0,-1.3544018058690745,39.80000000000018,1.796839729119647,-0.889050167830895
2026-09-08,ALEMBIC PHARMA LTD            ,APLLTD    ,EQ,N,799.55,802.0,810.95,792.6,808.5,810.0,1.1193796510537235,18.350000000000023,2.295040960540307,0.8104738154613467
2026-09-08,APOLLO MICRO SYSTEMS LTD      ,APOLLO    ,EQ,N,403.95,408.0,424.0,405.8,417.9,418.5,3.4533976977348653,18.19999999999999,4.505508107439036,2.4264705882352886
2026-09-08,APOLLO HOSPITALS ENTER. L     ,APOLLOHOSP,EQ,N,8760.0,8761.5,8850.0,8745.0,8837.5,8837.5,0.8847031963470319,105.0,1.1986301369863013,0.8674313759059521
2026-09-08,APOLLO PIPES LIMITED          ,APOLLOPIPE,EQ,N,601.0,600.6,603.95,586.2,591.2,591.05,-1.6306156405989942,17.75,2.9534109816971714,-1.5651015651015614
2026-09-08,APOLLO TYRES LTD              ,APOLLOTYRE,EQ,N,420.8,420.8,421.2,410.05,411.5,412.1,-2.210076045627379,11.149999999999977,2.649714828897333,-2.210076045627379
2026-09-08,APOLLO SINDOORI HOTEL LTD     ,APOLSINHOT,EQ,N,1204.9,1204.9,1218.9,1201.4,1209.1,1213.0,0.3485766453647454,17.5,1.4524026890198356,0.3485766453647454
2026-09-08,APOORVA LEAS F & INV C L      ,APOORVA   ,EQ,N,25.25,25.25,26.51,25.0,25.3,26.51,0.19801980198020083,1.5100000000000016,5.980198019801986,0.19801980198020083
2026-09-08,APTUS VALUE HSG FIN I LTD     ,APTUS     ,EQ,N,256.89,256.0,257.86,252.1,256.96,257.65,0.02724901708902378,5.760000000000019,2.2422048347541823,0.374999999999992
2026-09-08,AQYLON NEXUS LIMITED          ,AQYLON    ,EQ,N,23.54,23.53,24.65,22.37,23.1,23.22,-1.8691588785046633,2.2799999999999976,9.685641461342385,-1.8274543136421577
2026-09-08,ARCHIDPLY IND. LTD            ,ARCHIDPLY ,EQ,N,103.62,104.66,105.25,102.0,103.77,103.89,0.14475969889981805,3.25,3.1364601428295695,-0.8503726351996949
2026-09-08,ARCHIES LTD                   ,ARCHIES   ,EQ,N,12.88,12.95,13.22,12.89,13.14,13.17,2.018633540372669,0.33000000000000007,2.5621118012422364,1.4671814671814771
2026-09-08,ARCL ORGANICS LTD.            ,ARCL      ,EQ,N,233.87,222.2,239.8,222.2,224.92,229.96,-3.8269123872236785,17.600000000000023,7.52554838157952,1.2241224122412238
2026-09-08,ARDEE INDUSTRIES LIMITED      ,ARDEE     ,EQ,N,56.09,56.2,56.2,54.51,54.74,54.65,-2.406846140131933,1.6900000000000048,3.0130147976466475,-2.5978647686832756
2026-09-08,AMARA RAJA ENERGY MOB LTD     ,ARE&M     ,EQ,N,842.95,842.95,845.1,834.15,837.8,837.95,-0.610949641141241,10.950000000000045,1.2990094311643685,-0.610949641141241
2026-09-08,RAJDARSHAN INDUSTRIES LTD     ,ARENTERP  ,EQ,N,34.76,34.7,36.0,32.3,33.34,34.99,-4.08515535097812,3.700000000000003,10.644418872266982,-3.9193083573487013
2026-09-08,ARFIN INDIA LIMITED           ,ARFIN     ,EQ,N,95.27,97.0,97.16,91.03,91.36,91.1,-4.104125118085438,6.1299999999999955,6.434344494594306,-5.814432989690722
2026-09-08,ARIHANT FOUN & HOU LTD        ,ARIHANT   ,EQ,N,961.25,932.55,959.3,910.4,919.55,915.0,-4.338101430429134,48.89999999999998,5.08712613784135,-1.3940271299126052
2026-09-08,ARIHANT CAPITAL MKTS LTD      ,ARIHANTCAP,EQ,N,78.36,78.7,78.88,77.18,78.54,78.55,0.22970903522206076,1.6999999999999886,2.1694742215415883,-0.2033036848792841
2026-09-08,ARIHANT SUPERSTRUCT LTD       ,ARIHANTSUP,EQ,N,233.75,234.1,239.1,231.65,232.6,231.65,-0.4919786096256709,7.449999999999989,3.1871657754010645,-0.6407518154634771
2026-09-08,ARISINFRA SOLUTIONS LTD       ,ARIS      ,EQ,N,126.32,134.52,134.52,126.0,127.22,127.26,0.7124762507916448,8.52000000000001,6.7447751741608695,-5.4267023490930795
2026-09-08,ARKADE DEVELOPERS LIMITED     ,ARKADE    ,EQ,N,124.82,124.0,125.99,122.5,123.09,122.76,-1.3859958340009533,3.489999999999995,2.7960262778400855,-0.7338709677419327
2026-09-08,ARMAN FIN SERV LTD            ,ARMANFIN  ,EQ,N,2033.8,2025.0,2050.1,2001.0,2037.5,2040.0,0.1819254597305559,49.09999999999991,2.4142000196676126,0.6172839506172839
2026-09-08,ARO GRANITE IND. LTD.         ,AROGRANITE,EQ,N,24.29,24.5,24.95,23.86,24.1,24.1,-0.782214903252358,1.0899999999999999,4.487443392342527,-1.632653061224484
2026-09-08,ANAND RATHI SH N STK BR L     ,ARSSBL    ,EQ,N,516.3,513.05,515.55,508.4,513.65,510.0,-0.5132674801471969,7.149999999999977,1.3848537671896142,0.11694766591950546
2026-09-08,ARTEMIS MED SERVICE LTD       ,ARTEMISMED,EQ,N,343.5,347.5,350.0,338.6,342.05,343.0,-0.42212518195050613,11.399999999999977,3.3187772925764127,-1.5683453237410039
2026-09-08,ART NIRMAN LIMITED            ,ARTNIRMAN ,EQ,N,40.21,40.41,41.1,40.41,40.41,40.41,0.4973887092762888,0.6900000000000048,1.7159910470032451,0.0
2026-09-08,ARVEE LABORATORIES I LTD      ,ARVEE     ,EQ,N,163.93,164.74,196.71,163.61,193.74,196.71,18.184590983956568,33.099999999999994,20.191545171719632,17.603496418599004
2026-09-08,ARVIND LIMITED                ,ARVIND    ,EQ,N,564.5,560.65,584.3,555.8,581.35,584.25,2.9849424269264877,28.5,5.048715677590788,3.692143048247578
2026-09-08,ARVIND FASHIONS LIMITED       ,ARVINDFASN,EQ,N,439.2,441.3,443.05,430.0,440.35,440.0,0.26183970856102784,13.050000000000011,2.9713114754098386,-0.21527305687740506
2026-09-08,ARVIND SMARTSPACES LTD        ,ARVSMART  ,EQ,N,646.8,648.2,653.55,626.0,629.65,627.7,-2.6515151515151483,27.549999999999955,4.259431045145324,-2.861771058315345
2026-09-08,ARYAMAN FINANCIAL SERV L      ,ARYAMAN   ,EQ,N,630.0,639.0,639.0,639.0,639.0,639.0,1.4285714285714286,0.0,0.0,0.0
2026-09-08,ASAHI INDIA GLASS LIMITED     ,ASAHIINDIA,EQ,N,954.65,954.95,963.9,950.0,955.6,955.55,0.09951291049076054,13.899999999999977,1.456031006127898,0.06806639091051649
2026-09-08,AUTOMOTIVE STAMPINGS & AS     ,ASAL      ,EQ,N,470.1,470.0,472.0,466.0,468.45,469.95,-0.3509891512444233,6.0,1.276324186343331,-0.3297872340425556
2026-09-08,ASSO ALCOHOLS & BREW LTD      ,ASALCBR   ,EQ,N,707.8,708.0,710.2,689.95,696.15,695.0,-1.6459451822548714,20.25,2.860977677309975,-1.6737288135593251
2026-09-08,ASHAPURA MINECHEM LTD         ,ASHAPURMIN,EQ,N,538.15,535.9,559.95,535.9,549.35,550.5,2.0812041252438997,24.050000000000068,4.4690142153674755,2.5097966038440096
2026-09-08,ASHIANA HOUSING LTD           ,ASHIANA   ,EQ,N,349.75,350.4,350.85,345.0,346.3,345.8,-0.9864188706218696,5.850000000000023,1.6726233023588344,-1.1700913242009037
2026-09-08,ASHIMA LTD                    ,ASHIMASYN ,EQ,N,17.75,17.6,17.61,17.3,17.36,17.31,-2.1971830985915526,0.3099999999999987,1.7464788732394294,-1.3636363636363749
2026-09-08,ASHOKA BUILDCON LTD           ,ASHOKA    ,EQ,N,115.5,115.46,115.6,113.56,114.27,114.6,-1.0649350649350684,2.039999999999992,1.7662337662337595,-1.0306599688203688
2026-09-08,ASHOKA METCAST LIMITED        ,ASHOKAMET ,EQ,N,14.3,14.5,15.25,14.04,14.44,14.69,0.9790209790209706,1.2100000000000009,8.461538461538467,-0.41379310344827924
2026-09-08,ASHOK LEYLAND LTD             ,ASHOKLEY  ,EQ,N,170.0,170.0,170.17,167.75,169.0,169.0,-0.5882352941176471,2.4199999999999875,1.4235294117646986,-0.5882352941176471
2026-09-08,ASIAN ENERGY SERVICES LTD     ,ASIANENE  ,EQ,N,511.8,519.0,565.7,507.6,553.55,555.3,8.15748339194997,58.10000000000002,11.352090660414229,6.657032755298642
2026-09-08,ASIAN HOTELS (NORTH) LTD      ,ASIANHOTNR,EQ,N,382.65,388.8,423.8,384.8,405.75,405.0,6.036848294786364,39.0,10.192081536652294,4.359567901234565
2026-09-08,ASIAN PAINTS LIMITED          ,ASIANPAINT,EQ,N,2500.9,2499.0,2499.0,2474.1,2481.6,2481.6,-0.7717221800152018,24.90000000000009,0.995641569035151,-0.6962785114045655
2026-09-08,ASIAN GRANITO IND. LTD.       ,ASIANTILES,EQ,N,49.85,49.45,50.5,49.41,50.04,49.88,0.38114343029086806,1.0900000000000034,2.1865596790371185,1.1931243680485264
2026-09-08,ASIAN TEA & EXPORTS LTD.      ,ASIANTNE  ,EQ,N,9.5,9.89,9.89,9.37,9.69,9.38,1.999999999999995,0.5200000000000014,5.47368421052633,-2.0222446916076953
2026-09-08,ASK AUTOMOTIVE LIMITED        ,ASKAUTOLTD,EQ,N,611.5,609.0,621.0,601.2,610.15,608.0,-0.22076860179885896,19.799999999999955,3.2379394930498697,0.188834154351392
2026-09-08,ASPINWALL & CO LTD            ,ASPINWALL ,EQ,N,260.65,255.05,256.95,253.8,254.15,253.8,-2.493765586034902,3.1499999999999773,1.2085171686169107,-0.35287198588512275
2026-09-08,ASIAN STAR CO. LTD.           ,ASTAR     ,EQ,N,597.9,590.0,597.0,590.0,596.95,596.95,-0.15888944639570693,7.0,1.170764341863188,1.1779661016949228
2026-09-08,ASTEC LIFESCIENCES LTD        ,ASTEC     ,EQ,N,552.35,551.2,662.8,551.2,662.8,662.8,19.996379107449975,111.59999999999991,20.20458042907575,20.246734397677777
2026-09-08,ASTER DM QUALITY CARE LTD     ,ASTERDM   ,EQ,N,795.65,795.65,795.65,782.6,790.35,790.4,-0.6661220385847991,13.049999999999955,1.640168415760693,-0.6661220385847991
2026-09-08,ASTRAL LIMITED                ,ASTRAL    ,EQ,N,1498.2,1498.2,1507.4,1485.0,1500.8,1500.8,0.17354158323320712,22.40000000000009,1.4951274863169197,0.17354158323320712
2026-09-08,ASTRA MICROWAVE LTD           ,ASTRAMICRO,EQ,N,1711.6,1748.0,1783.3,1708.3,1757.3,1762.0,2.670016358962377,75.0,4.38186492171068,0.5320366132723086
2026-09-08,ASTRAZENECA PHARMA IND LT     ,ASTRAZEN  ,EQ,N,6851.0,6860.0,6924.0,6830.0,6875.5,6874.5,0.3576120274412494,94.0,1.3720624726317325,0.2259475218658892
2026-09-08,ATAL REALTECH LIMITED         ,ATALREAL  ,EQ,N,26.5,26.01,26.07,21.2,21.2,21.2,-20.000000000000004,4.870000000000001,18.377358490566042,-18.492887351018847
2026-09-08,ATAM VALVES LIMITED           ,ATAM      ,EQ,N,54.27,54.55,55.98,54.54,55.34,55.44,1.9716233646581909,1.4399999999999977,2.653399668325037,1.4482126489459326
2026-09-08,ADANI TOTAL GAS LIMITED       ,ATGL      ,EQ,N,603.7,604.4,612.0,602.0,609.4,611.4,0.9441775716415324,10.0,1.6564518800728838,0.8272667107875579
2026-09-08,ATHER ENERGY LIMITED          ,ATHERENERG,EQ,N,1599.3,1607.3,1613.4,1568.0,1578.0,1578.0,-1.3318326767960955,45.40000000000009,2.8387419496029573,-1.8229328687861603
2026-09-08,ALLCARGO TERMINALS LTD        ,ATL       ,EQ,N,25.03,25.45,26.44,24.85,25.82,25.8,3.156212544946061,1.5899999999999999,6.352377147423091,1.4538310412573714
2026-09-08,ATLANTAA LIMITED              ,ATLANTAA  ,EQ,N,37.66,37.8,39.02,36.92,38.3,38.15,1.6994158258098795,2.1000000000000014,5.576208178438666,1.3227513227513228
2026-09-08,ATLANTA ELECTRICALS LTD       ,ATLANTAELE,EQ,N,1938.1,1940.1,1948.0,1882.3,1922.3,1911.0,-0.8152314122078301,65.70000000000005,3.3899179608895333,-0.917478480490694
2026-09-08,ATLAS CYCLE (HARYANA) LTD     ,ATLASCYCLE,EQ,N,94.49,95.6,113.38,95.0,113.03,112.49,19.621123928458044,18.379999999999995,19.451793840618052,18.232217573221764
2026-09-08,ATUL LTD                      ,ATUL      ,EQ,N,6312.5,6335.0,6356.5,6305.0,6314.5,6317.0,0.031683168316831684,51.5,0.8158415841584159,-0.32359905288082086
2026-09-08,ATUL AUTO LIMITED             ,ATULAUTO  ,EQ,N,459.1,460.05,463.9,457.3,458.9,458.6,-0.043563493792212034,6.599999999999966,1.437595295142663,-0.24997282904032908
2026-09-08,AU SMALL FINANCE BANK LTD     ,AUBANK    ,EQ,N,1053.0,1055.7,1074.8,1051.4,1073.7,1073.7,1.9658119658119704,23.399999999999864,2.222222222222209,1.7050298380221656
2026-09-08,AUGMONT ENTERPRISES LTD       ,AUGMONT   ,EQ,N,891.6,899.0,909.95,882.8,893.4,891.0,0.2018842530282587,27.15000000000009,3.045087483176322,-0.622914349276977
2026-09-08,AURIONPRO SOLN LTD            ,AURIONPRO ,EQ,N,668.7,673.0,684.3,667.75,672.1,676.5,0.5084492298489572,16.549999999999955,2.4749513982353752,-0.1337295690936073
2026-09-08,AUROBINDO PHARMA LTD          ,AUROPHARMA,EQ,N,1660.0,1660.5,1698.8,1655.0,1692.0,1692.0,1.9277108433734942,43.799999999999955,2.638554216867467,1.8970189701897018
2026-09-08,AURUM PROPTECH LIMITED        ,AURUM     ,EQ,N,225.14,225.85,228.0,223.78,227.26,227.1,0.9416363151816667,4.219999999999999,1.8743892688993509,0.6243081691388075
2026-09-08,AURUS GEM CORP LIMITED        ,AURUS     ,EQ,N,4.94,4.94,4.94,4.73,4.78,4.77,-3.2388663967611366,0.20999999999999996,4.251012145748987,-3.2388663967611366
2026-09-08,AUSOM ENTERPRISE LIMITED      ,AUSOMENT  ,EQ,N,156.21,161.0,161.0,152.56,155.86,156.1,-0.2240573586838194,8.439999999999998,5.402983163689902,-3.1925465838509233
2026-09-08,AUSTIN ENGINEERING CO. L      ,AUSTENG   ,EQ,N,125.0,125.95,129.5,121.0,121.41,121.0,-2.8720000000000026,8.5,6.800000000000001,-3.6046050019849196
2026-09-08,AUTOMOTIVE AXLES LIMITED      ,AUTOAXLES ,EQ,N,1666.6,1666.6,1685.0,1658.1,1664.4,1658.3,-0.13200528021119753,26.90000000000009,1.6140645625825087,-0.13200528021119753
2026-09-08,NIPPONAMC - NETFAUTO          ,AUTOBEES  ,EQ,N,286.85,286.69,288.0,284.05,286.83,288.0,-0.006972285166476782,3.9499999999999886,1.3770263203764994,0.048833234504163506
2026-09-08,ICICIPRAMC - ICICIAUTO        ,AUTOIETF  ,EQ,N,28.81,28.81,28.95,28.51,28.82,28.9,0.034710170079838815,0.4399999999999977,1.5272474835126613,0.034710170079838815
2026-09-08,AUTOLINE INDUSTRIES LTD       ,AUTOIND   ,EQ,N,84.73,85.0,87.78,84.21,87.03,86.91,2.714504897911008,3.5700000000000074,4.21338368936623,2.3882352941176483
2026-09-08,AVADH SUG & ENERGY LTD        ,AVADHSUGAR,EQ,N,839.7,839.7,844.5,825.0,836.25,840.0,-0.4108610217935031,19.5,2.3222579492675957,-0.4108610217935031
2026-09-08,AVALON TECHNOLOGIES LTD       ,AVALON    ,EQ,N,2352.5,2350.0,2360.0,2280.8,2290.3,2285.0,-2.6439957492029675,79.19999999999982,3.3666312433581216,-2.540425531914886
2026-09-08,AVANCE TECHNOLOGIES LTD.      ,AVANCE    ,EQ,N,0.83,0.84,0.85,0.83,0.84,0.85,1.204819277108435,0.020000000000000018,2.40963855421687,0.0
2026-09-08,AVANTEL LIMITED               ,AVANTEL   ,EQ,N,156.74,156.97,160.6,156.0,156.44,156.7,-0.19139977032028285,4.599999999999994,2.9347964782442224,-0.3376441358221323
2026-09-08,AVANTI FEEDS LIMITED          ,AVANTIFEED,EQ,N,786.55,786.95,847.9,784.75,837.15,842.0,6.43315745979277,63.14999999999998,8.028733074820416,6.379058389986649
2026-09-08,ADITYA VISION LIMITED         ,AVL       ,EQ,N,599.25,604.0,617.0,589.95,614.6,616.45,2.5615352523988357,27.049999999999955,4.513975803087185,1.7549668874172222
2026-09-08,AVONMORE CAP&MGT SERV LTD     ,AVONMORE  ,EQ,N,14.1,14.35,14.35,14.0,14.06,14.07,-0.2836879432624053,0.34999999999999964,2.482269503546097,-2.020905923344942
2026-09-08,AVRO INDIA LIMITED            ,AVROIND   ,EQ,N,8.5,8.4,8.88,8.19,8.58,8.35,0.9411764705882361,0.6900000000000013,8.117647058823545,2.1428571428571392
2026-09-08,AVT NATURAL PRODUCTS LTD      ,AVTNPL    ,EQ,N,90.1,90.96,91.58,88.9,90.35,91.0,0.2774694783573807,2.6799999999999926,2.974472807991113,-0.670624450307827
2026-09-08,AWFIS SPACE SOLUTIONS LTD     ,AWFIS     ,EQ,N,255.2,254.0,255.85,250.1,253.0,252.7,-0.862068965517237,5.75,2.2531347962382444,-0.39370078740157477
2026-09-08,ANTONY WASTE HDG CELL LTD     ,AWHCL     ,EQ,N,370.5,370.5,372.45,361.0,365.75,366.65,-1.282051282051282,11.449999999999989,3.0904183535762453,-1.282051282051282
2026-09-08,AWL AGRI BUSINESS LIMITED     ,AWL       ,EQ,N,188.27,187.95,188.31,186.0,187.52,187.6,-0.39836405162798105,2.3100000000000023,1.226961279014183,-0.22878425113060838
2026-09-08,AXIS BANK LIMITED             ,AXISBANK  ,EQ,N,1266.0,1262.8,1264.9,1239.5,1244.9,1244.9,-1.6666666666666594,25.40000000000009,2.0063191153238615,-1.4174849540703092
2026-09-08,AXISCADES TECH LTD            ,AXISCADES ,EQ,N,1778.0,1778.0,1861.0,1778.0,1848.6,1859.0,3.970753655793021,83.0,4.668166479190101,3.970753655793021
2026-09-08,AXITA COTTON LIMITED          ,AXITA     ,EQ,N,8.0,8.03,8.04,7.97,7.99,8.0,-0.12499999999999734,0.0699999999999994,0.8749999999999925,-0.49813200498130944
2026-09-08,AXTEL INDUSTRIES LTD.         ,AXTEL     ,EQ,N,391.65,390.0,411.85,388.0,408.85,409.0,4.391676241542205,23.850000000000023,6.089620834929152,4.833333333333339
2026-09-08,AYE FINANCE LIMITED           ,AYE       ,EQ,N,184.06,185.37,188.83,183.51,184.78,184.05,0.39117679017711554,5.320000000000022,2.8903618385309255,-0.3182823542104998
2026-09-08,AYM SYNTEX LIMITED            ,AYMSYNTEX ,EQ,N,315.2,316.85,330.0,311.4,320.1,322.8,1.5545685279187926,18.600000000000023,5.901015228426403,1.0257219504497395
2026-09-08,AZAD ENGINEERING LIMITED      ,AZAD      ,EQ,N,2868.0,2885.0,2885.8,2800.0,2822.1,2835.0,-1.6004184100418442,85.80000000000018,2.9916317991631862,-2.180242634315428
2026-09-08,AZAD INDIA MOBILITY LTD.      ,AZADIND   ,EQ,N,89.88,90.25,91.0,89.0,89.86,89.66,-0.022251891410765487,2.0,2.2251891410769917,-0.4321329639889203
2026-09-08,B.A.G FILMS AND MEDIA LTD     ,BAGFILMS  ,EQ,N,4.81,4.81,4.88,4.64,4.7,4.74,-2.2869022869022753,0.2400000000000002,4.989604989604994,-2.2869022869022753
2026-09-08,BAID FINSERV LIMITED          ,BAIDFIN   ,EQ,N,10.89,11.05,12.95,11.02,12.05,12.14,10.651974288337925,1.9299999999999997,17.72268135904499,9.049773755656108
2026-09-08,BAJAJ AUTO LIMITED            ,BAJAJ-AUTO,EQ,N,11800.0,11727.0,11883.0,11716.0,11880.0,11880.0,0.6779661016949152,167.0,1.4152542372881356,1.3046815042210285
2026-09-08,BAJAJ CONSUMER CARE LTD       ,BAJAJCON  ,EQ,N,526.0,526.0,527.6,512.0,514.1,515.0,-2.262357414448665,15.600000000000023,2.965779467680613,-2.262357414448665
2026-09-08,BAJAJ ELECT.LTD               ,BAJAJELEC ,EQ,N,342.1,341.05,341.85,335.0,339.95,338.5,-0.6284712072493522,6.850000000000023,2.002338497515353,-0.3225333528808159
2026-09-08,BAJAJ FINSERV LTD.            ,BAJAJFINSV,EQ,N,1938.6,1938.6,1951.9,1933.0,1938.1,1938.1,-0.025791808521613536,18.90000000000009,0.9749303621169964,-0.025791808521613536
2026-09-08,BAJAJ HEALTHCARE LIMITED      ,BAJAJHCARE,EQ,N,328.8,328.85,338.7,328.85,336.7,337.5,2.402676399026757,9.849999999999966,2.9957420924574105,2.38710658354872
2026-09-08,BAJAJ HOUSING FINANCE LTD     ,BAJAJHFL  ,EQ,N,84.04,83.51,84.2,82.58,84.01,84.1,-0.03569728700618888,1.6200000000000045,1.927653498334132,0.5987306909352172
2026-09-08,BAJAJ HINDUSTHAN SUGAR LT     ,BAJAJHIND ,EQ,N,22.77,22.8,23.17,22.4,22.66,22.61,-0.48309178743961106,0.7700000000000031,3.3816425120773084,-0.6140350877193007
2026-09-08,BAJAJ HOLDINGS & INVS LTD     ,BAJAJHLDNG,EQ,N,10956.0,11094.0,11124.0,10970.0,11046.0,11046.0,0.8214676889375685,154.0,1.4056224899598393,-0.4326663061114116
2026-09-08,INDEF MANUFACTURING LTD       ,BAJAJINDEF,EQ,N,222.26,225.6,226.89,220.02,220.95,222.38,-0.5893998020336553,6.869999999999976,3.0909745343291535,-2.06117021276596
2026-09-08,BAJAJ STEEL INDS. LTD.        ,BAJAJST   ,EQ,N,366.4,365.6,369.7,361.75,365.0,366.3,-0.3820960698689895,7.949999999999989,2.169759825327508,-0.16411378555799308
2026-09-08,BAJEL PROJECTS LIMITED        ,BAJEL     ,EQ,N,187.45,187.3,187.3,182.12,183.62,183.46,-2.043211523072811,5.180000000000007,2.7634035742864804,-1.9647624132407937
2026-09-08,BAJAJ FINANCE LIMITED         ,BAJFINANCE,EQ,N,1060.0,1058.8,1059.6,1050.0,1054.1,1054.1,-0.5566037735849142,9.599999999999909,0.9056603773584819,-0.44389875330563333
2026-09-08,SHREE TIRUPATI BALAJEE L      ,BALAJEE   ,EQ,N,25.73,26.49,26.49,25.11,25.46,25.32,-1.0493587252234728,1.379999999999999,5.3633890400310875,-3.8882597206492924
2026-09-08,BALAJI TELEFILMS LIMITED.     ,BALAJITELE,EQ,N,91.81,92.82,95.0,91.9,93.42,93.6,1.7536216098464212,3.0999999999999943,3.3765385034309925,0.6464124111183027
2026-09-08,BALAJI AMINES LIMITED         ,BALAMINES ,EQ,N,2566.8,2575.0,2581.2,2452.0,2475.4,2475.0,-3.5608539816113485,129.19999999999982,5.0335047529998365,-3.8679611650485404
2026-09-08,BALAXI PHARMA LTD             ,BALAXI    ,EQ,N,24.24,24.24,24.75,23.2,23.34,23.65,-3.7128712871287073,1.5500000000000007,6.394389438943898,-3.7128712871287073
2026-09-08,BALKRISHNA PAPER MILLS L      ,BALKRISHNA,EQ,N,16.9,17.4,17.4,16.8,17.03,17.18,0.7692307692307845,0.5999999999999979,3.550295857988153,-2.126436781609181
2026-09-08,BALKRISHNA IND. LTD           ,BALKRISIND,EQ,N,2287.1,2279.4,2305.5,2237.2,2258.0,2255.0,-1.2723536356084084,68.30000000000018,2.986314546806007,-0.9388435553215798
2026-09-08,BALMER LAWRIE & CO LTD        ,BALMLAWRIE,EQ,N,177.98,177.98,177.98,175.71,176.38,176.6,-0.8989774131924904,2.269999999999982,1.27542420496684,-0.8989774131924904
2026-09-08,BAL PHARMA LTD.               ,BALPHARMA ,EQ,N,92.69,93.78,97.6,93.0,95.38,95.0,2.902146941417626,4.599999999999994,4.962779156327538,1.706120708040088
2026-09-08,BALRAMPUR CHINI MILLS LTD     ,BALRAMCHIN,EQ,N,711.55,712.05,742.0,702.8,711.45,709.0,-0.014053826154157692,39.200000000000045,5.509099852434832,-0.08426374552347575
2026-09-08,BALU FORGE INDUSTRIES LTD     ,BALUFORGE ,EQ,N,557.6,552.3,557.7,540.1,541.65,542.8,-2.8604734576757616,17.600000000000023,3.1563845050215247,-1.9282998370450801
2026-09-08,BANARAS BEADS LTD             ,BANARBEADS,EQ,N,111.13,112.0,113.95,109.05,109.99,111.99,-1.0258256096463607,4.900000000000006,4.4092504274273425,-1.7946428571428616
2026-09-08,BANNARI AMMAN SUGARS LTD      ,BANARISUG ,EQ,N,3832.3,3824.6,3824.6,3720.1,3743.6,3725.4,-2.314536962137627,104.5,2.7268220128904312,-2.1178685352716626
2026-09-08,BANCO PRODUCTS (I) LTD        ,BANCOINDIA,EQ,N,626.95,625.0,631.7,622.65,628.3,628.0,0.21532817609058283,9.050000000000068,1.4434962915703116,0.5279999999999927
2026-09-08,BANDHAN BANK LIMITED          ,BANDHANBNK,EQ,N,164.7,165.95,172.4,163.3,171.58,171.58,4.17729204614452,9.099999999999994,5.525197328476014,3.392588128954519
2026-09-08,BANG OVERSEAS LTD.            ,BANG      ,EQ,N,34.61,34.11,34.65,33.45,33.52,33.45,-3.149378792256562,1.1999999999999957,3.4672060098237383,-1.7296980357666265
2026-09-08,DSPAMC - BANK10ADD            ,BANK10ADD ,EQ,N,16.91,16.85,16.9,16.65,16.69,16.65,-1.3010053222944935,0.25,1.478415138971023,-0.949554896142434
2026-09-08,BFAM - BANK10BETF             ,BANK10BETF,EQ,N,20.76,20.69,20.69,20.49,20.52,20.52,-1.1560693641618591,0.20000000000000284,0.9633911368015551,-0.8216529724504673
2026-09-08,BANKA BIOLOO LIMITED          ,BANKA     ,EQ,N,82.0,82.0,83.5,78.52,79.1,78.52,-3.5365853658536652,4.980000000000004,6.073170731707322,-3.5365853658536652
2026-09-08,DSPAMC - DSPBANK              ,BANKADD   ,EQ,N,58.71,58.67,58.67,58.14,58.41,58.49,-0.5109862033725162,0.5300000000000011,0.9027422926247678,-0.44315663882734807
2026-09-08,BANK OF BARODA                ,BANKBARODA,EQ,N,237.0,236.8,237.7,234.54,236.6,236.6,-0.16877637130801926,3.1599999999999966,1.333333333333332,-0.08445945945946665
2026-09-08,NIP IND ETF BANK BEES         ,BANKBEES  ,EQ,N,591.58,593.7,593.77,588.3,589.09,589.2,-0.4209067243652606,5.470000000000027,0.9246424828425618,-0.7764864409634518
2026-09-08,UTIAMC-BANKBETA               ,BANKBETA  ,EQ,N,59.04,59.05,59.08,58.8,58.88,58.8,-0.27100271002709453,0.28000000000000114,0.47425474254742744,-0.2878916172734879
2026-09-08,BFAM - BANKBETF               ,BANKBETF  ,EQ,N,58.19,58.1,58.13,57.68,57.87,57.7,-0.5499226671249361,0.45000000000000284,0.7733287506444455,-0.39586919104992074
2026-09-08,MIRAEAMC - BANKETF            ,BANKETF   ,EQ,N,581.69,582.09,582.09,578.45,579.02,578.53,-0.4590073750623309,3.6399999999999864,0.6257628633808362,-0.5274098507103798
2026-09-08,ICICIPRAMC - IPRU5008         ,BANKIETF  ,EQ,N,58.68,58.61,58.8,58.31,58.43,58.31,-0.42603953646898435,0.4899999999999949,0.8350374914792005,-0.3071148268213611
2026-09-08,BANK OF INDIA                 ,BANKINDIA ,EQ,N,142.02,142.04,142.39,139.73,140.86,140.86,-0.8167863681171641,2.6599999999999966,1.8729756372341897,-0.8307519008729783
2026-09-08,KOTAKMAMC-KOTAKBKETF          ,BANKNIFTY1,EQ,N,59.32,59.32,59.32,59.0,59.06,59.1,-0.43830074173971345,0.3200000000000003,0.539447066756575,-0.43830074173971345
2026-09-08,MIRAEAMC - BANKPSU            ,BANKPSU   ,EQ,N,84.91,84.94,85.14,84.6,84.89,84.69,-0.023554351666465693,0.5400000000000063,0.6359674949947077,-0.05886508123380876
2026-09-08,BANSAL WIRE INDUSTRIES L      ,BANSALWIRE,EQ,N,317.4,320.0,321.0,312.45,314.9,314.05,-0.7876496534341526,8.550000000000011,2.6937618147448052,-1.5937500000000069
2026-09-08,BANSWARA SYNTEX LIMITED       ,BANSWRAS  ,EQ,N,115.32,115.95,116.0,113.1,115.0,114.0,-0.2774887270204589,2.9000000000000057,2.514741588622967,-0.8193186718413132
2026-09-08,BASF INDIA LTD                ,BASF      ,EQ,N,3788.0,3785.2,3811.4,3744.2,3788.8,3759.0,0.02111932418163099,67.20000000000027,1.7740232312566069,0.09510725985417849
2026-09-08,BATA INDIA LTD                ,BATAINDIA ,EQ,N,669.45,669.0,670.4,659.9,663.85,664.0,-0.8365075808499548,10.5,1.5684517140936587,-0.7698056801195781
2026-09-08,BATLIBOI LTD.                 ,BATLIBOI  ,EQ,N,88.83,89.59,89.6,86.42,87.63,87.85,-1.3508949679162476,3.1799999999999926,3.5798716649780395,-2.1877441678758878
2026-09-08,BAYER CROPSCIENCE LTD         ,BAYERCROP ,EQ,N,3987.4,3980.0,3997.8,3972.5,3984.9,3981.0,-0.06269749711591513,25.300000000000182,0.6344986708130657,0.12311557788944952
2026-09-08,EDELAMC - BBETF0432           ,BBETF0432 ,EQ,N,1346.06,1347.99,1349.89,1345.0,1345.75,1347.0,-0.023030176960904078,4.8900000000001,0.36328246883497767,-0.16617333956483424
2026-09-08,BHARAT BIJLEE LTD             ,BBL       ,EQ,N,2239.1,2250.2,2291.7,2219.9,2240.1,2238.0,0.044660801214773796,71.79999999999973,3.2066455272207466,-0.4488489912007782
2026-09-08,BARODABNP - BBNPNBETF         ,BBNPNBETF ,EQ,N,57.78,57.72,58.29,57.1,57.13,57.1,-1.1249567324333654,1.1899999999999977,2.0595361716857004,-1.0221760221760159
2026-09-08,BARODABNP - BBNPPGOLD         ,BBNPPGOLD ,EQ,N,146.6,147.4,147.8,146.65,147.6,147.7,0.6821282401091405,1.1500000000000057,0.7844474761255155,0.1356852103120683
2026-09-08,BLACK BOX LIMITED             ,BBOX      ,EQ,N,774.25,780.0,781.15,756.25,770.9,771.0,-0.43267678398450404,24.899999999999977,3.216015498869871,-1.1666666666666694
2026-09-08,BOMBAY BURMAH TRADING COR     ,BBTC      ,EQ,N,1471.9,1476.2,1490.0,1469.0,1477.5,1488.9,0.3804606291188198,21.0,1.4267273591955973,0.08806394797452612
2026-09-08,B&B TRIPLEWALL CONT LTD       ,BBTCL     ,EQ,N,231.6,229.55,235.0,225.55,229.89,230.0,-0.7383419689119206,9.449999999999989,4.0803108808290105,0.14811587889347635
2026-09-08,BRIGHTCOM GROUP LIMITED       ,BCG       ,EQ,N,9.62,9.7,11.18,9.67,10.57,10.62,9.875259875259887,1.5099999999999998,15.696465696465694,8.969072164948464
2026-09-08,BCL INDUSTRIES LIMITED        ,BCLIND    ,EQ,N,36.48,36.48,36.88,35.77,36.0,36.1,-1.3157894736842022,1.1099999999999994,3.0427631578947354,-1.3157894736842022
2026-09-08,BRAND CONCEPTS LIMITED        ,BCONCEPTS ,EQ,N,173.98,173.55,173.76,164.83,166.33,166.95,-4.397057133003781,8.929999999999978,5.132773882055396,-4.160184384903485
2026-09-08,BCPL RAILWAY INFRA LTD        ,BCPL      ,EQ,N,68.39,70.56,74.0,68.06,71.04,72.0,3.8748355022664214,5.939999999999998,8.68548033338207,0.680272108843543
2026-09-08,BHARAT DYNAMICS LIMITED       ,BDL       ,EQ,N,1241.7,1250.1,1262.0,1234.3,1242.5,1242.5,0.06442780059595349,27.700000000000045,2.23081259563502,-0.6079513638908814
2026-09-08,BEARDSELL LIMITED             ,BEARDSELL ,EQ,N,24.99,25.2,25.25,24.06,24.77,24.7,-0.8803521408563381,1.1900000000000013,4.761904761904767,-1.7063492063492052
2026-09-08,MRS BECTORS FOOD SPE LTD      ,BECTORFOOD,EQ,N,230.65,230.69,232.65,227.93,230.35,230.0,-0.13006720138738842,4.719999999999999,2.0463906351614995,-0.14738393515107
2026-09-08,BEDMUTHA INDUST LTD           ,BEDMUTHA  ,EQ,N,107.76,108.0,111.99,107.79,108.0,108.0,0.22271714922048524,4.199999999999989,3.8975501113585636,0.0
2026-09-08,BEEKAY STEEL INDS. LTD.       ,BEEKAY    ,EQ,N,428.3,429.95,435.65,420.25,427.6,429.5,-0.16343684333410896,15.399999999999977,3.59561055335045,-0.5465751831608248
2026-09-08,BHARAT ELECTRONICS LTD        ,BEL       ,EQ,N,404.0,408.0,416.0,406.5,410.55,410.55,1.621287128712874,9.5,2.3514851485148514,0.6250000000000028
2026-09-08,BELLA CASA FASH AND RET L     ,BELLACASA ,EQ,N,240.87,243.0,243.0,239.4,241.18,241.0,0.12870012870012965,3.5999999999999943,1.4945821397434276,-0.7489711934156351
2026-09-08,BELRISE INDUSTRIES LTD        ,BELRISE   ,EQ,N,230.29,230.41,230.95,225.0,227.17,227.79,-1.354813496026751,5.949999999999989,2.5836988145381863,-1.4061889674927341
2026-09-08,BEML LIMITED                  ,BEML      ,EQ,N,2097.2,2120.0,2205.0,2095.1,2105.6,2099.0,0.40053404539386284,109.90000000000009,5.24032042723632,-0.6792452830188722
2026-09-08,BENARES HOTELS LTD.           ,BENARAS   ,EQ,N,10134.0,10120.0,10250.0,10120.0,10250.0,10250.0,1.144661535425301,130.0,1.2828103414249064,1.2845849802371543
2026-09-08,BENGAL & ASSAM CO. LTD.       ,BENGALASM ,EQ,N,6302.0,6349.5,6350.0,6206.0,6222.0,6226.0,-1.2694382735639478,144.0,2.2849888924151065,-2.0080321285140563
2026-09-08,BHANSALI ENG. POLYMERS LT     ,BEPL      ,EQ,N,126.84,125.8,134.5,125.75,133.84,134.07,5.518763796909492,8.75,6.898454746136864,6.3910969793322785
2026-09-08,BERGER PAINTS (I) LTD         ,BERGEPAINT,EQ,N,484.5,484.5,485.65,476.15,479.45,478.75,-1.0423116615067103,9.5,1.9607843137254901,-1.0423116615067103
2026-09-08,BEST AGROLIFE LIMITED         ,BESTAGRO  ,EQ,N,20.07,20.4,20.4,19.41,19.6,19.61,-2.3418036870951613,0.9899999999999984,4.932735426008961,-3.9215686274509665
2026-09-08,BETA DRUGS LIMITED            ,BETA      ,EQ,N,2123.9,2115.0,2173.9,2115.0,2139.8,2135.0,0.7486228165167894,58.90000000000009,2.773200244832623,1.1725768321513088
2026-09-08,BF INVESTMENT LIMITED         ,BFINVEST  ,EQ,N,458.95,458.0,460.95,445.25,451.15,452.95,-1.6995315393833774,15.699999999999989,3.420851944656278,-1.4956331877729308
2026-09-08,MIRAEAMC - MAFSETF            ,BFSI      ,EQ,N,26.97,26.29,27.04,26.29,26.78,26.78,-0.7044864664441888,0.75,2.780867630700779,1.863826550019026
2026-09-08,BF UTILITIES LIMITED          ,BFUTILITIE,EQ,N,529.4,526.0,537.2,523.0,526.55,526.0,-0.5383452965621501,14.200000000000045,2.682281828485086,0.1045627376425769
2026-09-08,BHAGIRADHA CHEM & INDS L      ,BHAGCHEM  ,EQ,N,260.75,259.4,261.6,258.35,259.05,258.6,-0.6519654841802449,3.25,1.2464046021093003,-0.13492675404778948
2026-09-08,BHAGYANAGAR INDIA LIMITED     ,BHAGYANGR ,EQ,N,373.4,385.9,392.05,380.0,392.05,392.05,4.994643813604723,12.050000000000011,3.227102303160153,1.5936771184244711
2026-09-08,BHANDARI HOSIERY EXP LTD      ,BHANDARI  ,EQ,N,2.98,3.0,3.04,2.97,3.01,3.03,1.0067114093959666,0.06999999999999984,2.3489932885905986,0.33333333333332626
2026-09-08,BHARAT COKING COAL LTD        ,BHARATCOAL,EQ,N,33.75,33.7,33.89,33.5,33.51,33.53,-0.711111111111117,0.39000000000000057,1.1555555555555572,-0.563798219584584
2026-09-08,BHARAT FORGE LTD              ,BHARATFORG,EQ,N,1955.0,1954.5,2027.5,1930.5,2003.7,2003.7,2.491048593350386,97.0,4.961636828644502,2.517267843438222
2026-09-08,BHARAT RASAYAN LTD            ,BHARATRAS ,EQ,N,1161.0,1166.1,1176.9,1152.0,1159.5,1169.8,-0.12919896640826875,24.90000000000009,2.1447028423772685,-0.5659891947517288
2026-09-08,BHARAT SEATS LIMITED          ,BHARATSE  ,EQ,N,227.65,227.65,228.79,221.75,226.85,227.3,-0.3514166483637212,7.039999999999992,3.092466505600699,-0.3514166483637212
2026-09-08,BHARAT WIRE ROPES LTD.        ,BHARATWIRE,EQ,N,180.0,179.2,179.59,175.0,176.19,176.0,-2.116666666666668,4.590000000000003,2.550000000000002,-1.6796874999999951
2026-09-08,BHARTI AIRTEL LIMITED         ,BHARTIARTL,EQ,N,1854.0,1846.2,1848.8,1829.0,1844.0,1844.0,-0.5393743257820928,19.799999999999955,1.0679611650485412,-0.11916368757447977
2026-09-08,BHARTI HEXACOM LIMITED        ,BHARTIHEXA,EQ,N,1528.7,1519.0,1558.0,1519.0,1549.3,1550.0,1.3475502060574285,39.0,2.5511872833126183,1.9947333772218534
2026-09-08,BHEL                          ,BHEL      ,EQ,N,421.45,422.5,426.7,419.85,422.15,422.15,0.16609324949578566,6.849999999999966,1.625341084351635,-0.08284023668639591
2026-09-08,BIGBLOC CONSTRUCTION LTD      ,BIGBLOC   ,EQ,N,41.43,41.0,42.1,41.0,41.19,41.5,-0.5792903692976152,1.1000000000000014,2.655080859280718,0.4634146341463359
2026-09-08,BIKAJI FOODS INTERN LTD       ,BIKAJI    ,EQ,N,580.25,579.0,590.2,577.4,583.7,580.0,0.5945713054717873,12.800000000000068,2.2059457130547298,0.8117443868739284
2026-09-08,BHARTIYA INTERNATIONAL        ,BIL       ,EQ,N,931.15,947.0,947.0,907.0,936.85,932.05,0.6121462707404871,40.0,4.29576330344198,-1.0718057022175267
2026-09-08,BIMETAL BEARINGS LTD.         ,BIMETAL   ,EQ,N,620.1,606.0,628.5,606.0,612.5,612.5,-1.2256087727785878,22.5,3.6284470246734397,1.0726072607260726
2026-09-08,BIOCON LIMITED.               ,BIOCON    ,EQ,N,391.4,392.15,399.9,390.9,392.3,392.3,0.22994379151763775,9.0,2.2994379151762905,0.03825066938672297
2026-09-08,BIOFIL CHEM & PHARMA LTD      ,BIOFILCHEM,EQ,N,32.04,32.7,32.7,31.5,31.52,31.52,-1.622971285892633,1.2000000000000028,3.7453183520599342,-3.608562691131508
2026-09-08,BIRLA CABLE LIMITED           ,BIRLACABLE,EQ,N,357.75,339.9,339.9,339.9,339.9,339.9,-4.989517819706505,0.0,0.0,0.0
2026-09-08,BIRLA CORPORATION LTD         ,BIRLACORPN,EQ,N,868.15,868.15,882.0,853.0,854.3,854.95,-1.5953464263088202,29.0,3.3404365605022175,-1.5953464263088202
2026-09-08,ADITYA BIRLA MONEY LTD        ,BIRLAMONEY,EQ,N,125.96,125.8,125.93,124.25,124.85,124.64,-0.8812321371864079,1.6800000000000068,1.333756748174029,-0.7551669316375221
2026-09-08,BIRLANU LIMITED               ,BIRLANU   ,EQ,N,1448.9,1444.0,1457.3,1425.0,1433.2,1427.2,-1.0835806473876763,32.299999999999955,2.229277382842153,-0.747922437673127
2026-09-08,BIRLA PRECISION TECH L        ,BIRLAPREC ,EQ,N,58.12,58.3,58.39,53.1,54.5,53.9,-6.228492773571916,5.289999999999999,9.101858224363385,-6.518010291595193
2026-09-08,BLACKBUCK LIMITED             ,BLACKBUCK ,EQ,N,583.6,583.6,583.6,572.0,573.4,573.9,-1.7477724468814335,11.600000000000023,1.9876627827278996,-1.7477724468814335
2026-09-08,BEML LAND ASSETS LIMITED      ,BLAL      ,EQ,N,158.98,160.79,163.07,159.49,161.92,162.9,1.8492892187696552,3.579999999999984,2.251855579318143,0.7027800236333077
2026-09-08,BLB LIMITED                   ,BLBLIMITED,EQ,N,16.87,16.9,16.94,16.42,16.88,16.94,0.05927682276228814,0.5199999999999996,3.0823947836395944,-0.11834319526626967
2026-09-08,BEHARI LAL ENGINEERING L      ,BLEL      ,EQ,N,478.3,477.75,485.0,448.0,451.05,451.0,-5.697261133180012,37.0,7.735730712941669,-5.588697017268443
2026-09-08,BALMER LAWRIE INVSTS. L       ,BLIL      ,EQ,N,72.79,73.07,73.17,72.3,72.43,72.3,-0.49457343041626517,0.8700000000000045,1.1952191235059824,-0.8758724510742937
2026-09-08,B.L.KASHYAP & SON LTD         ,BLKASHYAP ,EQ,N,56.85,57.05,57.29,55.92,56.8,56.7,-0.08795074758136194,1.3699999999999974,2.4098504837291075,-0.43821209465381245
2026-09-08,BLS INTL SERVS LTD            ,BLS       ,EQ,N,239.17,238.5,240.13,236.05,237.7,237.8,-0.6146255801312869,4.079999999999984,1.7058995693439747,-0.3354297693920383
2026-09-08,BLS E-SERVICES LIMITED        ,BLSE      ,EQ,N,319.45,321.95,324.7,315.1,322.05,322.0,0.8138988887149861,9.599999999999966,3.005165127562988,0.03106072371486962
2026-09-08,BLUE CLOUD SOFTECH SOLU L     ,BLUECLOUDS,EQ,N,19.69,19.85,20.1,19.56,19.75,19.7,0.3047232097511362,0.5400000000000027,2.742508887760298,-0.5037783375314933
2026-09-08,BLUE COAST HOTELS LIMITED     ,BLUECOAST ,EQ,N,22.44,22.66,22.66,21.5,22.1,22.1,-1.5151515151515145,1.1600000000000001,5.169340463458111,-2.47131509267431
2026-09-08,BLUE DART EXPRESS LTD         ,BLUEDART  ,EQ,N,4988.8,4988.8,4996.0,4921.0,4987.2,4996.0,-0.032071840923676306,75.0,1.5033675432969853,-0.032071840923676306
2026-09-08,BLUE JET HEALTHCARE LTD       ,BLUEJET   ,EQ,N,569.05,570.7,584.8,565.05,581.5,583.0,2.1878569545734203,19.75,3.4706967753273004,1.8924128263535929
2026-09-08,BLUE STAR LIMITED             ,BLUESTARCO,EQ,N,1496.0,1490.0,1492.7,1442.1,1460.9,1460.9,-2.3462566844919723,50.600000000000136,3.3823529411764794,-1.9530201342281819
2026-09-08,BLUESTONE JEWEL LFSTL LTD     ,BLUESTONE ,EQ,N,870.0,872.0,884.8,850.1,868.7,868.0,-0.14942528735631663,34.69999999999993,3.9885057471264287,-0.37844036697247185
2026-09-08,BLUSPRING ENTERPRISES LTD     ,BLUSPRING ,EQ,N,137.19,138.28,138.32,123.48,123.61,123.48,-9.898680661855819,14.83999999999999,10.81711495006924,-10.608909459068558
2026-09-08,BMW VENTURES LIMITED          ,BMWVENTLTD,EQ,N,55.21,55.98,55.98,54.5,54.8,54.86,-0.7426190907444371,1.4799999999999969,2.6806737909798892,-2.1078956770275092
2026-09-08,BN AGROCHEM LTD.              ,BNAGROCHEM,EQ,N,213.46,203.01,215.0,203.01,214.0,214.0,0.2529747962147437,11.990000000000009,5.616977419657083,5.4135264272695975
2026-09-08,AXISAMC-BNKETFAXIS            ,BNKETFAXIS,EQ,N,588.11,588.11,589.35,585.07,585.23,585.07,-0.48970430701739387,4.279999999999973,0.7277550118175125,-0.48970430701739387
2026-09-08,BODAL CHEMICALS LTD           ,BODALCHEM ,EQ,N,171.18,185.0,186.0,174.34,184.05,185.51,7.518401682439539,11.659999999999997,6.811543404603339,-0.5135135135135074
2026-09-08,BOHRA INDUSTRIES LIMITED      ,BOHRAIND  ,EQ,N,12.51,12.76,13.01,12.76,13.0,13.0,3.916866506794566,0.25,1.9984012789768186,1.8808777429467103
2026-09-08,BOMBAY DYEING & MFG. CO L     ,BOMDYEING ,EQ,N,112.21,112.0,116.89,111.05,114.27,114.0,1.8358435077087625,5.840000000000003,5.2045272257374595,2.026785714285711
2026-09-08,BONLON INDUSTRIES LIMITED     ,BONLON    ,EQ,N,40.08,41.5,41.93,40.1,40.88,40.85,1.996007984031947,1.8299999999999983,4.56586826347305,-1.4939759036144518
2026-09-08,BORANA WEAVES LIMITED         ,BORANA    ,EQ,N,325.25,335.0,335.0,315.0,319.95,317.6,-1.629515757109919,20.0,6.149116064565718,-4.492537313432839
2026-09-08,BOROSIL LIMITED               ,BOROLTD   ,EQ,N,254.24,252.17,257.4,252.17,255.54,255.22,0.5113278791692821,5.22999999999999,2.0571113908118273,1.336400047586947
2026-09-08,BOROSIL RENEWABLES LTD        ,BORORENEW ,EQ,N,513.65,510.0,513.9,501.2,503.35,503.6,-2.0052564976150986,12.699999999999989,2.472500730069111,-1.3039215686274466
2026-09-08,BOROSIL SCIENTIFIC LTD        ,BOROSCI   ,EQ,N,130.65,130.65,132.5,127.0,129.63,130.01,-0.7807118254879527,5.5,4.209720627631075,-0.7807118254879527
2026-09-08,BOSCH HOME COMFRT IND LTD     ,BOSCH-HCIL,EQ,N,1849.1,1854.0,1854.0,1786.5,1794.0,1790.0,-2.9798280244443194,67.5,3.650424530852848,-3.2362459546925564
2026-09-08,BOSCH LIMITED                 ,BOSCHLTD  ,EQ,N,48025.0,48200.0,48955.0,48100.0,48785.0,48785.0,1.5825091098386257,855.0,1.7803227485684539,1.2136929460580914
2026-09-08,BHARAT PETROLEUM CORP  LT     ,BPCL      ,EQ,N,312.9,311.1,314.25,301.4,303.85,303.85,-2.8922978587407977,12.850000000000023,4.106743368488343,-2.3304403728704592
2026-09-08,BPL LTD                       ,BPL       ,EQ,N,48.77,49.6,50.0,48.62,48.65,48.62,-0.24605290137380467,1.3800000000000026,2.8296083657986517,-1.9153225806451668
2026-09-08,BHARAT PARENTERALS LTD.       ,BPLPHARMA ,EQ,N,1548.7,1575.0,1575.0,1548.0,1568.8,1572.0,1.297862723574605,27.0,1.7433976883838058,-0.3936507936507965
2026-09-08,BRAHMAPUTRA INFRA L           ,BRAHMINFRA,EQ,N,158.66,162.99,162.99,156.75,159.13,158.8,0.2962309340728595,6.240000000000009,3.932938358754575,-2.368243450518445
2026-09-08,BRIGADE ENTER. LTD            ,BRIGADE   ,EQ,N,679.05,675.8,689.95,669.0,687.0,687.0,1.1707532582284141,20.950000000000045,3.0851925484132314,1.6572950577093883
2026-09-08,BRIGADE HOTEL VENTURE LTD     ,BRIGHOTEL ,EQ,N,57.34,57.79,57.99,57.0,57.14,57.06,-0.34879665155215006,0.990000000000002,1.7265434251831215,-1.1247620695622056
2026-09-08,BRIGHT BROTHERS LTD.          ,BRIGHTBR  ,EQ,N,259.1,255.9,265.0,250.05,259.25,250.05,0.05789270551909582,14.949999999999989,5.769972983404086,1.3091051191871803
2026-09-08,BRITANNIA INDUSTRIES LTD      ,BRITANNIA ,EQ,N,5042.5,5036.0,5091.5,5012.0,5064.0,5064.0,0.4263758056519584,79.5,1.5765989092711947,0.5559968228752978
2026-09-08,BHARAT ROAD NETWORK LTD       ,BRNL      ,EQ,N,17.09,17.38,17.38,17.0,17.12,17.05,0.1755412521942723,0.379999999999999,2.223522527794026,-1.49597238204832
2026-09-08,BROOKS LAB LIMITED            ,BROOKS    ,EQ,N,67.7,69.7,69.75,61.52,63.3,64.24,-6.499261447562785,8.229999999999997,12.15657311669128,-9.182209469153522
2026-09-08,BSE LIMITED                   ,BSE       ,EQ,N,3446.2,3440.0,3442.2,3362.0,3394.0,3394.0,-1.5147118565376305,80.19999999999982,2.327200974986937,-1.3372093023255813
2026-09-08,ICICIPRAMC - ICICI500         ,BSE500IETF,EQ,N,39.26,40.05,40.25,39.05,39.19,39.2,-0.17829852266938434,1.2000000000000028,3.056546102903726,-2.1473158551810223
2026-09-08,BOMBAY SUPER HYBRID SEEDS     ,BSHSL     ,EQ,N,92.51,93.0,93.0,89.0,91.17,90.7,-1.448492054912986,4.0,4.32385688033726,-1.9677419354838692
2026-09-08,BSL LTD                       ,BSL       ,EQ,N,122.63,122.02,124.99,120.3,123.33,124.99,0.5708228002935684,4.689999999999998,3.8245127619668904,1.0735944927061156
2026-09-08,ADITYBIRLA SL GOLD ETF-GR     ,BSLGOLDETF,EQ,N,133.82,134.02,135.24,133.34,133.97,133.37,0.11209086833059759,1.9000000000000057,1.4198176655208532,-0.03730786449784462
2026-09-08,ADITYBIRLA SL NIF ETF-GR      ,BSLNIFTY  ,EQ,N,27.93,28.62,28.62,27.76,27.88,28.2,-0.17901897601145975,0.8599999999999994,3.079126387397062,-2.585604472396932
2026-09-08,BIRLASLAMC - BSLSENETFG       ,BSLSENETFG,EQ,N,78.72,77.92,78.5,76.13,76.54,77.45,-2.7693089430894218,2.3700000000000045,3.010670731707323,-1.771047227926072
2026-09-08,BIRLASOFT LIMITED             ,BSOFT     ,EQ,N,282.45,282.8,283.7,280.3,281.65,282.0,-0.28323597096831704,3.3999999999999773,1.203752876615322,-0.4066478076379187
2026-09-08,BODHI TREE MULTIMEDIA LTD     ,BTML      ,EQ,N,8.49,8.37,8.49,7.48,8.02,8.02,-5.535924617196709,1.0099999999999998,11.89634864546525,-4.1816009557945
2026-09-08,SHANKARA BUILDPRO LIMITED     ,BUILDPRO  ,EQ,N,1271.4,1281.6,1320.0,1221.7,1301.1,1304.0,2.3360075507314626,98.29999999999995,7.731634418750979,1.5215355805243447
2026-09-08,BURNPUR CEMENT LIMITED        ,BURNPUR   ,EQ,N,20.49,19.47,19.47,19.47,19.47,19.47,-4.9780380673499245,0.0,0.0,0.0
2026-09-08,BTRFLY GANDHI APPL LTD        ,BUTTERFLY ,EQ,N,614.9,614.9,630.0,609.7,614.55,614.15,-0.05691982436168853,20.299999999999955,3.301349812977713,-0.05691982436168853
2026-09-08,BARAK VALLEY CEM. LTD.        ,BVCL      ,EQ,N,42.3,42.2,43.79,41.9,42.68,42.41,0.8983451536643088,1.8900000000000006,4.46808510638298,1.1374407582938313
2026-09-08,CAMLIN FINE SCIENCES LTD      ,CAMLINFINE,EQ,N,101.68,102.7,106.62,101.62,104.15,104.2,2.4291896144767886,5.0,4.917387883556255,1.4118792599805285
2026-09-08,CAMPUS ACTIVEWEAR LIMITED     ,CAMPUS    ,EQ,N,218.77,217.5,219.02,216.2,216.81,217.0,-0.8959180874891474,2.8200000000000216,1.2890250034282678,-0.3172413793103438
2026-09-08,COMPUTER AGE MNGT SER LTD     ,CAMS      ,EQ,N,736.5,737.2,739.0,728.7,729.5,729.5,-0.9504412763068567,10.299999999999955,1.3985064494229402,-1.0444926749864412
2026-09-08,CANARA BANK                   ,CANBK     ,EQ,N,124.0,124.02,124.84,123.85,124.68,124.68,0.5483870967741991,0.9900000000000091,0.7983870967742008,0.5321722302854466
2026-09-08,CAN FIN HOMES LTD             ,CANFINHOME,EQ,N,805.45,805.45,811.85,795.0,797.6,801.2,-0.974610466199022,16.850000000000023,2.0919982618412094,-0.974610466199022
2026-09-08,CANARA HSBC LIFE INS CO L     ,CANHLIFE  ,EQ,N,153.97,152.0,154.71,148.61,154.16,154.12,0.1234006624667128,6.099999999999994,3.961810742352403,1.4210526315789451
2026-09-08,CANTABIL RETAIL LTD           ,CANTABIL  ,EQ,N,238.83,238.6,239.28,235.35,236.87,236.0,-0.8206674203408315,3.930000000000007,1.6455219193568675,-0.7250628667225439
2026-09-08,CAPACITE INFRAPROJECT LTD     ,CAPACITE  ,EQ,N,205.8,205.05,206.82,198.65,199.72,199.8,-2.954324586977654,8.169999999999987,3.9698736637512084,-2.599366008290667
2026-09-08,CAPILLARY TECHNO INDIA L      ,CAPILLARY ,EQ,N,473.8,475.7,485.1,457.1,460.55,460.2,-2.7965386238919376,28.0,5.90966652596032,-3.184780323733441
2026-09-08,CAPITAL SMALL FIN BANK L      ,CAPITALSFB,EQ,N,277.9,281.95,281.95,275.0,277.0,279.0,-0.32385750269880437,6.949999999999989,2.5008996041741596,-1.7556304309274653
2026-09-08,CAPLIN POINT LAB LTD.         ,CAPLIPOINT,EQ,N,2814.0,2830.0,2850.4,2747.1,2770.1,2775.0,-1.5600568585643244,103.30000000000018,3.6709310589907664,-2.1166077738515936
2026-09-08,CARBORUNDUM UNIVERSAL LTD     ,CARBORUNIV,EQ,N,1104.0,1095.1,1126.8,1087.4,1095.9,1100.0,-0.7336956521739049,39.399999999999864,3.568840579710133,0.0730526892521397
2026-09-08,CARE RATINGS LIMITED          ,CARERATING,EQ,N,1729.3,1740.0,1742.8,1705.0,1721.1,1725.0,-0.47418030416931967,37.799999999999955,2.185855548487825,-1.0862068965517293
2026-09-08,CARRARO INDIA LIMITED         ,CARRARO   ,EQ,N,540.45,540.4,548.0,535.55,538.85,542.75,-0.29604958830604544,12.450000000000045,2.3036358590063917,-0.28682457438933284
2026-09-08,CARTRADE TECH LIMITED         ,CARTRADE  ,EQ,N,3179.9,3186.0,3225.7,3110.0,3176.7,3183.0,-0.10063209534891893,115.69999999999982,3.638479197459034,-0.2919020715630942
2026-09-08,CARYSIL LIMITED               ,CARYSIL   ,EQ,N,1152.6,1151.0,1194.0,1140.0,1155.0,1159.0,0.20822488287351126,54.0,4.685059864653827,0.3475238922675934
2026-09-08,ICICIPRAMC - CASHIETF         ,CASHIETF  ,EQ,N,1078.48,1078.61,1078.63,1078.61,1078.61,1078.61,0.012054001928629345,0.020000000000209184,0.0018544618351948282,0.0
2026-09-08,CASTROL INDIA LIMITED         ,CASTROLIND,EQ,N,189.01,189.01,190.45,188.3,189.46,189.49,0.23808264113010796,2.1499999999999773,1.1375059520660162,0.23808264113010796
2026-09-08,AVENUESAI LIMITED             ,CCAVENUE  ,EQ,N,15.94,16.0,16.1,15.29,15.36,15.41,-3.6386449184441663,0.8100000000000023,5.0815558343789355,-4.0000000000000036
2026-09-08,CONS. CONST. CONSORT LTD      ,CCCL      ,EQ,N,14.14,14.37,14.4,14.0,14.09,14.25,-0.3536067892503586,0.40000000000000036,2.828854314002831,-1.948503827418228
2026-09-08,COUNTRY CLUB HOSP HOL LTD     ,CCHHL     ,EQ,N,12.65,12.65,12.99,12.42,12.69,12.73,0.3162055335968312,0.5700000000000003,4.505928853754943,0.3162055335968312
2026-09-08,CCL PRODUCTS (I) LTD          ,CCL       ,EQ,N,1097.4,1097.0,1137.0,1086.5,1130.6,1125.6,3.025332604337508,50.5,4.601786039730271,3.062898814949855
2026-09-08,CENTRAL DEPO SER (I) LTD      ,CDSL      ,EQ,N,1414.9,1415.0,1417.0,1395.0,1400.0,1400.0,-1.0530779560393024,22.0,1.5548802035479539,-1.0600706713780919
2026-09-08,CEAT LIMITED                  ,CEATLTD   ,EQ,N,3336.1,3321.0,3346.3,3304.0,3313.2,3311.0,-0.6864302628818109,42.30000000000018,1.2679476034891095,-0.23486901535682572
2026-09-08,CEIGALL INDIA LIMITED         ,CEIGALL   ,EQ,N,370.3,371.35,381.7,371.35,374.85,374.0,1.228733459357281,10.349999999999966,2.795031055900612,0.9425070688030159
2026-09-08,CEINSYS TECH LIMITED          ,CEINSYS   ,EQ,N,708.75,710.0,716.45,696.1,702.2,705.0,-0.9241622574955844,20.350000000000023,2.871252204585541,-1.0985915492957683
2026-09-08,CELEBRITY FASHIONS LTD        ,CELEBRITY ,EQ,N,6.72,6.6,6.84,6.6,6.74,6.72,0.2976190476190545,0.2400000000000002,3.5714285714285747,2.12121212121213
2026-09-08,CELLO WORLD LIMITED           ,CELLO     ,EQ,N,338.95,340.25,348.95,336.0,343.95,345.95,1.475143826523086,12.949999999999989,3.8206225106947898,1.0874357090374691
2026-09-08,GROWWAMC - CEMNTGROWW         ,CEMNTGROWW,EQ,N,14.54,14.61,14.78,14.33,14.38,14.42,-1.1004126547455184,0.4499999999999993,3.0949105914717974,-1.574264202600949
2026-09-08,CEMINDIA PROJECTS LIMITED     ,CEMPRO    ,EQ,N,1316.9,1319.0,1323.8,1265.5,1285.1,1285.0,-2.4147619409218755,58.299999999999955,4.4270635583567435,-2.5701288855193396
2026-09-08,CENTURY ENKA LTD              ,CENTENKA  ,EQ,N,607.05,609.95,611.65,586.55,589.2,591.95,-2.9404497158388785,25.100000000000023,4.1347500205913885,-3.401918190015575
2026-09-08,CENTURY EXTRUSIONS LTD        ,CENTEXT   ,EQ,N,20.92,20.94,21.56,20.6,21.39,21.32,2.246653919694067,0.9599999999999973,4.588910133843199,2.1489971346704837
2026-09-08,CENTRAL BANK OF INDIA         ,CENTRALBK ,EQ,N,30.96,30.96,31.04,30.78,30.96,30.91,0.0,0.259999999999998,0.8397932816537403,0.0
2026-09-08,CENTRUM CAPITAL LIMITED       ,CENTRUM   ,EQ,N,22.47,22.47,22.85,22.25,22.57,22.63,0.4450378282154046,0.6000000000000014,2.670226969292396,0.4450378282154046
2026-09-08,CENTUM ELECTRONICS LTD        ,CENTUM    ,EQ,N,4376.9,4375.0,4400.0,4250.0,4287.4,4301.7,-2.0448262468870664,150.0,3.427083095341452,-2.0022857142857227
2026-09-08,CENTURY PLYBOARDS (I) LTD     ,CENTURYPLY,EQ,N,739.3,745.0,749.5,738.0,744.1,740.0,0.6492628161774744,11.5,1.5555254970918437,-0.12080536912751373
2026-09-08,CERA SANITARYWARE LTD         ,CERA      ,EQ,N,5743.5,5744.0,5788.0,5710.0,5761.5,5750.0,0.31339775398276315,78.0,1.3580569339253068,0.3046657381615599
2026-09-08,CESC LTD                      ,CESC      ,EQ,N,145.44,145.47,146.66,143.9,146.05,145.9,0.41941694169417876,2.759999999999991,1.8976897689768915,0.398707637313544
2026-09-08,CONCORD ENVIRO SYSTEMS L      ,CEWATER   ,EQ,N,265.25,267.5,269.9,262.15,267.0,268.0,0.6597549481621112,7.75,2.9217719132893496,-0.1869158878504673
2026-09-08,CONFIDENCE FUTURIST ENE L     ,CFEL      ,EQ,N,32.48,31.56,32.75,31.5,32.21,32.75,-0.8312807881773278,1.25,3.848522167487685,2.0595690747782074
2026-09-08,CAPRI GLOBAL CAPITAL LTD      ,CGCL      ,EQ,N,275.7,276.8,278.8,268.15,270.75,271.5,-1.7954298150163182,10.650000000000034,3.8628944504896756,-2.185693641618501
2026-09-08,CG POWER AND IND SOL LTD      ,CGPOWER   ,EQ,N,895.0,894.9,915.0,892.0,910.7,910.7,1.7541899441340831,23.0,2.569832402234637,1.7655603978098189
2026-09-08,C G V A K SOFTWARE & EX L     ,CGVAK     ,EQ,N,147.27,147.27,152.99,144.0,146.54,147.0,-0.4956881917566498,8.990000000000009,6.1044340327290065,-0.4956881917566498
2026-09-08,CHALET HOTELS LIMITED         ,CHALET    ,EQ,N,908.75,907.35,907.35,885.65,897.75,888.5,-1.2104539202200826,21.700000000000045,2.3878954607978042,-1.0580261200198404
2026-09-08,CHAMBAL FERTILIZERS LTD       ,CHAMBLFERT,EQ,N,418.05,416.85,420.3,415.0,418.65,416.4,0.14352350197344,5.300000000000011,1.2677909340987947,0.43181000359840577
2026-09-08,CHEMBOND MATERIALTECH LTD     ,CHEMBOND  ,EQ,N,184.4,190.0,199.0,187.2,197.72,198.9,7.223427331887197,11.800000000000011,6.39913232104122,4.063157894736841
2026-09-08,CHEMCRUX ENTERPRISES LTD.     ,CHEMCRUX  ,EQ,N,82.25,81.35,85.2,81.35,83.52,84.78,1.5440729483282627,3.8500000000000085,4.680851063829797,2.6674861708666278
2026-09-08,CHEMFAB ALKALIS LIMITED       ,CHEMFAB   ,EQ,N,356.05,364.45,364.45,350.15,354.9,355.55,-0.3229883443336706,14.300000000000011,4.016289846931613,-2.6203868843462783
2026-09-08,KOTAKMAMC - CHEMICAL          ,CHEMICAL  ,EQ,N,30.05,30.15,30.21,30.05,30.13,30.18,0.2662229617304436,0.16000000000000014,0.5324459234608989,-0.06633499170812462
2026-09-08,CHEMPLAST SANMAR LIMITED      ,CHEMPLASTS,EQ,N,185.53,184.0,187.32,178.25,180.76,180.0,-2.5710127742144184,9.069999999999993,4.88869724572845,-1.760869565217396
2026-09-08,CHENNAI PETROLEUM CORP LT     ,CHENNPETRO,EQ,N,1430.2,1429.2,1475.0,1415.1,1457.8,1461.0,1.92980002796811,59.90000000000009,4.188225423017766,2.0011195074167305
2026-09-08,CHEVIOT COMPANY LIMITED       ,CHEVIOT   ,EQ,N,1217.1,1225.0,1234.9,1208.0,1214.6,1210.5,-0.2054062936488374,26.90000000000009,2.2101717196614983,-0.8489795918367422
2026-09-08,CHOICEAMC - CHOICEGOLD        ,CHOICEGOLD,EQ,N,150.14,153.32,153.32,150.0,151.01,150.79,0.5794591714399925,3.319999999999993,2.2112694818169665,-1.506652752413255
2026-09-08,CHOICE INTERNATIONAL LTD      ,CHOICEIN  ,EQ,N,755.65,755.9,757.95,750.1,753.45,752.0,-0.2911400780784665,7.850000000000023,1.0388407331436542,-0.32411694668606056
2026-09-08,CHOLAMANDALAM IN & FIN CO     ,CHOLAFIN  ,EQ,N,1848.2,1834.0,1834.0,1810.0,1823.4,1823.4,-1.3418461205497216,24.0,1.2985607618223136,-0.5779716466739317
2026-09-08,CHOLAMANDALAM FIN HOL LTD     ,CHOLAHLDNG,EQ,N,1520.7,1510.8,1533.3,1500.0,1526.2,1522.1,0.36167554415729597,33.299999999999955,2.189781021897807,1.0193275086047189
2026-09-08,CIE AUTOMOTIVE INDIA LTD      ,CIEINDIA  ,EQ,N,383.55,386.0,386.35,382.5,383.4,384.35,-0.03910833007431472,3.8500000000000227,1.0037804719071888,-0.6735751295336847
2026-09-08,CAPITAL INDIA FINANCE LTD     ,CIFL      ,EQ,N,19.89,20.4,20.69,19.86,20.16,20.17,1.3574660633484141,0.8300000000000018,4.17295123177477,-1.1764705882352864
2026-09-08,CINELINE INDIA LIMITED        ,CINELINE  ,EQ,N,98.71,99.4,99.4,94.04,95.39,95.53,-3.3633877013473743,5.359999999999999,5.430047614223483,-4.034205231388334
2026-09-08,CINEVISTA LIMITED             ,CINEVISTA ,EQ,N,14.25,14.35,14.82,14.1,14.21,14.29,-0.28070175438595896,0.7200000000000006,5.0526315789473735,-0.9756097560975526
2026-09-08,CIPLA LTD                     ,CIPLA     ,EQ,N,1395.0,1393.4,1398.4,1377.2,1384.0,1384.0,-0.7885304659498209,21.200000000000045,1.5197132616487488,-0.6746088703889831
2026-09-08,CLEAN SCIENCE & TECH LTD      ,CLEAN     ,EQ,N,844.4,846.0,849.7,827.9,830.25,838.7,-1.675746091899571,21.800000000000068,2.581714827096171,-1.8617021276595744
2026-09-08,CLEAN MAX ENVIRO EN SOL L     ,CLEANMAX  ,EQ,N,1380.4,1390.0,1403.7,1352.2,1399.2,1398.1,1.3619240799768149,51.5,3.7308026658939437,0.6618705035971255
2026-09-08,CL EDUCATE LIMITED            ,CLEDUCATE ,EQ,N,60.97,62.47,62.47,58.1,59.11,58.5,-3.05068066262096,4.369999999999997,7.1674594062653725,-5.378581719225227
2026-09-08,CHAMAN LAL SETIA EXP LTD      ,CLSEL     ,EQ,N,299.65,299.05,308.0,296.0,305.65,306.3,2.002336058735191,12.0,4.004672117470382,2.206988797859878
2026-09-08,CALIBER MINING AND LOG L      ,CMLL      ,EQ,N,490.25,490.25,496.0,481.0,484.35,483.8,-1.2034676185619535,15.0,3.0596634370219276,-1.2034676185619535
2026-09-08,CENTRAL MINE P N D INST L     ,CMPDI     ,EQ,N,240.12,239.5,243.99,236.12,236.85,237.0,-1.361819090454777,7.8700000000000045,3.277527902715311,-1.1064718162839273
2026-09-08,CMR GREEN TECHNOLOGIES L      ,CMRGREEN  ,EQ,N,221.03,224.4,226.5,221.0,222.16,223.0,0.5112428177170499,5.5,2.488349997737864,-0.9982174688057082
2026-09-08,CMS INFO SYSTEMS LIMITED      ,CMSINFO   ,EQ,N,239.02,239.9,241.0,236.0,236.58,236.5,-1.0208350765626297,5.0,2.0918751568906364,-1.3839099624843656
2026-09-08,CREATIVE NEWTECH LIMITED      ,CNL       ,EQ,N,1209.5,1209.5,1215.0,1131.0,1149.2,1145.0,-4.985531211244313,84.0,6.945018602728401,-4.985531211244313
2026-09-08,COAL INDIA LTD                ,COALINDIA ,EQ,N,418.85,418.1,423.6,416.05,420.25,420.25,0.3342485376626423,7.550000000000011,1.8025546138235673,0.514231045204491
2026-09-08,COASTAL CORPORATION LTD       ,COASTCORP ,EQ,N,40.44,40.99,41.37,40.0,40.69,40.56,0.6181998021760633,1.3699999999999974,3.3877349159248205,-0.7318858258111839
2026-09-08,COCHIN SHIPYARD LIMITED       ,COCHINSHIP,EQ,N,1506.4,1506.0,1531.5,1505.0,1528.2,1528.2,1.447158789166221,26.5,1.7591609134360062,1.4741035856573734
2026-09-08,JOHN COCKERILL INDIA LTD.     ,COCKERILL ,EQ,N,8065.5,8029.0,8409.0,8006.0,8325.5,8360.0,3.223606719980163,403.0,4.996590415969251,3.692863370282725
2026-09-08,COFFEE DAY ENTERPRISE LTD     ,COFFEEDAY ,EQ,N,31.13,31.0,34.24,30.7,34.24,34.24,9.990362993896573,3.5400000000000027,11.371667202055903,10.451612903225813
2026-09-08,COFORGE LIMITED               ,COFORGE   ,EQ,N,1935.0,1935.0,1954.4,1914.1,1950.0,1950.0,0.7751937984496124,40.30000000000018,2.082687338501301,0.7751937984496124
2026-09-08,COHANCE LIFESCIENCES LTD      ,COHANCE   ,EQ,N,449.55,451.8,460.5,448.1,451.6,454.25,0.45601156712268076,12.399999999999977,2.7583138694249754,-0.04426737494466327
2026-09-08,COLGATE PALMOLIVE LTD.        ,COLPAL    ,EQ,N,1813.5,1814.0,1841.3,1799.1,1819.9,1819.9,0.35290874000551925,42.200000000000045,2.3269920044113617,0.3252480705622983
2026-09-08,COMFORT INTECH LTD.           ,COMFINTE  ,EQ,N,6.11,6.13,6.28,6.01,6.11,6.15,0.0,0.27000000000000046,4.418985270049107,-0.3262642740619832
2026-09-08,ICICIPRAMC - ICICICOMMO       ,COMMOIETF ,EQ,N,99.07,98.77,101.4,98.0,98.68,99.21,-0.3936610477440056,3.4000000000000057,3.431916826486329,-0.09112078566365213
2026-09-08,COMPETENT AUTOMOB CO. L       ,COMPEAU   ,EQ,N,353.0,353.0,370.0,345.0,369.0,369.3,4.53257790368272,25.0,7.0821529745042495,4.53257790368272
2026-09-08,COMPUCOM SOFTWARE LTD         ,COMPUSOFT ,EQ,N,13.16,13.14,13.28,13.0,13.15,13.1,-0.07598784194528714,0.27999999999999936,2.12765957446808,0.07610350076103338
2026-09-08,COMMERCIAL SYN BAGS LTD       ,COMSYN    ,EQ,N,294.2,295.5,307.2,286.1,301.85,302.0,2.6002719238613308,21.099999999999966,7.171991842284149,2.1489001692047456
2026-09-08,CONTAINER CORP OF IND LTD     ,CONCOR    ,EQ,N,503.9,503.0,512.8,499.05,502.0,502.0,-0.3770589402659213,13.749999999999943,2.7287160150823464,-0.19880715705765406
2026-09-08,CONCORD BIOTECH LIMITED       ,CONCORDBIO,EQ,N,1443.2,1443.2,1492.0,1437.8,1470.5,1475.0,1.8916297117516598,54.200000000000045,3.7555432372505573,1.8916297117516598
2026-09-08,CONFIDENCE PETRO IND LTD.     ,CONFIPET  ,EQ,N,82.18,82.88,85.0,82.0,82.49,82.45,0.3772207349719981,3.0,3.6505232416646383,-0.47055984555984626
2026-09-08,KOTAKMAMC - KOTAKCONS         ,CONS      ,EQ,N,11.93,11.9,11.98,11.81,11.88,11.98,-0.41911148365464324,0.16999999999999993,1.4249790444258166,-0.1680672268907527
2026-09-08,AXISAMC-CONSUMAXIS            ,CONSUMAXIS,EQ,N,119.07,119.07,119.67,116.0,119.07,119.07,0.0,3.6700000000000017,3.0822205425380047,0.0
2026-09-08,NIP IND ETF CONSUMPTION       ,CONSUMBEES,EQ,N,129.07,128.42,129.68,127.83,129.15,129.5,0.061981870302946086,1.8500000000000085,1.4333307507554107,0.5684472823547876
2026-09-08,MIRAEAMC - CONSUMER           ,CONSUMER  ,EQ,N,11.95,11.97,11.99,11.89,11.98,11.95,0.25104602510461205,0.09999999999999964,0.8368200836820056,0.08354218880534492
2026-09-08,ICICIPRAMC - ICICICONSU       ,CONSUMIETF,EQ,N,120.02,119.99,120.24,119.35,119.96,119.85,-0.04999166805532601,0.8900000000000006,0.7415430761539749,-0.025002083506959864
2026-09-08,CONTROL PRINT LIMITED         ,CONTROLPR ,EQ,N,600.2,600.95,602.0,592.5,593.3,595.0,-1.1496167944018811,9.5,1.582805731422859,-1.272984441301288
2026-09-08,CORAL INDIA FIN & HOUS LT     ,CORALFINAC,EQ,N,32.68,32.84,33.87,32.0,32.58,32.25,-0.30599755201958817,1.8699999999999974,5.72215422276621,-0.7917174177832067
2026-09-08,WATERWAYS LEISURE TOUR L      ,CORDELIA  ,EQ,N,109.08,110.0,110.49,104.25,106.72,106.49,-2.1635496883021634,6.239999999999995,5.720572057205716,-2.981818181818183
2026-09-08,CORDS CABLE INDUS LTD.        ,CORDSCABLE,EQ,N,313.35,314.85,376.0,303.0,372.75,376.0,18.956438487314493,73.0,23.296633157810753,18.38970938542162
2026-09-08,COROMANDEL INTERNTL. LTD      ,COROMANDEL,EQ,N,1974.6,1979.0,1979.1,1940.5,1951.1,1950.9,-1.1901144535602148,38.59999999999991,1.9548262939329442,-1.4098029307731224
2026-09-08,CORONA REMEDIES LIMITED       ,CORONA    ,EQ,N,2071.4,2093.4,2107.5,2054.8,2093.2,2100.0,1.0524283093559779,52.69999999999982,2.5441730230761714,-0.009553835865112872
2026-09-08,COSMO FIRST LIMITED           ,COSMOFIRST,EQ,N,926.3,935.4,935.4,905.0,909.15,911.95,-1.8514520133865893,30.399999999999977,3.2818741228543646,-2.8062860808210393
2026-09-08,CP CAPITAL LIMITED            ,CPCAP     ,EQ,N,135.89,140.0,142.0,136.1,137.36,136.95,1.0817573037015435,5.900000000000006,4.341747001251017,-1.885714285714276
2026-09-08,CAREER POINT EDUTECH LTD      ,CPEDU     ,EQ,N,195.31,198.5,198.5,189.2,191.35,191.8,-2.027545952588197,9.300000000000011,4.761660949260156,-3.6020151133501286
2026-09-08,CAPTAIN POLYPLAST LIMITED     ,CPL       ,EQ,N,62.28,62.35,67.8,62.35,66.78,67.0,7.225433526011561,5.449999999999996,8.750802825947329,7.10505212510024
2026-09-08,ADITYA INFOTECH LIMITED       ,CPPLUS    ,EQ,N,3752.9,3762.5,3850.0,3690.0,3828.8,3832.0,2.0224359828399394,160.0,4.263369660795651,1.7621262458471807
2026-09-08,CPSE ETF                      ,CPSEETF   ,EQ,N,93.47,94.24,94.4,93.34,94.23,94.3,0.8130951107307213,1.0600000000000023,1.1340537070717902,-0.010611205432927531
2026-09-08,CRAFTSMAN AUTOMATION LTD      ,CRAFTSMAN ,EQ,N,11297.0,11343.0,11542.0,11297.0,11406.0,11390.0,0.9648579268832433,245.0,2.168717358590776,0.5554086220576567
2026-09-08,CANARA ROBECO AMC LIMITED     ,CRAMC     ,EQ,N,249.25,246.85,247.2,238.0,242.25,242.1,-2.8084252758274824,9.199999999999989,3.6910732196589726,-1.8634798460603583
2026-09-08,CRAVATEX LTD.                 ,CRAVATEX  ,EQ,N,322.05,337.95,339.9,315.0,317.35,316.0,-1.459400714174814,24.899999999999977,7.731718677224027,-6.095576268678789
2026-09-08,CREATIVE EYE LIMITED          ,CREATIVEYE,EQ,N,6.18,6.01,6.23,5.95,6.09,6.19,-1.4563106796116483,0.28000000000000025,4.530744336569584,1.3311148086522475
2026-09-08,CREDITACCESS GRAMEEN LTD      ,CREDITACC ,EQ,N,1427.2,1425.0,1429.9,1392.5,1417.1,1416.9,-0.7076793721973189,37.40000000000009,2.6205156950672706,-0.5543859649122871
2026-09-08,CREST VENTURES LIMITED        ,CREST     ,EQ,N,370.65,366.0,368.0,356.5,362.35,366.75,-2.239309321462284,11.5,3.102657493592338,-0.9972677595628353
2026-09-08,CRISIL LTD                    ,CRISIL    ,EQ,N,4786.6,4786.6,4819.9,4603.1,4754.5,4786.0,-0.6706221535118949,216.79999999999927,4.529310993189305,-0.6706221535118949
2026-09-08,CRIZAC LIMITED                ,CRIZAC    ,EQ,N,162.15,173.8,178.36,170.97,171.94,171.5,6.037619488128271,7.390000000000015,4.55750847980266,-1.0701956271576603
2026-09-08,CROMPT GREA CON ELEC LTD      ,CROMPTON  ,EQ,N,231.02,230.8,234.4,227.56,231.9,231.9,0.38091940091766746,6.840000000000003,2.960782616223705,0.476603119584053
2026-09-08,CROWN LIFTERS LIMITED         ,CROWN     ,EQ,N,115.39,117.35,117.35,114.01,115.58,115.8,0.16465898258081094,3.339999999999989,2.8945315885258593,-1.5083084789092425
2026-09-08,CSB BANK LIMITED              ,CSBBANK   ,EQ,N,321.15,323.0,323.0,311.15,312.85,313.0,-2.5844620893663257,11.850000000000023,3.6898645492760465,-3.1424148606811073
2026-09-08,CSL FINANCE LIMITED           ,CSLFINANCE,EQ,N,243.61,245.64,248.46,240.5,241.85,241.5,-0.7224662370181928,7.960000000000008,3.2675177537867937,-1.5429083211203354
2026-09-08,CSM TECHNOLOGIES LIMITED      ,CSM       ,EQ,N,93.57,95.0,95.24,93.0,94.13,94.47,0.5984824195789273,2.239999999999995,2.3939296783156943,-0.9157894736842153
2026-09-08,CITY UNION BANK LTD           ,CUB       ,EQ,N,238.48,238.6,239.17,232.16,232.97,234.18,-2.310466286481043,7.009999999999991,2.939449849043941,-2.3595976529756895
2026-09-08,CUBEX TUBINGS LTD             ,CUBEXTUB  ,EQ,N,76.25,76.82,80.0,76.82,78.88,79.0,3.4491803278688464,3.180000000000007,4.170491803278697,2.6815933350689956
2026-09-08,CUMMINS INDIA LTD             ,CUMMINSIND,EQ,N,5030.0,5007.0,5040.0,4965.0,5040.0,5040.0,0.19880715705765406,75.0,1.4910536779324055,0.659077291791492
2026-09-08,CUPID LIMITED                 ,CUPID     ,EQ,N,280.95,281.0,282.35,272.2,274.8,275.7,-2.189001601708481,10.150000000000034,3.6127424808684943,-2.206405693950174
2026-09-08,CURA TECHNOLOGIES LIMITED     ,CURAA     ,EQ,N,77.96,84.0,84.0,76.0,78.0,78.0,0.05130836326321992,8.0,10.261672652642382,-7.142857142857142
2026-09-08,CYBER MEDIA (INDIA) LTD.      ,CYBERMEDIA,EQ,N,26.57,26.41,26.82,23.92,23.92,23.92,-9.973654497553627,2.8999999999999986,10.91456529920963,-9.428246876183257
2026-09-08,CYIENT LIMITED                ,CYIENT    ,EQ,N,1105.4,1100.0,1100.0,1078.0,1086.3,1086.9,-1.7278813099330679,22.0,1.990229781074724,-1.2454545454545496
2026-09-08,CYIENT DLM LIMITED            ,CYIENTDLM ,EQ,N,865.35,867.3,1009.0,867.3,976.25,1009.0,12.81562373606055,141.70000000000005,16.37487721731092,12.561973942119225
2026-09-08,DABUR INDIA LTD               ,DABUR     ,EQ,N,375.5,375.25,377.95,373.75,375.0,375.0,-0.13315579227696406,4.199999999999989,1.1185086551264949,-0.06662225183211193
2026-09-08,DALMIA BHARAT LIMITED         ,DALBHARAT ,EQ,N,1713.9,1713.9,1739.2,1671.8,1700.5,1711.2,-0.7818425812474525,67.40000000000009,3.932551490752091,-0.7818425812474525
2026-09-08,DALMIA BHARAT SUG IN LTD      ,DALMIASUG ,EQ,N,447.8,448.05,457.2,439.0,450.35,450.45,0.569450647610543,18.19999999999999,4.064314426083071,0.5133355652270977
2026-09-08,DAM CAPITAL ADVISORS LTD      ,DAMCAPITAL,EQ,N,143.38,142.67,147.2,142.67,145.29,146.0,1.33212442460594,4.530000000000001,3.1594364625470788,1.8364056914558102
2026-09-08,DANGEE DUMS LIMITED           ,DANGEE    ,EQ,N,2.89,2.9,2.96,2.77,2.88,2.92,-0.3460207612456827,0.18999999999999995,6.574394463667818,-0.6896551724137937
2026-09-08,DATAMATICS GLOBAL SER LTD     ,DATAMATICS,EQ,N,756.3,752.0,760.85,733.85,739.0,735.0,-2.2874520692846696,27.0,3.5700119000396673,-1.7287234042553192
2026-09-08,DATA PATTERNS INDIA LTD       ,DATAPATTNS,EQ,N,4590.8,4617.1,4950.0,4617.1,4932.3,4940.0,7.438790624727716,332.89999999999964,7.251459440620363,6.82679604080483
2026-09-08,DAVANGERE SUGAR COMPANY L     ,DAVANGERE ,EQ,N,1.96,2.03,2.03,1.92,1.93,1.92,-1.5306122448979604,0.10999999999999988,5.612244897959178,-4.92610837438423
2026-09-08,D.B.CORP LTD                  ,DBCORP    ,EQ,N,195.24,194.65,195.51,193.4,195.3,194.67,0.03073140749846459,2.109999999999985,1.0807211636959564,0.3339326997174445
2026-09-08,DEEPAK BUILDERS & ENG I L     ,DBEIL     ,EQ,N,7.5,7.56,7.69,6.77,7.26,7.3,-3.200000000000003,0.9200000000000008,12.266666666666676,-3.968253968253966
2026-09-08,DILIP BUILDCON LIMITED        ,DBL       ,EQ,N,391.85,392.0,394.95,390.15,393.55,394.85,0.4338394793926218,4.800000000000011,1.2249585300497667,0.39540816326530903
2026-09-08,DHAMPUR BIO ORGANICS LTD      ,DBOL      ,EQ,N,127.52,126.8,127.5,125.01,126.12,126.0,-1.0978670012546985,2.489999999999995,1.9526348808030072,-0.5362776025236535
2026-09-08,VALOR ESTATE LIMITED          ,DBREALTY  ,EQ,N,100.88,101.0,103.35,100.88,101.19,101.41,0.3072957969865209,2.469999999999999,2.4484536082474215,0.18811881188118584
2026-09-08,DISHMAN CARBO AMCIS LTD       ,DCAL      ,EQ,N,171.53,172.0,174.89,170.51,173.98,173.85,1.428321576400623,4.3799999999999955,2.5534891855652044,1.1511627906976685
2026-09-08,DCB BANK LIMITED              ,DCBBANK   ,EQ,N,221.31,221.0,234.8,219.91,229.55,229.6,3.723284081153138,14.890000000000015,6.728118928200269,3.8687782805429913
2026-09-08,DC INFOTECH AND COMUN LTD     ,DCI       ,EQ,N,351.25,353.0,353.0,300.25,300.75,300.5,-14.377224199288255,52.75,15.01779359430605,-14.801699716713882
2026-09-08,DCM FINANCIAL SERVICES LT     ,DCMFINSERV,EQ,N,5.33,5.31,5.32,5.06,5.11,5.11,-4.12757973733583,0.2600000000000007,4.878048780487817,-3.7664783427495157
2026-09-08,DCM NOUVELLE LIMITED          ,DCMNVL    ,EQ,N,183.01,186.3,187.98,177.35,180.44,181.0,-1.4042948472761014,10.629999999999995,5.808425769083654,-3.145464304884602
2026-09-08,DCM SHRIRAM LIMITED           ,DCMSHRIRAM,EQ,N,1011.2,1008.0,1015.9,1005.8,1008.2,1009.0,-0.2966772151898734,10.100000000000023,0.9988132911392427,0.01984126984127435
2026-09-08,DCM SHRIRAM INTERNATNL L      ,DCMSIL    ,EQ,N,67.42,68.0,71.98,67.89,69.09,68.5,2.4770097893800083,4.090000000000003,6.066449124888762,1.6029411764705932
2026-09-08,DCM SHRIRAM IND LTD           ,DCMSRIND  ,EQ,N,44.53,44.99,45.09,43.11,43.78,44.34,-1.684257803727824,1.980000000000004,4.446440601841465,-2.6894865525672387
2026-09-08,DCW LTD                       ,DCW       ,EQ,N,47.99,47.99,49.25,46.85,47.65,47.46,-0.7084809335278254,2.3999999999999986,5.001041883725773,-0.7084809335278254
2026-09-08,DCX SYSTEMS LIMITED           ,DCXINDIA  ,EQ,N,173.67,173.95,178.15,173.17,174.09,173.82,0.24183796856107326,4.980000000000018,2.8675073415097705,0.08048289738431433
2026-09-08,DDEV PLASTIKS IND LTD         ,DDEVPLSTIK,EQ,N,274.75,274.95,274.95,268.9,269.45,269.0,-1.9290263876251177,6.050000000000011,2.202001819836219,-2.000363702491362
2026-09-08,DECCAN CEMENTS LIMITED        ,DECCANCE  ,EQ,N,573.15,570.85,578.15,564.0,567.75,567.0,-0.942161737764979,14.149999999999977,2.468812701736016,-0.5430498379609394
2026-09-08,DECCAN GOLD MINES LTD.        ,DECNGOLD  ,EQ,N,215.77,215.77,224.5,214.0,223.22,223.6,3.4527506140798017,10.5,4.866292811790332,3.4527506140798017
2026-09-08,DEE DEVELOPMENT ENG LTD       ,DEEDEV    ,EQ,N,677.05,682.6,710.0,663.65,701.6,695.0,3.626024665829713,46.35000000000002,6.84587548925486,2.7834749487254613
2026-09-08,DEEP POLYMERS LTD.            ,DEEP      ,EQ,N,35.57,35.57,36.35,34.76,35.56,36.0,-0.028113578858583104,1.5900000000000034,4.470059038515613,-0.028113578858583104
2026-09-08,DEEPA JEWELLERS LIMITED       ,DEEPA     ,EQ,N,177.0,221.0,222.0,193.0,194.37,194.7,9.8135593220339,29.0,16.38418079096045,-12.049773755656107
2026-09-08,DEEPAK FERTILIZERS & PETR     ,DEEPAKFERT,EQ,N,1344.2,1349.9,1366.7,1341.0,1345.9,1345.5,0.126469275405449,25.700000000000045,1.911917869364681,-0.29631824579598487
2026-09-08,DEEPAK NITRITE LTD            ,DEEPAKNTR ,EQ,N,1642.1,1642.0,1659.9,1620.1,1647.8,1649.0,0.3471164971682629,39.80000000000018,2.423725717069617,0.3532277710109595
2026-09-08,DEEP INDUSTRIES LIMITED       ,DEEPINDS  ,EQ,N,785.2,789.55,823.0,771.4,818.7,821.0,4.266428935303107,51.60000000000002,6.571574121242999,3.6919764422772583
2026-09-08,MIRAEAMC - DEFENCE            ,DEFENCE   ,EQ,N,82.04,82.51,83.9,82.5,83.81,83.9,2.15748415407118,1.4000000000000057,1.706484641638232,1.5755665979881193
2026-09-08,DELHIVERY LIMITED             ,DELHIVERY ,EQ,N,453.8,452.8,458.2,450.25,454.9,454.9,0.24239753195239444,7.949999999999989,1.7518730718378113,0.46378091872790767
2026-09-08,DELTA CORP LIMITED            ,DELTACORP ,EQ,N,56.2,56.2,56.36,55.2,55.44,55.49,-1.3523131672597954,1.1599999999999966,2.064056939501773,-1.3523131672597954
2026-09-08,DELTA MANUFACTURING LTD       ,DELTAMAGNT,EQ,N,58.38,56.72,58.98,56.72,58.44,58.44,0.10277492291879953,2.259999999999998,3.8711887632750908,3.0324400564174874
2026-09-08,DEN NETWORKS LTD              ,DEN       ,EQ,N,27.9,27.9,27.99,26.55,27.18,27.2,-2.580645161290319,1.4399999999999977,5.161290322580638,-2.580645161290319
2026-09-08,DE NORA INDIA LIMITED         ,DENORA    ,EQ,N,814.35,825.15,833.95,800.15,805.95,803.5,-1.031497513354206,33.80000000000007,4.150549518020515,-2.3268496636975016
2026-09-08,DENTA WATER N INFRA SOL L     ,DENTA     ,EQ,N,280.65,282.6,282.75,276.15,279.65,280.5,-0.3563156957063959,6.600000000000023,2.351683591662221,-1.0438782731776521
2026-09-08,DEV INFO TECHNOLOGY LTD       ,DEVIT     ,EQ,N,24.27,24.39,24.39,23.9,23.99,24.0,-1.1536876802637046,0.490000000000002,2.0189534404614835,-1.6400164001640103
2026-09-08,DEV ACCELERATOR LIMITED       ,DEVX      ,EQ,N,33.0,33.06,34.5,33.0,33.75,33.6,2.272727272727273,1.5,4.545454545454546,2.087114337568051
2026-09-08,DEVYANI INTERNATIONAL LTD     ,DEVYANI   ,EQ,N,138.8,138.67,139.79,135.8,137.99,138.02,-0.5835734870317019,3.9899999999999807,2.8746397694524353,-0.4903728275762446
2026-09-08,DIGICONTENT LIMITED           ,DGCONTENT ,EQ,N,24.55,24.43,25.0,24.43,24.54,24.5,-0.04073319755601451,0.5700000000000003,2.3217922606924657,0.4502660663119093
2026-09-08,DHAMPUR SUGAR MILLS LTD.      ,DHAMPURSUG,EQ,N,171.28,172.49,173.75,166.95,168.88,169.55,-1.4012143858010309,6.800000000000011,3.9701074264362513,-2.0928749492724297
2026-09-08,DHANLAXMI BANK LIMITED        ,DHANBANK  ,EQ,N,31.36,31.36,31.42,30.95,31.11,31.29,-0.7971938775510204,0.4700000000000024,1.4987244897959262,-0.7971938775510204
2026-09-08,DHANUKA AGRITECH LTD          ,DHANUKA   ,EQ,N,1023.7,1028.0,1028.0,989.15,994.05,998.0,-2.8963563544007123,38.85000000000002,3.795057145648141,-3.3025291828793817
2026-09-08,DHARMAJ CROP GUARD LTD        ,DHARMAJ   ,EQ,N,270.05,270.0,271.05,265.55,269.75,267.5,-0.11109053878911733,5.5,2.0366598778004072,-0.0925925925925926
2026-09-08,DHATRE UDYOG LTD.             ,DHATRE    ,EQ,N,4.57,4.98,4.98,4.32,4.69,4.7,2.6258205689277925,0.6600000000000001,14.442013129102845,-5.8232931726907635
2026-09-08,DHOOT TRANSMISSION LTD        ,DHOOTTRANS,EQ,N,1551.7,1551.7,1608.5,1537.0,1597.6,1585.2,2.9580460140490987,71.5,4.607849455435973,2.9580460140490987
2026-09-08,DHRUV CONSULTANCY SER LTD     ,DHRUV     ,EQ,N,22.8,22.8,23.4,22.8,23.4,23.4,2.6315789473684115,0.5999999999999979,2.6315789473684115,2.6315789473684115
2026-09-08,DHUNSERI INVESTMENTS LTD      ,DHUNINV   ,EQ,N,1036.5,1041.65,1041.65,1008.75,1014.5,1012.5,-2.122527737578389,32.90000000000009,3.174143753014963,-2.6064417030672575
2026-09-08,DIAMINES & CHEMICALS LTD      ,DIAMINESQ ,EQ,N,242.29,240.0,247.49,240.0,245.07,245.01,1.147385364645673,7.490000000000009,3.0913368277683806,2.112499999999997
2026-09-08,PRATAAP SNACKS LIMITED        ,DIAMONDYD ,EQ,N,1142.2,1148.7,1168.3,1125.0,1129.3,1129.9,-1.129399404657686,43.299999999999955,3.7909297846261563,-1.6888656742404535
2026-09-08,DIC INDIA LIMITED             ,DICIND    ,EQ,N,625.35,613.0,638.3,613.0,622.85,625.9,-0.3997761253697929,25.299999999999955,4.0457343887422965,1.6068515497553055
2026-09-08,DIFFUSION ENGINEERS LTD       ,DIFFNKG   ,EQ,N,454.4,454.4,459.75,441.0,442.5,441.85,-2.618838028169009,18.75,4.126320422535212,-2.618838028169009
2026-09-08,DIGIDRIVE DISTRIBUTORS L      ,DIGIDRIVE ,EQ,N,17.73,17.84,18.3,17.52,17.73,17.83,0.0,0.7800000000000011,4.399323181049076,-0.6165919282511179
2026-09-08,DIGISPICE TECHNOLOGIES LT     ,DIGISPICE ,EQ,N,16.97,16.97,17.1,16.71,16.91,16.99,-0.35356511490865483,0.39000000000000057,2.298173246906309,-0.35356511490865483
2026-09-08,DIGITIDE SOLUTIONS LTD        ,DIGITIDE  ,EQ,N,95.77,96.06,96.06,92.49,93.42,93.99,-2.4537955518429513,3.5700000000000074,3.7276809021614365,-2.7482823235477833
2026-09-08,DIGJAM LTD                    ,DIGJAMLMTD,EQ,N,49.94,51.19,54.0,51.19,51.78,52.0,3.6844213055666866,2.8100000000000023,5.6267521025230325,1.1525688611056915
2026-09-08,DISA INDIA LTD.               ,DISAQ     ,EQ,N,11758.0,11899.0,11994.0,11800.0,11926.0,11813.0,1.4288144242218064,194.0,1.6499404660656574,0.2269098243549878
2026-09-08,DISH TV INDIA LTD.            ,DISHTV    ,EQ,N,2.52,2.53,2.57,2.49,2.54,2.54,0.7936507936507943,0.07999999999999963,3.1746031746031598,0.3952569169960566
2026-09-08,DIVGI TORQTRANSFER SYST L     ,DIVGIITTS ,EQ,N,1175.9,1175.9,1213.0,1152.3,1189.3,1198.9,1.1395526830512683,60.700000000000045,5.162003571732294,1.1395526830512683
2026-09-08,MIRAEAMC - DIVIDEND           ,DIVIDEND  ,EQ,N,35.32,35.17,35.37,35.14,35.24,35.24,-0.2265005662514108,0.22999999999999687,0.6511891279728111,0.19903326698891183
2026-09-08,DIVI S LABORATORIES LTD       ,DIVISLAB  ,EQ,N,9315.0,9375.5,9588.0,9253.0,9575.0,9575.0,2.791196994095545,335.0,3.5963499731615673,2.1278865127193214
2026-09-08,NIP IND ETF DIV OPP           ,DIVOPPBEES,EQ,N,76.06,76.36,76.36,75.61,75.74,75.87,-0.42072048382856614,0.75,0.986063633973179,-0.8119434258774286
2026-09-08,DIXON TECHNO (INDIA) LTD      ,DIXON     ,EQ,N,14180.0,14128.0,14229.0,14052.0,14100.0,14100.0,-0.5641748942172073,177.0,1.2482369534555713,-0.19818799546998866
2026-09-08,DJ MEDIAPRINT & LOG LTD       ,DJML      ,EQ,N,75.07,74.48,77.0,72.68,76.08,76.0,1.345410949780212,4.319999999999993,5.7546290129212645,2.148227712137479
2026-09-08,DLF LIMITED                   ,DLF       ,EQ,N,672.7,672.4,676.4,665.0,675.1,675.1,0.3567712204548799,11.399999999999977,1.6946632971606923,0.40154669839381996
2026-09-08,D-LINK INDIA LTD              ,DLINKINDIA,EQ,N,445.7,449.95,449.95,440.05,443.0,444.0,-0.6057886470720191,9.899999999999977,2.2212250392640738,-1.5446160684520478
2026-09-08,AVENUE SUPERMARTS LIMITED     ,DMART     ,EQ,N,3710.0,3697.1,3743.0,3680.5,3720.2,3720.2,0.2749326145552512,62.5,1.6846361185983827,0.6248140434394501
2026-09-08,DMCC SPECIALITY CHEMICALS     ,DMCC      ,EQ,N,293.3,295.75,295.75,289.25,290.4,289.25,-0.9887487214456304,6.5,2.216160927378111,-1.8089602704987398
2026-09-08,DILIGENT MEDIA CORP LTD.      ,DNAMEDIA  ,EQ,N,2.63,2.62,2.79,2.53,2.61,2.57,-0.7604562737642593,0.26000000000000023,9.88593155893537,-0.3816793893129859
2026-09-08,DODLA DAIRY LIMITED           ,DODLA     ,EQ,N,1073.1,1082.1,1087.9,1070.0,1081.7,1085.8,0.8014164569937692,17.90000000000009,1.6680644860684084,-0.03696516033637035
2026-09-08,DOLAT ALGOTECH LIMITED        ,DOLATALGO ,EQ,N,69.96,69.96,70.95,68.9,70.7,70.68,1.0577472841623916,2.049999999999997,2.930245854774153,1.0577472841623916
2026-09-08,DOLLAR INDUSTRIES LIMITED     ,DOLLAR    ,EQ,N,262.05,262.05,265.95,260.0,264.75,264.2,1.0303377218088108,5.949999999999989,2.270559053615718,1.0303377218088108
2026-09-08,DOLPHIN OFF ENT (IND) L       ,DOLPHIN   ,EQ,N,720.4,726.95,731.0,680.35,687.75,683.0,-4.532204330927259,50.64999999999998,7.0308162132148775,-5.392392874337994
2026-09-08,DOMS INDUSTRIES LIMITED       ,DOMS      ,EQ,N,2201.5,2194.0,2215.3,2170.0,2191.4,2193.1,-0.4587781058369252,45.30000000000018,2.0576879400408896,-0.11850501367365127
2026-09-08,DONEAR IND. LIMITED           ,DONEAR    ,EQ,N,89.13,88.7,91.49,86.16,86.79,86.35,-2.625378660383697,5.329999999999998,5.980029170874002,-2.15332581736189
2026-09-08,D. P. ABHUSHAN LIMITED        ,DPABHUSHAN,EQ,N,1424.7,1424.8,1437.9,1400.2,1411.6,1413.1,-0.9194918228399056,37.700000000000045,2.6461711237453533,-0.9264458169567691
2026-09-08,DR. AGARWAL'S EYE HOSP L      ,DRAGARWQ  ,EQ,N,5323.5,5320.0,5351.0,5236.0,5267.5,5260.0,-1.051939513477975,115.0,2.160232929463699,-0.9868421052631579
2026-09-08,DRC SYSTEMS INDIA LIMITED     ,DRCSYSTEMS,EQ,N,13.25,13.55,13.55,12.86,12.9,12.95,-2.6415094339622613,0.6900000000000013,5.20754716981133,-4.797047970479707
2026-09-08,DREAMFOLKS SERVICES LTD       ,DREAMFOLKS,EQ,N,65.94,65.12,66.35,64.96,65.14,65.0,-1.2132241431604447,1.3900000000000006,2.107976948741281,0.030712530712524604
2026-09-08,DREDGING CORP OF INDIA        ,DREDGECORP,EQ,N,1054.2,1054.2,1068.0,1037.5,1049.1,1050.9,-0.4837791690381461,30.5,2.8931891481692276,-0.4837791690381461
2026-09-08,DR. REDDY S LABORATORIES      ,DRREDDY   ,EQ,N,1144.2,1146.5,1154.5,1144.0,1151.0,1151.0,0.5943016955077743,10.5,0.91767173571054,0.39249890972525076
2026-09-08,DYNACONS SYS & SOLN LTD       ,DSSL      ,EQ,N,1040.4,1041.3,1082.0,1024.6,1061.7,1059.4,2.0472895040369044,57.40000000000009,5.517108804306044,1.9590895995390465
2026-09-08,DUCON INFRATECHNOLOGIES L     ,DUCON     ,EQ,N,1.79,1.79,1.98,1.78,1.8,1.8,0.5586592178770954,0.19999999999999996,11.173184357541897,0.5586592178770954
2026-09-08,DHUNSERI VENTURES LIMITED     ,DVL       ,EQ,N,298.2,300.1,300.1,290.55,292.05,292.2,-2.0623742454728293,9.550000000000011,3.2025486250838404,-2.682439186937691
2026-09-08,DWARIKESH SUGAR IND LTD       ,DWARKESH  ,EQ,N,47.38,47.5,48.55,46.61,47.96,48.35,1.22414520894892,1.9399999999999977,4.09455466441536,0.9684210526315807
2026-09-08,DYNAMIC CABLES LIMITED        ,DYCL      ,EQ,N,461.05,462.95,475.0,452.35,460.6,460.5,-0.09760329682246799,22.649999999999977,4.912699273397674,-0.5076142131979622
2026-09-08,DYNAMATIC TECHNOLOGIES        ,DYNAMATECH,EQ,N,11569.0,11520.0,11689.0,11450.0,11584.0,11601.0,0.12965684155933963,239.0,2.0658656755121445,0.5555555555555556
2026-09-08,DYNEMIC PRODUCTS LIMITED      ,DYNPRO    ,EQ,N,233.2,230.3,238.45,230.0,233.28,230.32,0.034305317324190614,8.449999999999989,3.623499142367062,1.2939643942683412
2026-09-08,EASY TRIP PLANNERS LTD        ,EASEMYTRIP,EQ,N,6.01,5.98,6.08,5.88,5.94,5.97,-1.1647254575707053,0.20000000000000018,3.327787021630619,-0.6688963210702347
2026-09-08,EAST WEST FREIGHT CARRI L     ,EASTWEST  ,EQ,N,2.36,2.31,2.4,2.28,2.36,2.37,0.0,0.1200000000000001,5.084745762711869,2.164502164502157
2026-09-08,EDELAMC - EBANK10             ,EBANK10   ,EQ,N,16.65,16.72,16.72,16.5,16.54,16.5,-0.6606606606606573,0.21999999999999886,1.3213213213213146,-1.0765550239234434
2026-09-08,EDELAMC - EBANKNIFTY          ,EBANKNIFTY,EQ,N,57.78,57.62,57.67,57.23,57.48,57.48,-0.5192107995846388,0.44000000000000483,0.7615091727241343,-0.24297119055883476
2026-09-08,EDELAMC - EBBETF0430          ,EBBETF0430,EQ,N,1612.3,1614.88,1618.84,1610.0,1613.61,1611.81,0.08125038764497584,8.839999999999918,0.5482850586119158,-0.07864361438622121
2026-09-08,EDELAMC - EBBETF0431          ,EBBETF0431,EQ,N,1435.08,1439.51,1440.99,1432.02,1435.18,1432.02,0.006968252640977257,8.970000000000027,0.6250522618948092,-0.3007967989107354
2026-09-08,EDELAMC - EBBETF0433          ,EBBETF0433,EQ,N,1310.01,1312.56,1312.97,1305.0,1306.94,1306.0,-0.23434935611178054,7.970000000000027,0.6083923023488391,-0.428170902663489
2026-09-08,GNG ELECTRONICS LIMITED       ,EBGNG     ,EQ,N,619.1,626.0,675.0,617.0,665.15,671.15,7.438216766273616,58.0,9.36843805524148,6.253993610223639
2026-09-08,EDELAMC - ECAPINSURE          ,ECAPINSURE,EQ,N,23.9,24.01,24.01,23.65,23.73,23.76,-0.7112970711296994,0.360000000000003,1.5062761506276277,-1.1661807580174974
2026-09-08,ECLERX SERVICES LTD           ,ECLERX    ,EQ,N,1888.8,1907.8,1959.0,1888.0,1945.1,1940.3,2.980728504870815,71.0,3.7590004235493435,1.9551315651535777
2026-09-08,ECO RECYCLING LTD.            ,ECORECO   ,EQ,N,456.0,451.05,464.65,446.05,450.4,449.85,-1.2280701754386014,18.599999999999966,4.078947368421045,-0.14410819199646027
2026-09-08,ECOS (INDIA) MOB & HOSP L     ,ECOSMOBLTY,EQ,N,111.75,112.68,113.5,111.5,111.87,111.69,0.10738255033557453,2.0,1.7897091722595078,-0.7188498402555931
2026-09-08,EDELWEISS FIN SERV LTD        ,EDELWEISS ,EQ,N,132.72,134.0,139.8,127.48,138.8,138.6,4.581072935503324,12.320000000000007,9.282700421940934,3.5820895522388145
2026-09-08,EFC (I) LIMITED               ,EFCIL     ,EQ,N,191.74,193.0,193.0,185.82,186.53,187.0,-2.7172212370918993,7.180000000000007,3.7446542192552448,-3.3523316062176156
2026-09-08,EDELAMC - EGOLD               ,EGOLD     ,EQ,N,151.95,154.4,154.4,151.3,152.25,151.95,0.19743336623890187,3.0999999999999943,2.0401447844685716,-1.392487046632128
2026-09-08,EICHER MOTORS LTD             ,EICHERMOT ,EQ,N,7672.0,7700.0,7747.5,7655.0,7747.5,7747.5,0.9840980187695516,92.5,1.2056830031282586,0.6168831168831169
2026-09-08,EID PARRY INDIA LTD           ,EIDPARRY  ,EQ,N,777.7,778.1,785.1,760.0,763.7,764.05,-1.8001800180018002,25.100000000000023,3.22746560370323,-1.8506618686544116
2026-09-08,ENVIRO INFRA ENGINEERS L      ,EIEL      ,EQ,N,198.33,198.03,200.0,195.68,196.2,196.35,-1.0739676297080745,4.319999999999993,2.178187868703672,-0.924102408725957
2026-09-08,EIH ASSOCIATED HOTELS LTD     ,EIHAHOTELS,EQ,N,296.45,296.45,299.9,293.0,295.7,293.2,-0.252993759487266,6.899999999999977,2.3275425872828395,-0.252993759487266
2026-09-08,EIH LIMITED                   ,EIHOTEL   ,EQ,N,294.0,291.9,307.5,291.45,295.75,296.0,0.5952380952380952,16.05000000000001,5.459183673469392,1.3189448441247082
2026-09-08,EIMCO ELECON (INDIA) LTD      ,EIMCOELECO,EQ,N,2268.0,2278.5,2305.0,2250.0,2258.2,2270.0,-0.4320987654321068,55.0,2.4250440917107583,-0.8909370199692861
2026-09-08,EVEREST KANTO CYLINDERLTD     ,EKC       ,EQ,N,104.7,104.6,104.6,102.3,103.14,103.14,-1.4899713467048732,2.299999999999997,2.1967526265520507,-1.395793499043971
2026-09-08,EKI ENERGY SERVICES LTD       ,EKI       ,EQ,N,71.37,74.0,74.0,70.45,70.81,71.0,-0.7846434075942303,3.549999999999997,4.974078744570543,-4.310810810810808
2026-09-08,ELANTAS BECK INDIA LTD.       ,ELANTAS   ,EQ,N,13054.0,13250.0,13999.0,13187.0,13891.0,13801.0,6.411827792247587,812.0,6.220315612072928,4.837735849056603
2026-09-08,ELCID INVESTMENTS LTD.        ,ELCIDIN   ,EQ,N,108950.0,108915.0,108915.0,106500.0,106500.0,106500.0,-2.248737953189537,2415.0,2.2166131252868286,-2.217325437267594
2026-09-08,ELDECO HSG & IND LTD.         ,ELDEHSG   ,EQ,N,788.85,777.05,797.0,777.05,795.7,795.7,0.8683526652722345,19.950000000000045,2.5289979083476006,2.400102953477909
2026-09-08,ELECON ENG. CO. LTD           ,ELECON    ,EQ,N,426.7,426.9,428.0,420.0,421.15,422.6,-1.300679634403565,8.0,1.8748535270681976,-1.3469196533145937
2026-09-08,ELECTROSTEEL CASTINGS LTD     ,ELECTCAST ,EQ,N,80.51,80.35,81.5,79.32,79.9,79.86,-0.757669854676437,2.180000000000007,2.70773816917154,-0.5600497822028484
2026-09-08,ELECTROTHERM (I) LTD.         ,ELECTHERM ,EQ,N,966.4,966.4,981.3,961.2,964.6,961.2,-0.18625827814569065,20.09999999999991,2.0798841059602555,-0.18625827814569065
2026-09-08,ELGI EQUIPMENTS LTD           ,ELGIEQUIP ,EQ,N,642.4,644.9,645.5,635.1,638.2,641.0,-0.653798256537972,10.399999999999977,1.6189290161892866,-1.0389207629089676
2026-09-08,ELGI RUBBER CO. LTD           ,ELGIRUBCO ,EQ,N,57.68,57.68,59.85,57.0,59.12,58.2,2.4965325936199685,2.8500000000000014,4.941054091539531,2.4965325936199685
2026-09-08,ELIN ELECTRONICS LIMITED      ,ELIN      ,EQ,N,96.14,97.6,100.0,95.38,98.42,97.55,2.371541501976286,4.6200000000000045,4.805491990846686,0.840163934426237
2026-09-08,EDELAMC - ELIQUID             ,ELIQUID   ,EQ,N,1046.71,1046.84,1046.84,1046.82,1046.84,1046.84,0.012419867967238468,0.01999999999998181,0.0019107489180366873,0.0
2026-09-08,ELITECON INTERNATIONAL L      ,ELITECON  ,EQ,N,8.25,7.84,7.84,7.84,7.84,7.84,-4.9696969696969715,0.0,0.0,0.0
2026-09-08,ELLENBARRIE INDUS GASES L     ,ELLEN     ,EQ,N,321.7,322.95,329.05,316.65,322.8,326.9,0.3419334783960282,12.400000000000034,3.85452284737334,-0.04644681839293304
2026-09-08,EDELAMC - ELM250              ,ELM250    ,EQ,N,16.41,16.74,16.76,16.27,16.47,16.57,0.3656307129798825,0.490000000000002,2.98598415600245,-1.612903225806449
2026-09-08,EDELAMC - ELMDIV              ,ELMDIV    ,EQ,N,36.26,36.24,36.24,36.04,36.13,36.22,-0.35852178709320315,0.20000000000000284,0.5515719801434166,-0.3035320088300205
2026-09-08,ELPRO INTERNATIONAL LTD       ,ELPROINTL ,EQ,N,175.05,177.95,177.95,174.01,174.17,174.02,-0.5027135104256063,3.9399999999999977,2.250785489860039,-2.1241921888170845
2026-09-08,EMAMI LIMITED                 ,EMAMILTD  ,EQ,N,367.55,367.4,372.5,362.2,363.65,365.0,-1.0610801251530495,10.300000000000011,2.802339817711879,-1.0206859009254219
2026-09-08,EMAMI REALTY LIMITED          ,EMAMIREAL ,EQ,N,67.62,67.62,67.7,65.7,66.18,65.75,-2.1295474711623745,2.0,2.9577048210588583,-2.1295474711623745
2026-09-08,EMBASSY DEVELOPMENTS LTD      ,EMBDL     ,EQ,N,59.1,59.23,59.23,57.57,58.12,57.86,-1.6582064297800407,1.6599999999999966,2.808798646362092,-1.8740503123417178
2026-09-08,EMCURE PHARMACEUTICALS L      ,EMCURE    ,EQ,N,1926.8,1944.0,1955.0,1916.0,1925.8,1919.0,-0.051899522524392776,39.0,2.0240813784513185,-0.9362139917695497
2026-09-08,EDELAMC - EMETAL              ,EMETAL    ,EQ,N,13.17,13.23,13.29,13.13,13.2,13.27,0.22779043280181746,0.15999999999999837,1.2148823082763733,-0.22675736961452106
2026-09-08,ELECTRONICS MART IND LTD      ,EMIL      ,EQ,N,178.24,179.75,189.8,175.65,186.02,184.9,4.364901256732496,14.150000000000006,7.938734290843809,3.4881780250347765
2026-09-08,EMKAY GLOBAL FIN SERV LTD     ,EMKAY     ,EQ,N,265.15,265.0,265.15,260.0,260.7,260.0,-1.6782953045445932,5.149999999999977,1.942296813124638,-1.6226415094339666
2026-09-08,EMMVEE PHOTOVOLTAIC PWR L     ,EMMVEE    ,EQ,N,325.2,325.65,332.75,323.25,331.25,330.9,1.860393603936043,9.5,2.921279212792128,1.7196376477813673
2026-09-08,EMPIRE INDUSTRIES LTD.        ,EMPIND    ,EQ,N,1192.1,1204.9,1204.9,1169.2,1176.8,1176.0,-1.2834493750524247,35.700000000000045,2.9947152084556707,-2.3321437463690047
2026-09-08,EMPOWER INDIA LTD.            ,EMPOWER   ,EQ,N,1.93,2.01,2.02,2.0,2.01,2.02,4.145077720207246,0.020000000000000018,1.0362694300518145,0.0
2026-09-08,EMS LIMITED                   ,EMSLIMITED,EQ,N,385.55,385.0,385.0,376.0,378.4,379.95,-1.854493580599153,9.0,2.3343275839709507,-1.7142857142857202
2026-09-08,EMUDHRA LIMITED               ,EMUDHRA   ,EQ,N,502.45,505.0,517.15,493.8,509.1,508.8,1.3235147775898168,23.349999999999966,4.647228579958198,0.8118811881188164
2026-09-08,EDELAMC - EMULTIMQ            ,EMULTIMQ  ,EQ,N,42.0,41.79,42.14,41.72,42.09,42.03,0.2142857142857224,0.4200000000000017,1.000000000000004,0.7178750897343964
2026-09-08,ENDURANCE TECHNO. LTD.        ,ENDURANCE ,EQ,N,2763.2,2770.0,2784.3,2702.0,2735.3,2736.0,-1.0096988998262753,82.30000000000018,2.9784308048639327,-1.2527075812274302
2026-09-08,MIRAEAMC - ENERGY             ,ENERGY    ,EQ,N,38.15,38.22,38.5,38.17,38.45,38.47,0.7863695937090545,0.3299999999999983,0.8650065530799431,0.601779173207755
2026-09-08,AXISAMC - ENERGYAXIS          ,ENERGYAXIS,EQ,N,19.03,19.03,19.8,19.03,19.18,19.5,0.7882291119285264,0.7699999999999996,4.046242774566471,0.7882291119285264
2026-09-08,ENERGY DEVE. CO.LTD           ,ENERGYDEV ,EQ,N,15.43,15.43,15.65,15.25,15.33,15.29,-0.648088139987036,0.40000000000000036,2.5923525599481554,-0.648088139987036
2026-09-08,EDELAMC - ENEXT50             ,ENEXT50   ,EQ,N,72.63,72.27,72.86,72.27,72.85,72.85,0.3029051356188887,0.5900000000000034,0.8123365000688468,0.8025460080254577
2026-09-08,ENGINEERS INDIA LTD           ,ENGINERSIN,EQ,N,277.05,277.6,281.95,271.45,279.2,281.6,0.7760332070023379,10.5,3.7899296155928535,0.5763688760806793
2026-09-08,EDELAMC - ENIFTY              ,ENIFTY    ,EQ,N,24.01,23.4,23.95,23.4,23.89,23.89,-0.4997917534360724,0.5500000000000007,2.290712203248649,2.0940170940171026
2026-09-08,ENTERTAIN NET. IND. LTD.      ,ENIL      ,EQ,N,101.34,101.4,103.19,99.57,100.21,100.97,-1.1150582198539665,3.6200000000000045,3.5721334122755124,-1.1735700197238776
2026-09-08,ENKEI WHEELS (INDIA) LTD.     ,ENKEIWHEL ,EQ,N,395.15,395.0,410.0,390.0,396.6,406.9,0.3669492597747806,20.0,5.061369100341643,0.4050632911392463
2026-09-08,SIEMENS ENERGY INDIA LTD      ,ENRIN     ,EQ,N,3121.9,3109.0,3249.8,3086.0,3200.1,3200.0,2.5048848457669948,163.80000000000018,5.246804830391754,2.930202637504018
2026-09-08,ENTERO HEALTHCARE SOLU L      ,ENTERO    ,EQ,N,1898.4,1895.1,1920.0,1841.2,1851.8,1860.0,-2.454698693636754,78.79999999999995,4.150863885377157,-2.284839850139832
2026-09-08,EPACK DURABLE LIMITED         ,EPACK     ,EQ,N,186.33,186.31,190.24,186.0,187.38,188.94,0.5635163419739081,4.240000000000009,2.2755326571137275,0.5743116311523768
2026-09-08,EPACK PREFAB TECHN LTD        ,EPACKPEB  ,EQ,N,230.44,233.0,238.8,231.01,234.0,234.89,1.5448706821732348,7.7900000000000205,3.380489498350989,0.4291845493562232
2026-09-08,EPIGRAL LIMITED               ,EPIGRAL   ,EQ,N,1179.8,1215.0,1215.0,1172.4,1189.8,1191.8,0.8476012883539583,42.59999999999991,3.610781488387855,-2.074074074074078
2026-09-08,EPL LIMITED                   ,EPL       ,EQ,N,248.95,248.1,252.6,245.95,248.1,248.9,-0.34143402289616165,6.650000000000006,2.6712191203052846,0.0
2026-09-08,MIRAEAMC - EQUAL200           ,EQUAL200  ,EQ,N,13.72,14.06,14.06,13.69,13.74,13.74,0.14577259475218346,0.370000000000001,2.696793002915459,-2.2759601706970147
2026-09-08,MIRAEAMC - EQUAL50            ,EQUAL50   ,EQ,N,327.67,327.1,327.47,326.46,327.03,327.03,-0.19531846064639521,1.0100000000000477,0.3082369457075862,-0.021400183430158978
2026-09-08,DSPAMC - DSPNEWETF            ,EQUAL50ADD,EQ,N,338.64,345.41,345.41,336.95,337.41,337.4,-0.36321757618708994,8.460000000000036,2.4982282069454396,-2.3160881271532383
2026-09-08,EQUITAS SMALL FIN BNK LTD     ,EQUITASBNK,EQ,N,73.35,73.2,73.22,72.3,72.54,72.5,-1.104294478527591,0.9200000000000017,1.2542603953646922,-0.9016393442622904
2026-09-08,ERIS LIFESCIENCES LIMITED     ,ERIS      ,EQ,N,1324.3,1322.9,1333.8,1315.1,1324.7,1324.8,0.030204636411696063,18.700000000000045,1.4120667522464734,0.1360647063270054
2026-09-08,ESAB INDIA LTD                ,ESABINDIA ,EQ,N,6092.0,6109.0,6117.5,6010.0,6067.0,6051.0,-0.41037426132632965,107.5,1.7646093237032172,-0.6875102308070061
2026-09-08,ESCORTS KUBOTA LIMITED        ,ESCORTS   ,EQ,N,2957.4,2980.3,3029.3,2962.2,3013.2,3013.8,1.8867924528301792,67.10000000000036,2.268884831270723,1.1039157131832245
2026-09-08,ESDS SOFTWARE SOLUTION L      ,ESDS      ,EQ,N,1090.05,1189.0,1308.05,1140.6,1308.05,1308.05,19.99908261088941,167.45000000000005,15.361680656850607,10.01261564339781
2026-09-08,EDELAMC - ESENSEX             ,ESENSEX   ,EQ,N,76.77,76.77,76.77,76.3,76.46,76.55,-0.403803569102517,0.46999999999999886,0.6122183144457456,-0.403803569102517
2026-09-08,MIRAEAMC - MAESGETF           ,ESG       ,EQ,N,40.84,41.66,41.66,40.53,40.54,40.53,-0.7345739471106862,1.1299999999999955,2.766895200783534,-2.688430148823806
2026-09-08,EDELAMC - ESILVER             ,ESILVER   ,EQ,N,230.04,230.04,233.59,229.69,230.45,230.73,0.17822987306555232,3.9000000000000057,1.6953573291601485,0.17822987306555232
2026-09-08,ESSAR SHIPPING LTD            ,ESSARSHPNG,EQ,N,16.41,16.5,16.86,15.9,16.05,15.9,-2.193784277879338,0.9599999999999991,5.8500914076782395,-2.727272727272723
2026-09-08,INTEGRA ESSENTIA LIMITED      ,ESSENTIA  ,EQ,N,1.1,1.1,1.15,1.05,1.05,1.06,-4.545454545454549,0.09999999999999987,9.09090909090908,-4.545454545454549
2026-09-08,ESTER INDUSTRIES LTD          ,ESTER     ,EQ,N,91.54,91.5,92.39,91.02,91.43,91.5,-0.12016604762945098,1.3700000000000045,1.496613502294084,-0.0765027322404297
2026-09-08,ETERNAL LIMITED               ,ETERNAL   ,EQ,N,320.8,320.8,324.3,320.5,321.6,321.6,0.24937655860349484,3.8000000000000114,1.184538653366587,0.24937655860349484
2026-09-08,ETHOS LIMITED                 ,ETHOSLTD  ,EQ,N,2746.6,2779.0,2800.0,2736.7,2761.5,2769.3,0.5424888953615412,63.30000000000018,2.3046675890191577,-0.6297229219143577
2026-09-08,EUREKA FORBES LIMITED         ,EUREKAFORB,EQ,N,406.2,407.9,412.05,404.55,408.55,409.0,0.5785327424913892,7.5,1.8463810930576072,0.15935278254474972
2026-09-08,EURO PANEL PRODUCTS LTD       ,EUROBOND  ,EQ,N,150.78,154.8,155.79,148.25,154.63,154.0,2.5533890436397364,7.539999999999992,5.000663217933408,-0.1098191214470387
2026-09-08,EURO PRATIK SALES LIMITED     ,EUROPRATIK,EQ,N,257.0,257.0,259.6,254.55,256.95,259.6,-0.01945525291829236,5.050000000000011,1.9649805447470863,-0.01945525291829236
2026-09-08,EVEREADY INDS. IND.  LTD.     ,EVEREADY  ,EQ,N,327.15,329.9,351.55,324.4,348.85,346.2,6.633042946660568,27.150000000000034,8.298945437872547,5.744164898454091
2026-09-08,ICICIPRAMC - EVIETF           ,EVIETF    ,EQ,N,32.27,32.27,34.18,32.0,32.48,32.51,0.6507592190889177,2.1799999999999997,6.755500464828012,0.6507592190889177
2026-09-08,MIRAEAMC - EVINDIA            ,EVINDIA   ,EQ,N,32.38,32.64,32.64,32.15,32.4,32.38,0.061766522544768436,0.490000000000002,1.5132798023471339,-0.7352941176470649
2026-09-08,EXCEL INDUSTRIES LTD          ,EXCELINDUS,EQ,N,1002.6,1004.0,1004.0,984.1,993.0,990.0,-0.9575104727707981,19.899999999999977,1.9848394175144601,-1.0956175298804782
2026-09-08,EXCELSOFT TECHNOLOGIES L      ,EXCELSOFT ,EQ,N,68.26,69.8,69.9,68.5,69.06,68.55,1.171989452094927,1.4000000000000057,2.0509815411661374,-1.0601719197707664
2026-09-08,EXICOM TELE SYSTEMS LTD       ,EXICOM    ,EQ,N,184.33,184.75,189.17,180.12,181.65,181.0,-1.4539141756632163,9.049999999999983,4.909672869310466,-1.6779431664411335
2026-09-08,EXIDE INDUSTRIES LTD          ,EXIDEIND  ,EQ,N,425.75,424.95,427.2,415.55,418.15,418.6,-1.7850851438637751,11.649999999999977,2.7363476218438,-1.6001882574420547
2026-09-08,EXPLEO SOLUTIONS LIMITED      ,EXPLEOSOL ,EQ,N,899.55,899.95,903.9,881.7,887.95,892.5,-1.2895336557167372,22.199999999999932,2.4679006169751467,-1.3334074115228622
2026-09-08,EXXARO TILES LIMITED          ,EXXARO    ,EQ,N,6.59,6.41,6.6,6.41,6.51,6.52,-1.213960546282247,0.1899999999999995,2.8831562974203266,1.5600624024960943
2026-09-08,FABTECH TECHNOLOGIES LTD      ,FABTECH   ,EQ,N,148.47,148.2,149.39,146.5,146.91,146.5,-1.0507173166296238,2.8899999999999864,1.946521182730509,-0.8704453441295494
2026-09-08,FACT LTD                      ,FACT      ,EQ,N,793.3,795.0,823.3,786.65,791.2,794.0,-0.26471700491616146,36.64999999999998,4.619942014370349,-0.4779874213836421
2026-09-08,FAZE THREE LIMITED            ,FAZE3Q    ,EQ,N,500.9,500.0,500.0,494.0,497.3,500.0,-0.7187063286084979,6.0,1.1978438810141745,-0.5399999999999977
2026-09-08,FINEOTEX CHEMICAL LIMITED     ,FCL       ,EQ,N,56.66,58.84,59.5,56.7,58.44,58.2,3.141546064242854,2.799999999999997,4.941757853865155,-0.6798096532970864
2026-09-08,FCS SOFTWARE SOLN. LTD.       ,FCSSOFT   ,EQ,N,1.43,1.46,1.46,1.41,1.42,1.43,-0.6993006993007,0.050000000000000044,3.4965034965034993,-2.739726027397263
2026-09-08,FDC LIMITED                   ,FDC       ,EQ,N,342.15,343.0,347.5,341.95,345.95,346.9,1.1106239953236918,5.550000000000011,1.6220955721174959,0.8600583090378975
2026-09-08,FEDDERS HOLDING LTD.          ,FEDDERSHOL,EQ,N,48.03,48.3,48.89,47.99,48.0,47.99,-0.062460961898815615,0.8999999999999986,1.8738288569643942,-0.6211180124223544
2026-09-08,FEDERAL BANK LTD              ,FEDERALBNK,EQ,N,342.0,343.05,345.9,341.45,344.15,344.15,0.6286549707602272,4.449999999999989,1.3011695906432716,0.32065296603992594
2026-09-08,FEDBANK FINANCIAL SER L       ,FEDFINA   ,EQ,N,165.45,167.0,167.89,161.51,162.3,161.51,-1.9038984587488532,6.3799999999999955,3.856149894227861,-2.814371257485023
2026-09-08,FERMENTA BIOTECH LTD.         ,FERMENTA  ,EQ,N,496.5,490.0,495.45,472.2,480.7,478.4,-3.182275931520647,23.25,4.682779456193353,-1.8979591836734717
2026-09-08,FIBERWEB INDIA LIMITED        ,FIBERWEB  ,EQ,N,26.42,26.42,26.42,25.73,26.03,26.39,-1.4761544284632875,0.6900000000000013,2.6116578349735096,-1.4761544284632875
2026-09-08,FIEM INDUSTRIES LIMITED       ,FIEMIND   ,EQ,N,2068.8,2068.8,2074.0,2035.0,2038.2,2044.9,-1.479118329466364,39.0,1.885150812064965,-1.479118329466364
2026-09-08,FILATEX INDIA LTD             ,FILATEX   ,EQ,N,76.59,76.59,77.24,74.86,76.44,76.13,-0.19584802193498588,2.3799999999999955,3.1074552813683187,-0.19584802193498588
2026-09-08,FILATEX FASHIONS LIMITED      ,FILATFASH ,EQ,N,0.18,0.18,0.19,0.18,0.18,0.19,0.0,0.010000000000000009,5.555555555555561,0.0
2026-09-08,FINOLEX CABLES LTD            ,FINCABLES ,EQ,N,1227.0,1235.1,1311.8,1230.2,1302.3,1303.0,6.136919315403419,81.59999999999991,6.650366748166252,5.440854991498669
2026-09-08,FINE ORGANIC IND. LTD.        ,FINEORG   ,EQ,N,5125.0,5120.0,5207.0,5082.0,5196.0,5173.0,1.3853658536585367,125.0,2.4390243902439024,1.484375
2026-09-08,ICICIPRAMC-ICICIFIN           ,FINIETF   ,EQ,N,32.71,32.73,32.73,32.44,32.56,32.58,-0.4585753592173603,0.28999999999999915,0.8865790278202359,-0.5194011610143435
2026-09-08,FINKURVE FINANCIAL SERV L     ,FINKURVE  ,EQ,N,71.45,72.05,72.05,66.1,69.09,69.86,-3.3030090972708175,5.950000000000003,8.32750174947516,-4.108258154059672
2026-09-08,FINO PAYMENTS BANK LTD        ,FINOPB    ,EQ,N,138.9,137.71,142.37,137.5,139.97,140.0,0.7703383729301606,4.8700000000000045,3.506119510439168,1.641129910681861
2026-09-08,FINOLEX INDUSTRIES LTD        ,FINPIPE   ,EQ,N,157.16,157.0,159.17,156.71,157.86,158.44,0.445405955713933,2.4599999999999795,1.565283787223199,0.5477707006369513
2026-09-08,BRAINBEES SOLUTIONS LTD       ,FIRSTCRY  ,EQ,N,177.03,178.0,178.03,174.6,176.24,176.6,-0.4462520476755307,3.430000000000007,1.9375247133254287,-0.9887640449438151
2026-09-08,FISCHER MEDICAL VENTURE L     ,FISCHER   ,EQ,N,35.72,35.71,36.29,35.4,35.56,35.53,-0.44792833146695576,0.8900000000000006,2.491601343784996,-0.42005040604872185
2026-09-08,FIVE-STAR BUS FIN LTD         ,FIVESTAR  ,EQ,N,526.2,524.05,528.75,518.5,524.15,524.0,-0.3895857088559612,10.25,1.9479285442797412,0.019082148649942326
2026-09-08,FLAIR WRITING INDUST LTD      ,FLAIR     ,EQ,N,240.22,240.2,250.0,234.95,236.96,235.06,-1.3570893347764512,15.050000000000011,6.265090333860633,-1.3488759367193925
2026-09-08,DSPAMC - FLEXIADD             ,FLEXIADD  ,EQ,N,9.98,10.18,10.18,9.93,9.97,10.01,-0.10020040080160107,0.25,2.5050100200400798,-2.062868369351661
2026-09-08,GUJARAT FLUOROCHEM LTD        ,FLUOROCHEM,EQ,N,4530.5,4539.0,4684.9,4486.0,4676.6,4684.0,3.2248096236618555,198.89999999999964,4.390243902439017,3.031504736726159
2026-09-08,DSPAMC - FMCGADD              ,FMCGADD   ,EQ,N,45.93,45.91,46.24,45.7,46.07,46.07,0.30481166993250725,0.5399999999999991,1.17570215545395,0.34850795033762516
2026-09-08,ICICIPRAMC - ICICIFMCG        ,FMCGIETF  ,EQ,N,49.17,49.32,49.5,48.92,49.31,49.46,0.2847264592231047,0.5799999999999983,1.179581045352854,-0.02027575020275347
2026-09-08,FEDERAL-MOGUL GOETZE (IND     ,FMGOETZE  ,EQ,N,482.05,482.1,482.1,466.75,469.25,468.6,-2.6553262109739677,15.350000000000023,3.18431697956644,-2.6654221115951096
2026-09-08,FUTURE MKT NETWORKS LTD       ,FMNL      ,EQ,N,9.77,9.43,9.79,9.41,9.52,9.5,-2.5588536335721597,0.379999999999999,3.8894575230296726,0.9544008483563081
2026-09-08,FOODS & INNS LIMITED          ,FOODSIN   ,EQ,N,57.4,56.8,57.99,55.25,56.08,55.26,-2.2996515679442515,2.740000000000002,4.773519163763069,-1.267605633802815
2026-09-08,FORCE MOTORS LIMITED          ,FORCEMOT  ,EQ,N,17829.0,17750.0,17865.0,17590.0,17625.0,17625.0,-1.144203264344607,275.0,1.5424308710527792,-0.7042253521126761
2026-09-08,FORTIS HEALTHCARE LTD         ,FORTIS    ,EQ,N,910.0,908.05,913.0,902.35,908.0,908.0,-0.21978021978021978,10.649999999999977,1.1703296703296677,-0.005506304718898136
2026-09-08,FOSECO INDIA LTD              ,FOSECOIND ,EQ,N,6128.5,6128.5,6198.5,6015.5,6095.5,6078.0,-0.5384678143101901,183.0,2.986048788447418,-0.5384678143101901
2026-09-08,FRACTAL ANALYTICS LIMITED     ,FRACTAL   ,EQ,N,801.2,802.0,804.65,791.2,794.75,794.5,-0.8050424363454874,13.449999999999932,1.678731902146771,-0.9039900249376559
2026-09-08,FREDUN PHARMACEUTICALS L      ,FREDUN    ,EQ,N,1405.5,1409.9,1430.0,1320.1,1356.8,1360.0,-3.4649590892920705,109.90000000000009,7.819281394521529,-3.7662245549329834
2026-09-08,FRONTIER SPRINGS LTD.         ,FRONTSP   ,EQ,N,1268.0,1261.8,1267.4,1246.0,1258.2,1260.0,-0.7728706624605642,21.40000000000009,1.687697160883288,-0.2853067047075534
2026-09-08,FIRSTSOURCE SOLU. LTD.        ,FSL       ,EQ,N,259.6,261.0,261.0,256.5,257.8,258.95,-0.6933744221879858,4.5,1.7334360554699537,-1.226053639846739
2026-09-08,FUSION FINANCE LIMITED        ,FUSION    ,EQ,N,200.52,200.52,203.33,197.82,202.06,201.4,0.7680031917015719,5.510000000000019,2.7478555755037,0.7680031917015719
2026-09-08,GABRIEL INDIA LTD             ,GABRIEL   ,EQ,N,1363.5,1360.1,1395.0,1346.1,1389.6,1386.0,1.9141914191419074,48.90000000000009,3.586358635863593,2.1689581648408205
2026-09-08,GUJARAT AMBUJA EXPORTS LT     ,GAEL      ,EQ,N,165.48,165.89,170.3,164.35,167.3,168.0,1.0998307952622803,5.950000000000017,3.5956006768189614,0.8499608174091418
2026-09-08,GAIL (INDIA) LTD              ,GAIL      ,EQ,N,176.0,175.09,176.2,173.84,175.09,175.09,-0.5170454545454526,2.359999999999985,1.3409090909090826,0.0
2026-09-08,GAJA ALT ASSET MGT LTD        ,GAJA      ,EQ,N,155.42,156.9,157.2,152.54,153.64,153.5,-1.145283747265475,4.659999999999997,2.998327113627588,-2.0777565328234666
2026-09-08,GALA PRECISION ENG LTD        ,GALAPREC  ,EQ,N,1037.4,1028.0,1058.4,1020.0,1054.9,1058.0,1.6869095816464237,38.40000000000009,3.701561596298447,2.6167315175097365
2026-09-08,GALAXY SURFACTANTS LTD        ,GALAXYSURF,EQ,N,2136.6,2170.0,2283.4,2166.3,2251.9,2233.9,5.396424225404858,117.09999999999991,5.480670223719924,3.774193548387101
2026-09-08,GALLANTT ISPAT LIMITED        ,GALLANTT  ,EQ,N,572.45,571.0,571.7,556.3,561.65,563.0,-1.8866276530701487,15.400000000000091,2.6901912830815076,-1.6374781085814403
2026-09-08,GANDHAR OIL REFINE IND L      ,GANDHAR   ,EQ,N,264.85,263.15,265.95,261.3,264.05,262.75,-0.3020577685482391,4.649999999999977,1.755710779686606,0.3420102603078222
2026-09-08,GANDHI SPL. TUBES LTD         ,GANDHITUBE,EQ,N,898.55,904.0,904.0,878.0,892.95,881.0,-0.6232263090534649,26.0,2.89355072060542,-1.2223451327433579
2026-09-08,GANESHA ECOSPHERE LIMITED     ,GANECOS   ,EQ,N,990.0,990.0,1044.3,978.5,1040.4,1040.0,5.0909090909091,65.79999999999995,6.646464646464642,5.0909090909091
2026-09-08,GANESH CONSUMER PRODUCT L     ,GANESHCP  ,EQ,N,169.59,170.95,172.04,167.5,169.71,171.0,0.07075888908544403,4.539999999999992,2.67704463706586,-0.7253582918982046
2026-09-08,GANESH HOUSING LIMITED        ,GANESHHOU ,EQ,N,758.75,756.1,761.95,745.1,750.8,749.0,-1.0477759472817194,16.850000000000023,2.2207578253706783,-0.7009654807565227
2026-09-08,GANGA FORGING LIMITED         ,GANGAFORGE,EQ,N,1.63,1.64,1.64,1.58,1.59,1.59,-2.453987730061338,0.05999999999999983,3.6809815950920144,-3.0487804878048674
2026-09-08,GANGES SECURITIES LIMITED     ,GANGESSECU,EQ,N,121.89,120.4,121.8,116.5,118.63,119.3,-2.6745426203954423,5.299999999999997,4.348182787759453,-1.4700996677740947
2026-09-08,GARWARE TECH FIBRES LTD       ,GARFIBRES ,EQ,N,819.25,819.25,821.75,802.0,819.15,820.0,-0.012206286237415043,19.75,2.410741531888923,-0.012206286237415043
2026-09-08,GARUDA CONSTRUCT N ENG L      ,GARUDA    ,EQ,N,178.63,183.0,198.39,181.15,183.61,181.41,2.787885573531892,17.23999999999998,9.65123439511839,0.33333333333334075
2026-09-08,GATEWAY DISTRIPARKS LTD       ,GATEWAY   ,EQ,N,53.96,54.44,54.96,53.5,53.94,53.89,-0.03706449221646243,1.4600000000000009,2.705707931801336,-0.9184423218221895
2026-09-08,GAYATRI HIGHWAYS LIMITED      ,GAYAHWS   ,EQ,N,1.92,1.97,1.98,1.92,1.94,1.96,1.0416666666666676,0.06000000000000005,3.1250000000000027,-1.52284263959391
2026-09-08,GAYATRI PROJECTS LTD          ,GAYAPROJ  ,EQ,N,22.18,22.4,23.28,22.3,23.26,23.28,4.869251577998205,0.9800000000000004,4.418394950405773,3.8392857142857277
2026-09-08,GRETEX CORPORATE SERVICES     ,GCSL      ,EQ,N,601.85,602.9,608.8,595.65,598.25,595.65,-0.5981556866328857,13.149999999999977,2.1849297997839954,-0.7712721844418606
2026-09-08,GEEKAY WIRES LIMITED          ,GEEKAYWIRE,EQ,N,30.14,30.55,30.87,29.4,29.51,29.45,-2.090245520902452,1.4700000000000024,4.877239548772403,-3.4042553191489335
2026-09-08,GEM AROMATICS LIMITED         ,GEMAROMA  ,EQ,N,158.19,160.24,164.69,157.3,161.86,163.1,2.3199949427903257,7.389999999999986,4.671597446109101,1.0109835247129333
2026-09-08,GENERIC ENG CONS PROJ LTD     ,GENCON    ,EQ,N,41.98,42.3,42.66,41.31,41.89,42.65,-0.2143878037160465,1.3499999999999943,3.2158170557408154,-0.9692671394798975
2026-09-08,GENESYS INTL CORPN LTD        ,GENESYS   ,EQ,N,240.16,240.25,288.19,239.5,288.19,288.19,19.999167221852097,48.69,20.27398401065956,19.95421436004162
2026-09-08,GENUS P&B LIMITED             ,GENUSPAPER,EQ,N,13.22,13.48,13.79,12.67,12.86,12.95,-2.723146747352505,1.1199999999999992,8.472012102874427,-4.599406528189919
2026-09-08,GENUS POWER INFRASTRU LTD     ,GENUSPOWER,EQ,N,336.4,337.0,338.2,331.85,333.65,334.45,-0.8174791914387634,6.349999999999966,1.8876337693222254,-0.9940652818991166
2026-09-08,GEOJIT FINANCIAL SER L        ,GEOJITFSL ,EQ,N,82.78,82.95,83.04,77.85,81.08,81.79,-2.0536361439961377,5.190000000000012,6.269630345494096,-2.254370102471374
2026-09-08,THE GE SHPG.LTD               ,GESHIP    ,EQ,N,1376.7,1375.0,1397.7,1374.4,1383.8,1385.0,0.5157260114767132,23.299999999999955,1.6924529672404993,0.6399999999999967
2026-09-08,GFL LIMITED                   ,GFLLIMITED,EQ,N,62.17,62.9,63.59,59.21,60.17,60.29,-3.216985684413704,4.380000000000003,7.045198648866016,-4.340222575516688
2026-09-08,GRAND FOUNDRY LTD             ,GFSTEELS  ,EQ,N,15.0,16.5,16.5,16.5,16.5,16.5,10.0,0.0,0.0,0.0
2026-09-08,GHCL LIMITED                  ,GHCL      ,EQ,N,433.35,434.0,434.05,428.5,433.05,433.9,-0.0692281066112868,5.550000000000011,1.28071997230876,-0.21889400921658725
2026-09-08,GHCL TEXTILES LIMITED         ,GHCLTEXTIL,EQ,N,133.36,133.52,134.29,131.18,131.96,132.9,-1.0497900419916057,3.109999999999985,2.3320335932813325,-1.1683642899940099
2026-09-08,GIC HOUSING FINANCE LTD       ,GICHSGFIN ,EQ,N,140.42,140.42,141.9,138.5,138.73,138.94,-1.2035322603617704,3.4000000000000057,2.4213075060532727,-1.2035322603617704
2026-09-08,GLOBE INTL CARRIERS LTD       ,GICL      ,EQ,N,24.42,24.01,24.8,23.2,24.53,24.68,0.4504504504504481,1.6000000000000014,6.552006552006557,2.1657642648896274
2026-09-08,GENERAL INS CORP OF INDIA     ,GICRE     ,EQ,N,349.8,351.0,353.15,346.2,348.1,347.85,-0.48599199542595445,6.949999999999989,1.986849628359059,-0.8262108262108196
2026-09-08,GILLANDERS ARBUTHNOT LTD      ,GILLANDERS,EQ,N,104.63,104.63,104.63,100.11,101.81,103.0,-2.695211698365663,4.519999999999996,4.31998470801873,-2.695211698365663
2026-09-08,GILLETTE INDIA LTD            ,GILLETTE  ,EQ,N,7380.5,7360.0,7564.0,7311.5,7530.5,7506.0,2.032382629903123,252.5,3.4211774270035904,2.316576086956522
2026-09-08,UTIAMC-GILT10BETA             ,GILT10BETA,EQ,N,26.4,26.66,26.77,26.33,26.7,26.7,1.1363636363636391,0.4400000000000013,1.6666666666666714,0.15003750937734114
2026-09-08,UTIAMC-GILT5BETA              ,GILT5BETA ,EQ,N,66.94,67.18,67.18,65.96,66.8,66.8,-0.2091425156856895,1.220000000000013,1.8225276366895922,-0.5656445370646168
2026-09-08,RELCAPAMC - NETFGILT5Y        ,GILT5YBEES,EQ,N,66.31,67.66,68.3,66.15,66.33,66.42,0.03016136329361487,2.1499999999999915,3.242346554064231,-1.965710907478567
2026-09-08,GUJ IND POW CO. LTD           ,GIPCL     ,EQ,N,200.72,201.8,201.98,198.2,201.1,201.01,0.18931845356715596,3.780000000000001,1.8832204065364695,-0.34687809712587564
2026-09-08,GKB OPHTHALMICS LTD.          ,GKB       ,EQ,N,65.25,68.95,71.77,65.0,71.52,71.77,9.609195402298845,6.769999999999996,10.375478927203059,3.727338651196509
2026-09-08,GK ENERGY LIMITED             ,GKENERGY  ,EQ,N,129.46,131.3,133.88,127.51,129.61,129.8,0.11586590452649906,6.36999999999999,4.9204387455584655,-1.2871287128712854
2026-09-08,GUJARAT KIDNEY N SUP SP L     ,GKSL      ,EQ,N,176.34,176.34,179.8,174.0,175.19,175.06,-0.6521492571169364,5.800000000000011,3.2891006011114956,-0.6521492571169364
2026-09-08,GKW LIMITED                   ,GKWLIMITED,EQ,N,1550.6,1550.0,1584.0,1550.0,1551.7,1579.9,0.07094028118148694,34.0,2.192699600154779,0.10967741935484164
2026-09-08,GLAND PHARMA LIMITED          ,GLAND     ,EQ,N,2974.3,2979.9,2979.9,2901.9,2959.3,2960.0,-0.5043203442826883,78.0,2.6224657902699793,-0.6912983657169673
2026-09-08,GLAXOSMITHKLINE PHARMA LT     ,GLAXO     ,EQ,N,2957.8,2978.0,3001.3,2921.2,2928.2,2934.0,-1.000743796064655,80.10000000000036,2.708093853539805,-1.6722632639355335
2026-09-08,GLENMARK PHARMACEUTICALS      ,GLENMARK  ,EQ,N,2451.9,2469.9,2492.0,2439.0,2474.5,2474.5,0.9217341653411603,53.0,2.161588971817774,0.18624235799019834
2026-09-08,GUJARAT LEASE FINANCING L     ,GLFL      ,EQ,N,5.63,5.72,5.73,5.35,5.35,5.35,-4.973357015985795,0.3800000000000008,6.749555950266443,-6.46853146853147
2026-09-08,GLOBAL EDUCATION LIMITED      ,GLOBAL    ,EQ,N,120.15,120.49,129.4,120.46,126.62,126.72,5.3849354972950465,8.940000000000012,7.440699126092394,5.087559133538061
2026-09-08,GLOBALE TESSILE LIMITED       ,GLOBALE   ,EQ,N,11.4,11.15,11.74,10.85,10.91,10.91,-4.298245614035089,0.8900000000000006,7.807017543859654,-2.1524663677130063
2026-09-08,GLOBAL VEC HELICORP LTD       ,GLOBALVECT,EQ,N,139.64,141.0,142.43,138.26,139.29,140.7,-0.2506445144657651,4.170000000000016,2.9862503580636037,-1.2127659574468141
2026-09-08,GLOBE ENTERPRISE (I) LTD      ,GLOBE     ,EQ,N,1.86,1.84,1.88,1.84,1.87,1.88,0.5376344086021511,0.039999999999999813,2.150537634408592,1.630434782608697
2026-09-08,GLOBE CIVIL PROJECTS LTD      ,GLOBECIVIL,EQ,N,46.15,47.0,47.0,45.0,45.34,45.0,-1.7551462621885054,2.0,4.333694474539545,-3.531914893617014
2026-09-08,GLOBUS SPIRITS LTD            ,GLOBUSSPR ,EQ,N,895.1,894.0,894.5,852.1,861.45,863.6,-3.7593564964808377,42.39999999999998,4.736900904926821,-3.6409395973154313
2026-09-08,GLOSTER LIMITED               ,GLOSTERLTD,EQ,N,603.4,603.4,614.5,591.1,598.8,605.0,-0.7623467020218798,23.399999999999977,3.878024527676496,-0.7623467020218798
2026-09-08,GLOTTIS LIMITED               ,GLOTTIS   ,EQ,N,59.62,59.63,60.86,56.8,57.13,57.35,-4.176450855417637,4.060000000000002,6.809795370680984,-4.192520543350662
2026-09-08,G M BREWERIES LTD             ,GMBREW    ,EQ,N,941.4,941.4,941.4,921.35,927.75,926.55,-1.4499681325685128,20.049999999999955,2.1298066709156527,-1.4499681325685128
2026-09-08,GUJARAT MINERAL DEV CORP      ,GMDCLTD   ,EQ,N,557.6,558.1,576.1,552.75,568.85,568.65,2.0175753228120517,23.350000000000023,4.187589670014351,1.9261781042823864
2026-09-08,GMM PFAUDLER LIMITED          ,GMMPFAUDLR,EQ,N,1235.7,1262.8,1308.6,1235.7,1285.2,1285.0,4.005826656955572,72.89999999999986,5.899490167516376,1.7738359201773908
2026-09-08,GMR AIRPORTS LIMITED          ,GMRAIRPORT,EQ,N,95.94,95.94,97.28,95.74,97.0,97.0,1.1048572024181804,1.5400000000000063,1.6051698978528313,1.1048572024181804
2026-09-08,GMR POW AND URBAN INFRA L     ,GMRP&UI   ,EQ,N,93.57,93.57,96.05,91.75,95.61,95.52,2.180185957037519,4.299999999999997,4.595490007481027,2.180185957037519
2026-09-08,GNA AXLES LIMITED             ,GNA       ,EQ,N,543.2,546.9,564.0,543.8,553.4,553.5,1.8777614138438754,20.200000000000045,3.7187039764359433,1.1885170963613092
2026-09-08,GUJ NAR VAL FER & CHEM L      ,GNFC      ,EQ,N,597.9,599.9,601.0,586.15,589.1,589.0,-1.4718180297708572,14.850000000000023,2.4836929252383384,-1.8003000500083273
2026-09-08,GUJARAT NATURAL RES L         ,GNRL      ,EQ,N,113.96,115.0,117.8,106.7,108.95,109.1,-4.396279396279389,11.099999999999994,9.740259740259734,-5.260869565217389
2026-09-08,GOA CARBON LIMITED            ,GOACARBON ,EQ,N,382.55,387.0,393.0,382.15,386.25,385.0,0.9671938308717786,10.850000000000023,2.836230558096987,-0.1937984496124031
2026-09-08,GOCL CORPORATION LIMITED      ,GOCLCORP  ,EQ,N,436.95,433.55,441.9,433.0,435.6,435.0,-0.3089598352214134,8.899999999999977,2.036846321089364,0.4728405028255129
2026-09-08,GO FASHION INDIA LTD          ,GOCOLORS  ,EQ,N,329.7,330.5,330.95,325.45,327.45,327.25,-0.6824385805277525,5.5,1.6681831968456173,-0.9228441754916827
2026-09-08,GODAVARI BIOREFINERIES L      ,GODAVARIB ,EQ,N,244.95,244.95,246.89,240.0,244.37,245.98,-0.23678301694222662,6.889999999999986,2.81281894264135,-0.23678301694222662
2026-09-08,GODFREY PHILLIPS INDIA LT     ,GODFRYPHLP,EQ,N,2029.0,2024.0,2036.9,2003.0,2010.0,2010.0,-0.9364218827008379,33.90000000000009,1.6707737801872888,-0.691699604743083
2026-09-08,GO DIGIT GENERAL INS LTD      ,GODIGIT   ,EQ,N,256.6,255.05,261.45,254.5,259.15,259.1,0.9937646141854849,6.949999999999989,2.708495713172248,1.607527935698869
2026-09-08,GODREJ AGROVET LIMITED        ,GODREJAGRO,EQ,N,665.5,665.5,675.0,655.35,673.6,675.0,1.2171299774605593,19.649999999999977,2.952667167543197,1.2171299774605593
2026-09-08,GODREJ CONSUMER PRODUCTS      ,GODREJCP  ,EQ,N,861.9,866.5,870.95,855.15,865.0,865.0,0.3596704954171044,15.800000000000068,1.8331592992226555,-0.17311021350259664
2026-09-08,GODREJ INDUSTRIES LTD         ,GODREJIND ,EQ,N,1159.8,1152.0,1155.0,1130.2,1144.0,1140.1,-1.362303845490598,24.799999999999955,2.138299706846004,-0.6944444444444444
2026-09-08,GODREJ PROPERTIES LTD         ,GODREJPROP,EQ,N,1922.2,1920.0,1926.3,1885.1,1906.6,1906.6,-0.8115700759546424,41.200000000000045,2.1433773800853215,-0.6979166666666714
2026-09-08,GOKALDAS EXPORTS LTD.         ,GOKEX     ,EQ,N,776.95,774.0,783.6,768.4,781.3,782.7,0.5598815882617811,15.200000000000045,1.9563678486389142,0.9431524547803559
2026-09-08,GOKUL REFOILS & SOLV LTD      ,GOKUL     ,EQ,N,42.85,43.8,44.4,42.02,42.54,42.15,-0.7234539089848361,2.3799999999999955,5.554259043173851,-2.8767123287671192
2026-09-08,GOKUL AGRO RESOURCES LTD      ,GOKULAGRO ,EQ,N,231.69,231.45,240.0,229.79,233.15,232.44,0.6301523587552367,10.210000000000008,4.4067503992403685,0.7344998919853174
2026-09-08,KOTAK GOLD ETF                ,GOLD1     ,EQ,N,126.71,127.06,127.9,126.54,127.09,127.27,0.2998974035198561,1.3599999999999994,1.0733170231236677,0.02361089249173708
2026-09-08,360ONEAMC - GOLD360           ,GOLD360   ,EQ,N,147.85,148.4,149.55,147.55,148.25,148.8,0.27054447074738297,2.0,1.3527223537368955,-0.10107816711590678
2026-09-08,DSPAMC - DSPGOLD              ,GOLDADD   ,EQ,N,14.74,14.92,14.92,14.72,14.79,14.84,0.33921302578018275,0.1999999999999993,1.356852103120755,-0.8713136729222573
2026-09-08,AXISAMC-GOLDAXIS              ,GOLDAXIS  ,EQ,N,126.22,127.0,127.67,126.3,126.86,126.94,0.5070511804785299,1.3700000000000045,1.085406433211856,-0.1102362204724414
2026-09-08,NIP IND ETF GOLD BEES         ,GOLDBEES  ,EQ,N,125.58,126.0,126.7,125.29,125.84,125.88,0.20703933747412417,1.4099999999999966,1.1227902532250331,-0.12698412698412428
2026-09-08,UTIAMC-UTIGOLDBETA            ,GOLDBETA  ,EQ,N,128.0,128.25,129.0,127.5,128.15,128.3,0.11718750000000444,1.5,1.171875,-0.07797270955165249
2026-09-08,BANDHANAMC - GOLDBND          ,GOLDBND   ,EQ,N,151.8,152.69,153.17,151.26,152.36,152.42,0.36890645586297904,1.9099999999999966,1.258234519104082,-0.2161241731612968
2026-09-08,ZERODHAAMC - GOLDCASE         ,GOLDCASE  ,EQ,N,23.9,23.93,24.15,23.85,23.95,23.98,0.20920502092050508,0.29999999999999716,1.2552301255230007,0.08357709987463256
2026-09-08,MIRAEAMC - MAGOLDETF          ,GOLDETF   ,EQ,N,147.84,149.44,149.44,147.36,147.88,147.96,0.02705627705627167,2.079999999999984,1.406926406926396,-1.0438972162740914
2026-09-08,GOLDIAM INTERNATIONAL LTD     ,GOLDIAM   ,EQ,N,340.45,339.45,343.9,335.6,338.2,337.65,-0.6608899985313557,8.299999999999955,2.4379497723600982,-0.3682427456179113
2026-09-08,ICICI PRUDENTIAL GOLD ETF     ,GOLDIETF  ,EQ,N,130.01,131.25,131.3,129.8,130.38,130.41,0.284593492808249,1.5,1.153757403276671,-0.6628571428571463
2026-09-08,GOODLUCK INDIA LIMITED        ,GOODLUCK  ,EQ,N,479.75,480.0,528.8,465.05,515.65,518.0,7.483064095883268,63.74999999999994,13.288170922355382,7.427083333333329
2026-09-08,GOODYEAR INDIA LIMITED        ,GOODYEAR  ,EQ,N,730.8,730.8,734.85,723.5,725.2,723.6,-0.7662835249042022,11.350000000000023,1.5530925013683667,-0.7662835249042022
2026-09-08,GOPAL SNACKS LIMITED          ,GOPAL     ,EQ,N,266.3,267.7,267.7,263.0,264.2,263.0,-0.7885843034172071,4.699999999999989,1.7649267743146784,-1.307433694434068
2026-09-08,GOYAL ALUMINIUMS LIMITED      ,GOYALALUM ,EQ,N,6.16,6.33,6.33,6.13,6.21,6.23,0.8116883116883088,0.20000000000000018,3.2467532467532494,-1.8957345971563997
2026-09-08,GODAWARI POW & ISP LTD        ,GPIL      ,EQ,N,244.05,243.8,247.06,242.5,245.71,244.8,0.6801884859659891,4.560000000000002,1.8684695759065773,0.7834290401968813
2026-09-08,GUJARAT PIPAVAV PORT LTD      ,GPPL      ,EQ,N,160.98,160.9,162.96,159.56,160.58,161.0,-0.24847807181014864,3.4000000000000057,2.1120636103863872,-0.19888129272839847
2026-09-08,GPT HEALTHCARE LIMITED        ,GPTHEALTH ,EQ,N,161.37,161.37,164.4,159.0,160.7,161.49,-0.4151948937225109,5.400000000000006,3.346346904629117,-0.4151948937225109
2026-09-08,GPT INFRAPROJECTS LTD         ,GPTINFRA  ,EQ,N,111.76,111.2,113.0,110.5,111.42,110.65,-0.30422333571940174,2.5,2.2369362920544025,0.197841726618704
2026-09-08,GRADIENTE INFOTAINMENT L      ,GRADIENTE ,EQ,N,2.64,2.62,2.67,2.52,2.54,2.59,-3.7878787878787907,0.1499999999999999,5.681818181818178,-3.0534351145038197
2026-09-08,GRAND OAK CANYONS DIST L      ,GRANDOAK  ,EQ,N,35.86,36.25,36.25,34.36,34.56,35.0,-3.6252091466815317,1.8900000000000006,5.270496374790855,-4.662068965517236
2026-09-08,GRANULES INDIA LIMITED        ,GRANULES  ,EQ,N,867.3,869.0,899.85,865.0,895.35,892.0,3.2341750259425885,34.85000000000002,4.018217456474118,3.0322209436133516
2026-09-08,GRAPHITE INDIA LTD            ,GRAPHITE  ,EQ,N,717.1,718.0,743.9,713.0,734.25,734.95,2.3915771858876,30.899999999999977,4.309022451540925,2.2632311977715878
2026-09-08,GRASIM INDUSTRIES LTD         ,GRASIM    ,EQ,N,3302.4,3302.4,3318.2,3277.0,3306.8,3306.8,0.1332364341085299,41.19999999999982,1.2475775193798393,0.1332364341085299
2026-09-08,GRAUER & WEIL IND LTD         ,GRAUWEIL  ,EQ,N,71.45,71.88,73.2,70.53,72.01,72.1,0.7837648705388415,2.6700000000000017,3.7368789363191066,0.1808569838620057
2026-09-08,GRAVISS HOSPITALITY LTD.      ,GRAVISSHO ,EQ,N,28.66,28.67,28.67,28.67,28.67,28.67,0.03489183531054279,0.0,0.0,0.0
2026-09-08,GRAVITA INDIA LIMITED         ,GRAVITA   ,EQ,N,1676.9,1665.0,1690.0,1665.0,1682.3,1690.0,0.32202278012999364,25.0,1.4908462043055637,1.0390390390390363
2026-09-08,GREAVES COTTON LTD.           ,GREAVESCOT,EQ,N,194.45,195.5,195.8,192.31,193.06,192.65,-0.7148367189508801,3.490000000000009,1.7948058626896424,-1.248081841432224
2026-09-08,GREENLAM INDUSTRIES LTD.      ,GREENLAM  ,EQ,N,236.87,235.8,238.0,234.74,235.53,235.0,-0.565711149575718,3.259999999999991,1.3762823489677845,-0.11450381679389747
2026-09-08,GREENPANEL INDUSTRIES LTD     ,GREENPANEL,EQ,N,162.55,162.6,164.44,160.5,161.69,161.69,-0.5290679790833673,3.9399999999999977,2.423869578591201,-0.5596555965559634
2026-09-08,GREENPLY INDUSTRIES LTD       ,GREENPLY  ,EQ,N,302.2,305.35,305.35,297.35,299.35,298.9,-0.9430840502978047,8.0,2.6472534745201854,-1.9649582446373013
2026-09-08,ORIENT GREEN POWER CO LTD     ,GREENPOWER,EQ,N,9.23,9.19,9.29,9.1,9.14,9.15,-0.975081256771396,0.1899999999999995,2.0585048754062782,-0.5440696409140254
2026-09-08,GRINDWELL NORTON LIMITED      ,GRINDWELL ,EQ,N,1932.9,1933.0,1939.8,1910.0,1922.8,1927.4,-0.5225309121009952,29.799999999999955,1.5417248693672696,-0.5276771857216785
2026-09-08,G R INFRAPROJECTS LIMITED     ,GRINFRA   ,EQ,N,862.6,860.0,865.25,853.4,859.3,853.4,-0.38256434036634224,11.850000000000023,1.3737537676791123,-0.08139534883721458
2026-09-08,GRM OVERSEAS LIMITED          ,GRMOVER   ,EQ,N,85.8,85.15,88.91,85.01,88.17,88.1,2.762237762237768,3.8999999999999915,4.545454545454536,3.546682325308274
2026-09-08,THE GROB TEA COMPANY LTD      ,GROBTEA   ,EQ,N,959.15,966.0,966.0,966.0,966.0,966.0,0.7141740082364617,0.0,0.0,0.0
2026-09-08,BILLIONBRAINS GARAGE VN L     ,GROWW     ,EQ,N,194.73,194.78,195.58,193.0,195.24,195.3,0.2619010938222253,2.5800000000000125,1.3249114158065078,0.23616387719478793
2026-09-08,GROWWAMC - GROWWCAPM          ,GROWWCAPM ,EQ,N,11.56,11.54,11.59,11.4,11.43,11.46,-1.1245674740484495,0.1899999999999995,1.6435986159169507,-0.953206239168106
2026-09-08,GROWWAMC - GROWWCHEM          ,GROWWCHEM ,EQ,N,30.08,29.93,30.43,29.9,30.21,30.2,0.4321808510638383,0.5300000000000011,1.7619680851063868,0.9355162044771171
2026-09-08,GROWWAMC - GROWWDEFNC         ,GROWWDEFNC,EQ,N,97.75,98.0,101.0,97.75,99.97,100.36,2.2710997442455234,3.25,3.324808184143223,2.0102040816326516
2026-09-08,GROWWAMC - GROWWEV            ,GROWWEV   ,EQ,N,32.37,32.76,32.76,32.0,32.23,32.3,-0.4324992276799524,0.759999999999998,2.347852950262583,-1.6178266178266214
2026-09-08,GROWWAMC - GROWWGOLD          ,GROWWGOLD ,EQ,N,14.81,14.86,14.97,14.8,14.85,14.88,0.27008777852801585,0.16999999999999993,1.1478730587440913,-0.06729475100941984
2026-09-08,GROWWAMC - GROWWHOSPI         ,GROWWHOSPI,EQ,N,52.1,52.0,52.24,51.76,51.89,52.0,-0.40307101727447375,0.480000000000004,0.9213051823416583,-0.21153846153846045
2026-09-08,GROWWAMC - GROWWLIQID         ,GROWWLIQID,EQ,N,110.65,110.67,110.67,110.66,110.66,110.67,0.00903750564843281,0.010000000000005116,0.009037505648445653,-0.009035872413486143
2026-09-08,GROWWAMC - GROWWLOVOL         ,GROWWLOVOL,EQ,N,10.28,10.28,10.42,10.17,10.2,10.28,-0.7782101167315182,0.25,2.4319066147859925,-0.7782101167315182
2026-09-08,GROWWAMC - GROWWMC150         ,GROWWMC150,EQ,N,230.1,231.0,232.5,229.19,230.25,230.1,0.06518904823989817,3.3100000000000023,1.4385049978270328,-0.3246753246753247
2026-09-08,GROWWAMC - GROWWMETAL         ,GROWWMETAL,EQ,N,12.52,12.4,12.68,12.4,12.48,12.46,-0.319488817891367,0.27999999999999936,2.2364217252396115,0.6451612903225812
2026-09-08,GROWWAMC - GROWWMOM50         ,GROWWMOM50,EQ,N,11.0,11.2,11.2,10.96,11.05,11.1,0.454545454545461,0.23999999999999844,2.181818181818168,-1.3392857142857018
2026-09-08,GROWWAMC - GROWWN200          ,GROWWN200 ,EQ,N,11.27,11.55,11.55,11.16,11.17,11.23,-0.8873114463176544,0.39000000000000057,3.46051464063887,-3.2900432900432963
2026-09-08,GROWWAMC - GROWWNET           ,GROWWNET  ,EQ,N,10.79,10.7,11.06,10.09,10.86,10.85,0.6487488415199285,0.9700000000000006,8.98980537534755,1.4953271028037398
2026-09-08,GROWWAMC - GROWWNIFTY         ,GROWWNIFTY,EQ,N,9.6,9.36,9.66,9.36,9.58,9.66,-0.2083333333333289,0.3000000000000007,3.1250000000000075,2.350427350427357
2026-09-08,GROWWAMC - GROWWNXT50         ,GROWWNXT50,EQ,N,72.79,73.15,74.85,72.11,74.6,74.85,2.4866053029262094,2.739999999999995,3.764253331501573,1.9822282980177561
2026-09-08,GROWWAMC - GROWWPOWER         ,GROWWPOWER,EQ,N,11.2,11.23,11.38,11.21,11.34,11.33,1.250000000000005,0.16999999999999993,1.5178571428571423,0.9795191451469228
2026-09-08,GROWWAMC - GROWWPSE           ,GROWWPSE  ,EQ,N,97.95,96.0,99.6,96.0,98.16,99.6,0.21439509954057556,3.5999999999999943,3.675344563552827,2.2499999999999964
2026-09-08,GROWWAMC - GROWWPSUBK         ,GROWWPSUBK,EQ,N,84.67,84.67,85.48,83.51,84.49,84.23,-0.21259005550963364,1.9699999999999989,2.3266800519664566,-0.21259005550963364
2026-09-08,GROWWAMC - GROWWRAIL          ,GROWWRAIL ,EQ,N,28.0,28.22,28.22,27.7,27.79,27.85,-0.750000000000003,0.5199999999999996,1.8571428571428554,-1.5237420269312536
2026-09-08,GROWWAMC - GROWWRLTY          ,GROWWRLTY ,EQ,N,10.05,10.07,10.35,9.91,10.03,10.05,-0.19900497512439155,0.4399999999999995,4.378109452736314,-0.3972194637537331
2026-09-08,GROWWAMC - GROWWSC250         ,GROWWSC250,EQ,N,10.67,10.8,10.8,10.58,10.64,10.63,-0.28116213683223396,0.22000000000000064,2.061855670103099,-1.4814814814814827
2026-09-08,GROWWAMC - GROWWSLVR          ,GROWWSLVR ,EQ,N,22.53,22.9,22.94,22.55,22.65,22.69,0.5326231691078448,0.39000000000000057,1.7310252996005349,-1.091703056768559
2026-09-08,GRP LIMITED                   ,GRPLTD    ,EQ,N,2004.1,2042.0,2042.0,1962.0,2001.4,1981.0,-0.1347238161768284,80.0,3.99181677561,-1.9882468168462248
2026-09-08,GARDEN REACH SHIP&ENG LTD     ,GRSE      ,EQ,N,2506.6,2518.0,2568.9,2512.0,2525.7,2531.0,0.7619883507540057,56.90000000000009,2.270007181042053,0.3057982525814066
2026-09-08,GARWARE HI-TECH FILMS LTD     ,GRWRHITECH,EQ,N,6951.5,7006.0,7049.0,6900.5,6975.5,6948.0,0.34524922678558584,148.5,2.1362295907358124,-0.435341136168998
2026-09-08,BIRLASLAMC - GSEC10ABSL       ,GSEC10ABSL,EQ,N,111.61,112.93,112.93,111.72,112.93,112.93,1.1826897231430942,1.210000000000008,1.084132246214504,0.0
2026-09-08,DSPAMC - GSEC10ADD            ,GSEC10ADD ,EQ,N,26.81,26.81,26.83,26.47,26.83,26.83,0.07459903021260565,0.35999999999999943,1.342782543826928,0.07459903021260565
2026-09-08,ICICIPRAMC - ICICI10GS        ,GSEC10IETF,EQ,N,261.92,262.18,262.18,262.18,262.18,262.18,0.09926695174098613,0.0,0.0,0.0
2026-09-08,MIRAEAMC - MAGS813ETF         ,GSEC10YEAR,EQ,N,30.35,30.49,30.51,30.29,30.3,30.3,-0.16474464579901388,0.22000000000000242,0.7248764415156587,-0.6231551328304288
2026-09-08,ICICIPRAMC - ICICI5GSEC       ,GSEC5IETF ,EQ,N,66.5,66.72,67.11,66.2,66.24,66.92,-0.39097744360903025,0.9099999999999966,1.3684210526315739,-0.7194244604316606
2026-09-08,GUJ STATE FERT & CHEM LTD     ,GSFC      ,EQ,N,162.02,162.2,162.33,160.42,160.81,160.88,-0.7468213800765386,1.910000000000025,1.178866806567106,-0.8569667077681791
2026-09-08,GLOBAL SURFACES LIMITED       ,GSLSU     ,EQ,N,29.45,30.5,30.5,28.24,29.3,29.5,-0.5093378607809799,2.2600000000000016,7.674023769100176,-3.9344262295081944
2026-09-08,GSP CROP SCIENCE LIMITED      ,GSPCROP   ,EQ,N,600.95,600.0,606.7,480.8,531.0,527.9,-11.639903486146942,125.90000000000003,20.950162243115074,-11.5
2026-09-08,GSS INFOTECH LIMITED          ,GSS       ,EQ,N,11.02,11.34,11.34,10.83,10.96,10.98,-0.5444646098003514,0.5099999999999998,4.627949183303084,-3.350970017636676
2026-09-08,GTL LTD                       ,GTL       ,EQ,N,7.25,7.3,7.3,6.71,7.02,7.07,-3.172413793103454,0.5899999999999999,8.137931034482756,-3.835616438356168
2026-09-08,GTL INFRA.LTD                 ,GTLINFRA  ,EQ,N,1.2,1.21,1.22,1.17,1.18,1.19,-1.6666666666666683,0.050000000000000044,4.1666666666666705,-2.4793388429752086
2026-09-08,GTPL HATHWAY LIMITED          ,GTPL      ,EQ,N,58.91,59.0,59.13,57.67,58.08,58.25,-1.4089288745544022,1.4600000000000009,2.478356815481244,-1.5593220338983078
2026-09-08,GUFIC BIOSCIENCES LTD.        ,GUFICBIO  ,EQ,N,448.0,448.0,451.0,436.8,440.3,440.1,-1.7187499999999973,14.199999999999989,3.169642857142855,-1.7187499999999973
2026-09-08,GUJARAT ALKALIES & CHEM       ,GUJALKALI ,EQ,N,707.85,709.0,730.0,707.85,718.75,719.8,1.5398742671469912,22.149999999999977,3.1291940382849446,1.3751763046544427
2026-09-08,GUJ. APOLLO IND. LTD.         ,GUJAPOLLO ,EQ,N,345.2,348.05,348.6,341.5,342.2,341.5,-0.869061413673233,7.100000000000023,2.056778679026658,-1.6807929895130074
2026-09-08,GUJARAT ENERGY LIMITED        ,GUJENERGY ,EQ,N,261.93,261.93,262.9,258.91,260.18,260.0,-0.6681174359561715,3.9899999999999523,1.5233077539800526,-0.6681174359561715
2026-09-08,GUJARAT RAFFIA INDUST LTD     ,GUJRAFFIA ,EQ,N,40.9,40.0,42.0,40.0,41.95,41.95,2.5672371638141915,2.0,4.88997555012225,4.875000000000007
2026-09-08,GUJARAT THEMIS BIOSYN LTD     ,GUJTHEM   ,EQ,N,429.3,432.75,470.05,431.85,453.25,453.0,5.578849289541111,38.19999999999999,8.89820638248311,4.737146158290006
2026-09-08,GULF OIL LUB. IND. LTD.       ,GULFOILLUB,EQ,N,1052.8,1059.6,1061.0,1047.0,1057.6,1059.2,0.45592705167172826,14.0,1.3297872340425532,-0.1887504718761797
2026-09-08,GULSHAN POLYOLS LIMITED       ,GULPOLY   ,EQ,N,183.04,183.04,184.2,180.0,181.96,181.72,-0.5900349650349563,4.199999999999989,2.2945804195804134,-0.5900349650349563
2026-09-08,GE POWER INDIA LIMITED        ,GVPIL     ,EQ,N,655.15,662.45,673.8,651.35,656.2,658.0,0.1602686407692999,22.449999999999932,3.426696176448131,-0.9434674315042644
2026-09-08,GE VERNOVA T&D INDIA LTD      ,GVT&D     ,EQ,N,4367.2,4636.1,4793.0,4610.0,4750.0,4750.0,8.76534163766258,183.0,4.19032789888258,2.4568063674208847
2026-09-08,GYFTR LIMITED                 ,GYFTR     ,EQ,N,186.34,189.65,190.0,186.0,186.02,186.02,-0.1717290973489284,4.0,2.1466137168616504,-1.9140522014236727
2026-09-08,HINDUSTAN AERONAUTICS LTD     ,HAL       ,EQ,N,4855.2,4904.1,5072.0,4903.7,5031.1,5031.1,3.622919756137761,168.30000000000018,3.4663865546218524,2.589669868069574
2026-09-08,HALDER VENTURE LIMITED        ,HALDER    ,EQ,N,286.6,281.6,297.0,281.6,293.55,289.0,2.4249825540823404,15.399999999999977,5.3733426378227405,4.243607954545451
2026-09-08,HALEOS LABS LIMITED           ,HALEOSLABS,EQ,N,1462.0,1497.4,1497.4,1445.5,1448.1,1465.1,-0.9507523939808544,51.90000000000009,3.549931600547202,-3.2923734473086803
2026-09-08,HAMPTON SKY REALTY LTD.       ,HAMPTON   ,EQ,N,8.11,8.19,9.65,7.71,8.59,8.38,5.918618988902595,1.9400000000000004,23.92108508014797,4.884004884004889
2026-09-08,HAPPIEST MINDS TECHNO LTD     ,HAPPSTMNDS,EQ,N,343.5,341.25,349.35,338.1,345.65,344.85,0.6259097525473005,11.25,3.2751091703056767,1.2893772893772828
2026-09-08,HAPPY FORGINGS LIMITED        ,HAPPYFORGE,EQ,N,2231.4,2259.9,2260.0,2171.5,2230.3,2235.0,-0.04929640584386076,88.5,3.9661199247109438,-1.309792468693301
2026-09-08,HARDWYN INDIA LIMITED         ,HARDWYN   ,EQ,N,9.17,9.25,9.25,9.01,9.14,9.16,-0.3271537622682591,0.2400000000000002,2.617230098146131,-1.189189189189183
2026-09-08,HARIOM PIPE INDUSTRIES L      ,HARIOMPIPE,EQ,N,365.2,367.4,377.0,358.0,371.7,369.5,1.7798466593647317,19.0,5.2026286966046005,1.1703864997278202
2026-09-08,HARRISON MALAYALAM LTD        ,HARRMALAYA,EQ,N,189.85,193.0,193.0,189.0,189.92,189.5,0.0368712141164041,4.0,2.106926520937582,-1.595854922279799
2026-09-08,HARSHA ENGINEERS INT LTD      ,HARSHA    ,EQ,N,455.45,461.05,468.9,451.15,466.8,465.0,2.4920408387309303,17.75,3.8972444834778788,1.2471532371760112
2026-09-08,HATHWAY CABLE & DATACOM       ,HATHWAY   ,EQ,N,10.38,10.39,10.39,10.26,10.29,10.31,-0.867052023121403,0.13000000000000078,1.2524084778420113,-0.9624639076034786
2026-09-08,HATSUN AGRO PRODUCT LTD.      ,HATSUN    ,EQ,N,1132.8,1132.8,1218.2,1132.8,1198.0,1213.3,5.755649717514129,85.40000000000009,7.538841807909613,5.755649717514129
2026-09-08,HAVELLS INDIA LIMITED         ,HAVELLS   ,EQ,N,1150.0,1147.0,1147.6,1135.4,1140.0,1140.0,-0.8695652173913043,12.199999999999818,1.0608695652173756,-0.6102877070619006
2026-09-08,SRI HAVISHA HOSP & INFR L     ,HAVISHA   ,EQ,N,1.32,1.35,1.35,1.32,1.33,1.34,0.7575757575757582,0.030000000000000027,2.2727272727272747,-1.4814814814814827
2026-09-08,HAWKINS COOKERS LTD           ,HAWKINCOOK,EQ,N,8254.0,8395.0,8395.0,8171.0,8212.0,8200.0,-0.5088441967530893,224.0,2.7138357160164768,-2.179868969624777
2026-09-08,HAZOOR MULTI PROJECTS LTD     ,HAZOOR    ,EQ,N,19.85,20.0,20.13,19.66,19.97,20.13,0.6045340050377704,0.46999999999999886,2.367758186397979,-0.15000000000000568
2026-09-08,H B ESTATE DEVELOPERS L       ,HBESD     ,EQ,N,74.1,75.0,76.66,72.51,76.66,76.66,3.454790823211879,4.1499999999999915,5.600539811066116,2.2133333333333285
2026-09-08,HBL ENGINEERING LTD           ,HBLENGINE ,EQ,N,703.9,704.9,733.85,698.1,731.25,732.0,3.885495098735619,35.75,5.078846427049297,3.7381188821109412
2026-09-08,HB PORTFOLIO LTD.             ,HBPOR     ,EQ,N,60.46,60.5,62.0,57.03,61.79,61.79,2.199801521667215,4.969999999999999,8.220310949388022,2.1322314049586764
2026-09-08,HB STOCKHOLDINGS LIMITED      ,HBSL      ,EQ,N,52.43,53.5,56.0,53.26,54.01,54.01,3.0135418653442656,2.740000000000002,5.226015639900824,0.9532710280373795
2026-09-08,HINDUSTAN CONSTRUCTION CO     ,HCC       ,EQ,N,23.54,23.52,24.1,23.06,23.86,23.85,1.359388275276127,1.0400000000000027,4.41801189464742,1.4455782312925163
2026-09-08,HEALTHCARE GLOB. ENT. LTD     ,HCG       ,EQ,N,687.9,690.95,697.6,676.55,690.6,689.65,0.39249890972525736,21.050000000000068,3.0600377961913168,-0.050654895433826286
2026-09-08,HCL INFOSYSTEMS LTD           ,HCL-INSYS ,EQ,N,9.99,10.1,10.2,10.01,10.12,10.2,1.3013013013012915,0.1899999999999995,1.9019019019018968,0.1980198019801938
2026-09-08,HCL TECHNOLOGIES LTD          ,HCLTECH   ,EQ,N,1282.8,1281.4,1290.0,1268.2,1277.0,1277.0,-0.45213595260367595,21.799999999999955,1.6994075459931364,-0.34337443421258707
2026-09-08,HDB FINANCIAL SERVICES L      ,HDBFS     ,EQ,N,685.05,686.0,689.95,677.7,683.1,682.0,-0.2846507554193025,12.25,1.788190643018758,-0.4227405247813377
2026-09-08,HDFC AMC LIMITED              ,HDFCAMC   ,EQ,N,2432.0,2443.5,2454.0,2433.0,2447.3,2447.3,0.6291118421052707,21.0,0.8634868421052633,0.15551463065275964
2026-09-08,HDFC BANK LTD                 ,HDFCBANK  ,EQ,N,710.5,707.1,708.9,703.0,703.0,703.0,-1.0555946516537649,5.899999999999977,0.8304011259676253,-0.5798331211992678
2026-09-08,HDFCAMC - HDFCBSE500          ,HDFCBSE500,EQ,N,37.19,37.37,37.59,37.11,37.35,37.33,0.4302231782737395,0.480000000000004,1.2906695348211994,-0.05351886540004287
2026-09-08,HDFC GOLD ETF                 ,HDFCGOLD  ,EQ,N,129.88,130.15,130.9,129.5,130.18,130.2,0.23098244533416334,1.4000000000000057,1.0779180782260593,0.023050326546293614
2026-09-08,HDFCAMC - HDFCGROWTH          ,HDFCGROWTH,EQ,N,117.39,117.25,118.09,117.0,117.33,118.09,-0.0511116790186577,1.0900000000000034,0.9285288355055826,0.06823027718549961
2026-09-08,HDFC LIFE INS CO LTD          ,HDFCLIFE  ,EQ,N,533.2,539.9,547.8,533.65,533.8,533.8,0.11252813203299118,14.149999999999977,2.6537884471117734,-1.1298388590479762
2026-09-08,HDFCAMC - HDFCLIQUID          ,HDFCLIQUID,EQ,N,1076.85,1077.01,1077.01,1076.99,1077.0,1077.01,0.01392951664578084,0.01999999999998181,0.0018572688861012965,-0.0009284964856399575
2026-09-08,HDFCAMC - HDFCLOWVOL          ,HDFCLOWVOL,EQ,N,20.35,20.27,20.32,20.25,20.29,20.25,-0.294840294840306,0.07000000000000028,0.3439803439803454,0.0986679822397611
2026-09-08,HDFCAMC - HDFCMID150          ,HDFCMID150,EQ,N,23.38,23.75,23.75,23.3,23.42,23.44,0.17108639863132036,0.4499999999999993,1.924721984602221,-1.389473684210519
2026-09-08,HDFCAMC - HDFCMOMENT          ,HDFCMOMENT,EQ,N,31.0,31.0,31.3,30.98,31.23,31.18,0.7419354838709692,0.3200000000000003,1.03225806451613,0.7419354838709692
2026-09-08,HDFCAMC - HDFCNEXT50          ,HDFCNEXT50,EQ,N,74.38,74.6,74.78,74.1,74.5,74.78,0.1613336918526547,0.6800000000000068,0.9142242538316845,-0.13404825737264656
2026-09-08,HDFCAMC - HDFCNIF100          ,HDFCNIF100,EQ,N,25.76,26.31,26.31,25.62,25.71,25.72,-0.19409937888199033,0.6899999999999977,2.67857142857142,-2.280501710376275
2026-09-08,HDFCAMC - HDFCNIFBAN          ,HDFCNIFBAN,EQ,N,58.84,58.84,58.84,58.42,58.55,58.42,-0.4928619986403913,0.4200000000000017,0.7138001359619335,-0.4928619986403913
2026-09-08,HDFCAMC - HDFCNIFIT           ,HDFCNIFIT ,EQ,N,32.06,32.75,32.75,31.8,32.0,32.11,-0.18714909544604574,0.9499999999999993,2.963194011228943,-2.2900763358778624
2026-09-08,HDFCAMC - HDFCNIFTY           ,HDFCNIFTY ,EQ,N,268.29,268.29,273.0,266.83,267.23,267.02,-0.3950948600395103,6.170000000000016,2.299750270229981,-0.3950948600395103
2026-09-08,HDFCAMC - HDFCNIMEG           ,HDFCNIMEG ,EQ,N,131.56,132.19,132.71,131.0,131.8,132.13,0.18242626938279805,1.710000000000008,1.2997871693523928,-0.29502988123155033
2026-09-08,HDFCAMC HDFCPSUBK             ,HDFCPSUBK ,EQ,N,85.07,84.9,85.33,84.41,84.59,84.6,-0.5642412131185962,0.9200000000000017,1.0814623251440012,-0.36513545347467874
2026-09-08,HDFCAMC - HDFCPVTBAN          ,HDFCPVTBAN,EQ,N,28.25,28.16,28.25,27.99,28.04,28.01,-0.7433628318584101,0.26000000000000156,0.9203539823008904,-0.42613636363636714
2026-09-08,HDFCAMC - HDFCQUAL            ,HDFCQUAL  ,EQ,N,58.12,58.17,58.65,58.06,58.25,58.65,0.2236751548520347,0.5899999999999963,1.015141087405362,0.13752793536186744
2026-09-08,HDFCAMC - HDFCSENSEX          ,HDFCSENSEX,EQ,N,86.47,86.69,86.69,85.98,85.99,86.0,-0.5551058170463791,0.7099999999999937,0.821094021047755,-0.8074749106009953
2026-09-08,HDFCAMC - HDFCSILVER          ,HDFCSILVER,EQ,N,219.9,223.38,224.2,220.01,221.31,221.5,0.6412005457025906,4.189999999999998,1.9054115507048646,-0.926672038678482
2026-09-08,HDFCAMC - HDFCSML250          ,HDFCSML250,EQ,N,186.73,186.51,187.2,185.69,186.57,186.2,-0.08568521394526675,1.509999999999991,0.8086542066084673,0.03216985684413826
2026-09-08,HDFCAMC - HDFCVALUE           ,HDFCVALUE ,EQ,N,124.54,124.25,126.33,123.4,123.92,124.24,-0.49783202184037617,2.9299999999999926,2.3526577806327222,-0.2655935613682079
2026-09-08,HEADS UP VENTURES LIMITED     ,HEADSUP   ,EQ,N,7.02,7.0,7.67,6.75,7.04,6.75,0.2849002849002915,0.9199999999999999,13.105413105413104,0.571428571428572
2026-09-08,DSPAMC - HEALTHADD            ,HEALTHADD ,EQ,N,16.68,16.74,17.0,16.63,16.67,16.67,-0.05995203836929262,0.370000000000001,2.2182254196642748,-0.41816009557943096
2026-09-08,AXISAMC-HEALTHAXIS            ,HEALTHAXIS,EQ,N,168.11,168.0,169.68,168.0,169.31,169.31,0.7138183332341851,1.6800000000000068,0.9993456665278726,0.7797619047619061
2026-09-08,MIRAEAMC - HEALTHCARE         ,HEALTHCARE,EQ,N,21.64,21.67,21.88,21.62,21.82,21.82,0.8317929759704239,0.259999999999998,1.2014787430683826,0.6922011998154064
2026-09-08,ICICIPRAMC - ICICIPHARM       ,HEALTHIETF,EQ,N,169.45,169.45,171.3,169.07,170.85,171.3,0.8262024195928036,2.230000000000018,1.316022425494257,0.8262024195928036
2026-09-08,HEALTH X PLATFORM LIMITED     ,HEALTHX   ,EQ,N,296.9,301.35,312.4,300.0,302.6,302.5,1.919838329403855,12.399999999999977,4.176490400808346,0.41480006636801064
2026-09-08,BIRLASLAMC - HEALTHY          ,HEALTHY   ,EQ,N,17.03,17.45,17.45,16.93,17.09,17.09,0.3523194362888944,0.5199999999999996,3.0534351145038143,-2.0630372492836644
2026-09-08,HEC INFRA PROJECTS LTD        ,HECPROJECT,EQ,N,118.17,120.48,140.2,118.02,122.98,123.31,4.070407040704072,22.179999999999993,18.769569264618763,2.0750332005312084
2026-09-08,HEIDELBERGCEMENT (I) LTD      ,HEIDELBERG,EQ,N,160.56,161.49,161.49,158.62,159.72,159.6,-0.5231689088191351,2.8700000000000045,1.7874937717987074,-1.0960430986438852
2026-09-08,HEMISPHERE PROP IND LTD       ,HEMIPROP  ,EQ,N,125.08,124.5,125.44,124.05,124.41,124.49,-0.5356571794051821,1.3900000000000006,1.1112887751838827,-0.07228915662650875
2026-09-08,HERANBA INDUSTRIES LTD        ,HERANBA   ,EQ,N,169.62,170.0,175.99,169.21,172.8,173.1,1.874778917580478,6.780000000000001,3.9971701450300676,1.6470588235294186
2026-09-08,HERITAGE FOODS LTD            ,HERITGFOOD,EQ,N,384.15,385.0,385.15,376.5,382.15,382.2,-0.5206299622543278,8.649999999999977,2.2517245867499613,-0.7402597402597462
2026-09-08,HERO MOTOCORP LIMITED         ,HEROMOTOCO,EQ,N,5270.0,5305.0,5339.5,5285.0,5333.5,5333.5,1.2049335863377608,54.5,1.0341555977229602,0.5372290292177191
2026-09-08,HESTER BIOSCIENCES LTD        ,HESTERBIO ,EQ,N,2362.7,2354.7,2369.9,2290.0,2318.3,2344.9,-1.8792059931434224,79.90000000000009,3.381724298472091,-1.54584448125025
2026-09-08,HEXA TRADEX LIMITED           ,HEXATRADEX,EQ,N,158.58,159.98,165.9,157.11,157.34,157.3,-0.7819397149703677,8.789999999999992,5.542943624668931,-1.6502062757844647
2026-09-08,HEXAWARE TECHNOLOGIES LTD     ,HEXT      ,EQ,N,522.85,523.8,524.45,508.75,518.85,519.8,-0.7650377737400783,15.700000000000045,3.0027732619298164,-0.9450171821305713
2026-09-08,H.G.INFRA ENGINEERING LTD     ,HGINFRA   ,EQ,N,488.7,488.35,488.35,477.85,484.55,488.35,-0.849191733169629,10.5,2.148557397176182,-0.7781304392341581
2026-09-08,HANDSON GBL MNGMNT LTD        ,HGM       ,EQ,N,50.81,53.4,53.4,48.05,50.16,49.66,-1.279275733123412,5.350000000000001,10.52942334186184,-6.067415730337083
2026-09-08,HINDUJA GLOBAL SOLS. LTD.     ,HGS       ,EQ,N,395.55,395.1,398.4,382.8,387.95,387.0,-1.9213753002148966,15.599999999999966,3.943875616230556,-1.8096684383700414
2026-09-08,HIKAL LIMITED                 ,HIKAL     ,EQ,N,243.0,246.2,253.8,238.19,246.01,247.0,1.2386831275720127,15.610000000000014,6.4238683127572065,-0.07717303005686342
2026-09-08,HIGHWAY INFRASTRUCTURE L      ,HILINFRA  ,EQ,N,43.72,44.22,44.22,43.5,43.7,43.6,-0.04574565416284543,0.7199999999999989,1.6468435498627605,-1.1759384893713163
2026-09-08,HILTON METAL FORGING LTD      ,HILTON    ,EQ,N,18.64,18.66,18.99,18.5,18.65,18.66,0.05364806866951722,0.48999999999999844,2.6287553648068585,-0.05359056806002982
2026-09-08,HIMATSINGKA SEIDE LTD         ,HIMATSEIDE,EQ,N,70.15,70.15,70.24,68.8,69.46,69.56,-0.983606557377066,1.4399999999999977,2.0527441197434033,-0.983606557377066
2026-09-08,HINDUSTAN ADHESIVES LTD.      ,HINDADH   ,EQ,N,361.25,357.75,372.65,357.75,363.7,367.95,0.6782006920415193,14.899999999999977,4.124567474048437,1.6631726065688297
2026-09-08,HINDALCO  INDUSTRIES  LTD     ,HINDALCO  ,EQ,N,1006.0,1014.0,1024.7,1007.5,1009.0,1009.0,0.2982107355864811,17.200000000000045,1.7097415506958296,-0.4930966469428008
2026-09-08,HIND ALUMINIUM INDS. LTD.     ,HINDALUMI ,EQ,N,96.25,100.5,100.5,94.5,97.9,97.9,1.7142857142857202,6.0,6.233766233766234,-2.58706467661691
2026-09-08,HINDUSTAN COMPOSITES LTD.     ,HINDCOMPOS,EQ,N,398.75,398.5,400.0,382.75,395.35,394.0,-0.8526645768025022,17.25,4.326018808777429,-0.7904642409033821
2026-09-08,HINDCON CHEMICALS LIMITED     ,HINDCON   ,EQ,N,24.25,24.83,24.83,24.25,24.39,24.47,0.5773195876288684,0.5799999999999983,2.3917525773195805,-1.7720499395891975
2026-09-08,HINDUSTAN COPPER LTD          ,HINDCOPPER,EQ,N,509.1,520.0,537.0,520.0,532.85,533.0,4.665095266155961,17.0,3.3392260852484776,2.4711538461538507
2026-09-08,HINDUSTAN OIL EXPLORATION     ,HINDOILEXP,EQ,N,188.85,188.48,194.99,187.01,193.66,193.0,2.546994969552556,7.980000000000018,4.225575853852273,2.7483022071307337
2026-09-08,HINDUSTAN PETROLEUM CORP      ,HINDPETRO ,EQ,N,356.9,353.4,355.95,346.0,347.0,347.0,-2.773886242644992,9.949999999999989,2.7878957691230006,-1.8109790605546061
2026-09-08,HINDUSTAN UNILEVER LTD.       ,HINDUNILVR,EQ,N,1960.0,1967.0,1990.8,1956.7,1980.0,1980.0,1.0204081632653061,34.09999999999991,1.7397959183673422,0.6609049313675649
2026-09-08,HINDWARE HME INOVATON LTD     ,HINDWAREAP,EQ,N,182.54,182.54,182.54,180.0,180.28,180.02,-1.2380848033307719,2.539999999999992,1.3914758409115766,-1.2380848033307719
2026-09-08,HINDUSTAN ZINC LIMITED        ,HINDZINC  ,EQ,N,589.15,593.05,606.7,593.0,595.5,595.5,1.077823983705342,13.700000000000045,2.3253840278367215,0.41311862406205985
2026-09-08,HIRECT LIMITED                ,HIRECT    ,EQ,N,1211.9,1214.2,1305.0,1214.2,1281.4,1282.0,5.7347966003795685,90.79999999999995,7.4923673570426566,5.534508318234232
2026-09-08,HISAR METAL IND. LIMITED      ,HISARMETAL,EQ,N,162.02,165.2,165.26,160.24,160.26,160.24,-1.0862856437476973,5.019999999999982,3.0983829156894096,-2.990314769975786
2026-09-08,HI-TECH PIPES LIMITED         ,HITECH    ,EQ,N,75.96,75.86,75.9,74.5,75.4,75.48,-0.7372301211163614,1.4000000000000057,1.8430753027909503,-0.6063801740047374
2026-09-08,HLE GLASCOAT LIMITED          ,HLEGLAS   ,EQ,N,336.25,345.0,345.0,328.15,334.5,336.95,-0.5204460966542751,16.850000000000023,5.011152416356884,-3.0434782608695654
2026-09-08,HLV LIMITED                   ,HLVLTD    ,EQ,N,6.41,6.5,6.5,6.3,6.4,6.37,-0.15600624024960666,0.20000000000000018,3.1201248049922023,-1.538461538461533
2026-09-08,HMA AGRO INDUSTRIES LTD       ,HMAAGRO   ,EQ,N,20.66,20.8,21.08,19.9,20.01,19.95,-3.146176185866402,1.1799999999999997,5.711519845111325,-3.7980769230769185
2026-09-08,HINDUSTAN FOODS LIMITED       ,HNDFDS    ,EQ,N,628.9,627.55,637.6,620.0,623.5,620.2,-0.858642073461596,17.600000000000023,2.7985371283192912,-0.6453669030356075
2026-09-08,NIP IND ETF HANGSENG BEES     ,HNGSNGBEES,EQ,N,469.32,477.51,477.51,466.0,466.97,467.48,-0.5007244523992086,11.509999999999991,2.4524844455808386,-2.2072836170970165
2026-09-08,HOME FIRST FIN CO IND LTD     ,HOMEFIRST ,EQ,N,1233.7,1245.1,1248.1,1225.5,1237.1,1231.4,0.2755937424008968,22.59999999999991,1.831887817135439,-0.6425186731989398
2026-09-08,HONASA CONSUMER LIMITED       ,HONASA    ,EQ,N,468.9,468.95,483.0,468.95,476.05,475.2,1.5248453828108413,14.050000000000011,2.9963744934954173,1.5140206845079482
2026-09-08,HONEYWELL AUTOMATION IND      ,HONAUT    ,EQ,N,35565.0,35335.0,35725.0,34970.0,35060.0,35050.0,-1.4199353296780544,755.0,2.122873611696893,-0.7782651761709354
2026-09-08,HONDA I POWER PRODUCT LTD     ,HONDAPOWER,EQ,N,1999.8,2017.0,2018.2,1976.0,1981.7,1979.2,-0.9050905090509006,42.200000000000045,2.1102110211021126,-1.7501239464551293
2026-09-08,HORIZON INDUSTRIAL PRKS L     ,HORIZONIND,EQ,N,54.85,54.82,55.74,54.25,55.54,55.5,1.257976298997261,1.490000000000002,2.7164995442114894,1.3133892739875939
2026-09-08,HP ADHESIVES LIMITED          ,HPAL      ,EQ,N,35.7,35.5,36.18,35.17,35.42,35.67,-0.7843137254901992,1.009999999999998,2.8291316526610584,-0.22535211267605154
2026-09-08,HINDPRAKASH INDUSTRY LTD      ,HPIL      ,EQ,N,121.87,121.87,127.9,121.87,122.0,122.0,0.10667104291457738,6.030000000000001,4.947895298268647,0.10667104291457738
2026-09-08,HPL ELECTRIC & POWER LTD      ,HPL       ,EQ,N,301.55,301.55,305.55,300.3,303.0,303.45,0.480848947106612,5.25,1.741004808489471,0.480848947106612
2026-09-08,HARIYANA SHIP BREAKERS L      ,HRYNSHP   ,EQ,N,100.98,101.98,101.98,96.0,100.62,100.99,-0.3565062388591794,5.980000000000004,5.9219647454941615,-1.333594822514218
2026-09-08,HSBCAMC - HSBCGOLD            ,HSBCGOLD  ,EQ,N,132.11,133.41,133.41,132.05,132.67,132.66,0.42388918325635744,1.3599999999999852,1.029445159336905,-0.5546810583914318
2026-09-08,HIMADRI SPECIALITY CHEM L     ,HSCL      ,EQ,N,672.65,676.3,680.5,667.15,670.65,671.9,-0.29733145023414853,13.350000000000023,1.984687430312945,-0.8354280644684279
2026-09-08,HT MEDIA LIMITED              ,HTMEDIA   ,EQ,N,25.7,25.74,26.15,25.11,25.41,25.5,-1.128404669260697,1.0399999999999991,4.046692607003887,-1.2820512820512755
2026-09-08,HUBTOWN LIMITED               ,HUBTOWN   ,EQ,N,189.91,188.48,190.0,184.59,185.56,184.99,-2.2905586856932203,5.409999999999997,2.8487178137012252,-1.549235993208822
2026-09-08,HSG & URBAN DEV CORPN LTD     ,HUDCO     ,EQ,N,179.24,178.1,178.99,177.0,178.26,178.7,-0.546752956929267,1.990000000000009,1.1102432492747205,0.08983717012913903
2026-09-08,HUHTAMAKI INDIA LIMITED       ,HUHTAMAKI ,EQ,N,250.05,248.55,253.2,247.5,250.7,251.9,0.2599480103979113,5.699999999999989,2.279544091181759,0.8650170991752072
2026-09-08,MIRAEAMC - HYBRIDETF          ,HYBRIDETF ,EQ,N,10.05,10.08,10.1,10.05,10.07,10.1,0.19900497512437385,0.049999999999998934,0.49751243781093457,-0.09920634920634709
2026-09-08,HYUNDAI MOTOR INDIA LTD       ,HYUNDAI   ,EQ,N,2210.0,2200.0,2222.0,2198.9,2220.0,2220.0,0.4524886877828055,23.09999999999991,1.0452488687782764,0.9090909090909091
2026-09-08,INDIABULLS LIMITED            ,IBULLSLTD ,EQ,N,25.7,25.51,26.39,25.23,25.95,25.86,0.9727626459143969,1.1600000000000001,4.513618677042802,1.724813798510379
2026-09-08,ICDS LTD                      ,ICDSLTD   ,EQ,N,67.32,65.1,66.0,60.59,61.26,60.81,-9.001782531194289,5.409999999999997,8.036244800950678,-5.898617511520732
2026-09-08,ICE MAKE REFRIGERAT LTD       ,ICEMAKE   ,EQ,N,724.75,723.9,733.0,720.0,730.35,731.0,0.7726802345636458,13.0,1.7937219730941705,0.8910070451719914
2026-09-08,ICICI PRUDENTIAL AMC LTD      ,ICICIAMC  ,EQ,N,3013.7,3001.0,3031.9,2983.8,3013.0,3001.0,-0.02322726216942025,48.09999999999991,1.5960447290705746,0.39986671109630123
2026-09-08,ICICIPRAMC - BHARATIWIN       ,ICICIB22  ,EQ,N,113.84,113.49,114.48,113.46,113.91,114.0,0.061489810260008056,1.0200000000000102,0.8959943780744994,0.37007665873645407
2026-09-08,ICICI BANK LTD.               ,ICICIBANK ,EQ,N,1427.5,1424.0,1424.9,1396.3,1399.4,1399.4,-1.9684763572679447,28.600000000000136,2.003502626970237,-1.7275280898876342
2026-09-08,ICICI LOMBARD GIC LIMITED     ,ICICIGI   ,EQ,N,1493.4,1500.0,1503.3,1474.5,1484.4,1484.4,-0.6026516673362796,28.799999999999955,1.9284853354760916,-1.0399999999999938
2026-09-08,ICICI PRU LIFE INS CO LTD     ,ICICIPRULI,EQ,N,470.65,476.85,478.35,466.25,469.3,469.3,-0.28683735259746435,12.100000000000023,2.570912567725491,-1.5833071196393016
2026-09-08,INDO COUNT INDUSTRIES LTD     ,ICIL      ,EQ,N,453.7,451.75,453.45,437.95,450.85,448.95,-0.6281683932113656,15.5,3.4163544192197492,-0.19922523519645316
2026-09-08,ICRA LIMITED                  ,ICRA      ,EQ,N,4929.4,4949.9,4955.0,4833.1,4854.4,4850.0,-1.5214833448289853,121.89999999999964,2.472917596462037,-1.9293319056950646
2026-09-08,IDBI BANK LIMITED             ,IDBI      ,EQ,N,90.75,91.3,92.0,79.05,81.11,81.22,-10.622589531680442,12.950000000000003,14.269972451790636,-11.161007667031761
2026-09-08,VODAFONE IDEA LIMITED         ,IDEA      ,EQ,N,15.6,15.58,15.58,15.31,15.42,15.42,-1.153846153846152,0.2699999999999996,1.7307692307692282,-1.0269576379974337
2026-09-08,IDEAFORGE TECHNO LTD          ,IDEAFORGE ,EQ,N,765.45,771.0,799.0,771.0,775.2,777.0,1.273760533019792,28.0,3.6579789666209415,0.5447470817120681
2026-09-08,IDFC FIRST BANK LIMITED       ,IDFCFIRSTB,EQ,N,86.44,86.44,87.1,86.02,86.5,86.5,0.06941230911615257,1.0799999999999983,1.2494215640906967,0.06941230911615257
2026-09-08,BANDHANAMC - IDFNIFTYET       ,IDFNIFTYET,EQ,N,262.43,262.3,262.54,261.02,261.92,262.1,-0.19433753762907857,1.5200000000000387,0.5792020729337494,-0.1448722836446799
2026-09-08,INDIAN ENERGY EXC LTD         ,IEX       ,EQ,N,117.5,117.5,117.75,116.0,116.54,116.54,-0.8170212765957394,1.75,1.4893617021276597,-0.8170212765957394
2026-09-08,IFB AGRO INDUSTRIES LTD       ,IFBAGRO   ,EQ,N,896.25,914.2,914.2,884.05,887.05,888.0,-1.0264993026499354,30.15000000000009,3.3640167364016835,-2.96980966965654
2026-09-08,IFB INDUSTRIES LTD            ,IFBIND    ,EQ,N,1313.6,1314.0,1314.9,1290.0,1296.0,1297.0,-1.3398294762484708,24.90000000000009,1.8955542021924552,-1.36986301369863
2026-09-08,IFCI LTD                      ,IFCI      ,EQ,N,102.51,103.4,103.59,91.77,92.61,92.25,-9.657594381036,11.820000000000007,11.530582382206621,-10.435203094777568
2026-09-08,IFGL REFRACTORIES LIMITED     ,IFGLEXPOR ,EQ,N,203.79,203.97,205.56,195.0,198.22,199.5,-2.7332057510182017,10.560000000000002,5.181804799057855,-2.8190420159827427
2026-09-08,IGARASHI MOTORS INDIA LTD     ,IGARASHI  ,EQ,N,415.15,412.05,417.5,412.05,415.6,415.0,0.10839455618452257,5.449999999999989,1.3127785137901935,0.8615459288921274
2026-09-08,INDOGULF CROPSCIENCES LTD     ,IGCL      ,EQ,N,72.48,73.47,73.47,72.1,72.54,72.2,0.08278145695364551,1.3700000000000045,1.8901766004415073,-1.2658227848101165
2026-09-08,INTL GEMOLOGICAL INST LTD     ,IGIL      ,EQ,N,318.0,318.0,320.05,314.35,318.1,319.0,0.03144654088051029,5.699999999999989,1.7924528301886757,0.03144654088051029
2026-09-08,INDRAPRASTHA GAS LTD          ,IGL       ,EQ,N,154.8,153.25,154.49,152.7,154.02,153.7,-0.5038759689922487,1.7900000000000205,1.1563307493540183,0.5024469820554717
2026-09-08,I G PETROCHEMICALS LTD        ,IGPL      ,EQ,N,558.8,564.35,590.0,560.15,584.55,588.0,4.608088761632069,29.850000000000023,5.341803865425917,3.5793390626384216
2026-09-08,IIFL FINANCE LIMITED          ,IIFL      ,EQ,N,654.05,660.2,675.8,616.4,628.0,626.3,-3.9828759269168956,59.39999999999998,9.081874474428558,-4.87730990608907
2026-09-08,IIFL CAPITAL SERVICES LTD     ,IIFLCAPS  ,EQ,N,340.45,341.95,341.95,339.0,339.4,339.05,-0.3084153326479693,2.9499999999999886,0.866500220296663,-0.7457230589267471
2026-09-08,INDUSTRIAL INV TRUST LTD      ,IITL      ,EQ,N,140.1,141.01,159.15,139.08,149.88,149.25,6.980728051391864,20.069999999999993,14.325481798715197,6.290334018863914
2026-09-08,IKIO TECHNOLOGIES LIMITED     ,IKIO      ,EQ,N,202.98,202.0,226.78,201.98,219.73,220.0,8.252044536407528,24.80000000000001,12.217952507636227,8.777227722772272
2026-09-08,INVENTURUS KNOWLEDGE SO L     ,IKS       ,EQ,N,1788.0,1800.0,1813.2,1769.8,1780.0,1782.5,-0.44742729306487694,43.40000000000009,2.4272930648769626,-1.1111111111111112
2026-09-08,IMAGICAAWORLD ENT LTD         ,IMAGICAA  ,EQ,N,54.86,56.5,56.51,54.3,54.43,54.9,-0.7838133430550487,2.210000000000001,4.028436018957347,-3.6637168141592924
2026-09-08,INDIAN METALS & FERRO         ,IMFA      ,EQ,N,1286.9,1287.0,1315.0,1283.1,1306.7,1309.0,1.5385810863314908,31.90000000000009,2.478825083534081,1.5306915306915343
2026-09-08,IND MOTOR PART & ACC LTD      ,IMPAL     ,EQ,N,1114.2,1130.9,1170.0,1090.5,1151.5,1120.0,3.347693412313763,79.5,7.135164243403339,1.8215580511097273
2026-09-08,INSOLATION ENERGY LIMITED     ,INA       ,EQ,N,92.77,92.77,95.69,90.38,93.12,93.7,0.3772771370055067,5.310000000000002,5.7238331357119785,0.3772771370055067
2026-09-08,INCREDIBLE INDUSTRIES LTD     ,INCREDIBLE,EQ,N,32.34,32.48,32.48,31.31,31.78,31.51,-1.7316017316017385,1.1699999999999982,3.617810760667897,-2.1551724137930903
2026-09-08,INDBANK MERCH BANK            ,INDBANK   ,EQ,N,28.16,28.68,28.68,27.6,27.69,27.63,-1.669034090909087,1.0799999999999983,3.8352272727272667,-3.451882845188279
2026-09-08,INDEGENE LIMITED              ,INDGN     ,EQ,N,599.35,597.0,603.6,579.2,589.2,591.0,-1.693501293067486,24.399999999999977,4.07107700008342,-1.3065326633165752
2026-09-08,THE INDIAN HOTELS CO. LTD     ,INDHOTEL  ,EQ,N,716.2,712.6,723.55,712.6,720.0,720.0,0.5305780508237858,10.949999999999932,1.5289025411896022,1.0384507437552593
2026-09-08,THE INDIA CEMENTS LIMITED     ,INDIACEM  ,EQ,N,356.1,356.0,357.55,352.4,353.45,353.2,-0.7441729851165498,5.150000000000034,1.44622297107555,-0.7162921348314638
2026-09-08,INDIAMART INTERMESH LTD       ,INDIAMART ,EQ,N,1706.4,1700.1,1714.1,1681.0,1684.5,1686.7,-1.2834036568213836,33.09999999999991,1.939756211908105,-0.9175930827598324
2026-09-08,INDIAN BANK                   ,INDIANB   ,EQ,N,869.4,868.5,868.9,855.15,859.9,859.9,-1.092707614446745,13.75,1.5815504945939731,-0.9902130109384021
2026-09-08,INDIAN CARD CLOTHING CO.      ,INDIANCARD,EQ,N,217.85,224.4,224.99,212.19,218.81,218.54,0.4406701859077384,12.800000000000011,5.8756024787698005,-2.491087344028522
2026-09-08,INDIAN HUME PIPE CO. LTD.     ,INDIANHUME,EQ,N,394.9,393.6,395.0,385.6,388.9,390.0,-1.5193719929095975,9.399999999999977,2.3803494555583637,-1.194105691056922
2026-09-08,INDIA SHELTER FIN CORP L      ,INDIASHLTR,EQ,N,672.15,670.0,675.0,667.5,671.7,672.9,-0.06694934166479681,7.5,1.1158223610801161,0.2537313432835889
2026-09-08,INTERGLOBE AVIATION LTD       ,INDIGO    ,EQ,N,5001.0,4971.0,5022.5,4952.0,5000.0,5000.0,-0.01999600079984003,70.5,1.4097180563887222,0.5833836250251458
2026-09-08,INDIGO PAINTS LIMITED         ,INDIGOPNTS,EQ,N,1178.0,1172.0,1176.2,1131.0,1140.3,1139.0,-3.200339558573858,45.200000000000045,3.8370118845500887,-2.704778156996591
2026-09-08,INDIQUBE SPACES LIMITED       ,INDIQUBE  ,EQ,N,202.13,203.61,206.85,198.02,205.09,206.18,1.464404096373625,8.829999999999984,4.368475733438868,0.7268798192623102
2026-09-08,INDIA NIPPON ELECT  LTD       ,INDNIPPON ,EQ,N,1128.4,1130.1,1135.9,1092.0,1122.3,1125.0,-0.5405884438142623,43.90000000000009,3.89046437433535,-0.6902044066896695
2026-09-08,INDO BORAX & CHEMICAL LTD     ,INDOBORAX ,EQ,N,503.95,503.3,515.45,503.1,511.05,511.0,1.4088699275721843,12.350000000000023,2.450639944438937,1.5398370753030002
2026-09-08,INDOCO REMEDIES LTD.          ,INDOCO    ,EQ,N,250.7,250.73,256.88,243.0,244.25,244.0,-2.572796170721974,13.879999999999995,5.5364978061427985,-2.5844533960834326
2026-09-08,INDO FARM EQUIPMENT LTD       ,INDOFARM  ,EQ,N,131.65,141.0,150.19,138.92,144.16,143.8,9.502468666919855,11.27000000000001,8.560577288264344,2.241134751773047
2026-09-08,INDOKEM LTD.                  ,INDOKEM   ,EQ,N,636.35,649.85,649.85,624.9,627.4,630.0,-1.4064587098295036,24.950000000000045,3.920798302820782,-3.4546433792413707
2026-09-08,INDO-MIM LIMITED              ,INDOMIM   ,EQ,N,946.7,951.0,989.0,943.75,968.95,967.0,2.3502693567127917,45.25,4.779761276011408,1.8874868559411193
2026-09-08,INDO RAMA SYNTHETICS LTD      ,INDORAMA  ,EQ,N,73.56,74.25,76.0,70.72,74.98,75.36,1.9303969548667774,5.280000000000001,7.177814029363786,0.9831649831649886
2026-09-08,INDOSTAR CAPITAL FIN LTD      ,INDOSTAR  ,EQ,N,253.08,253.95,254.55,250.0,251.29,250.0,-0.7072862336020311,4.550000000000011,1.7978504820610128,-1.0474502854892682
2026-09-08,INDO TECH TRANSFORM LTD.      ,INDOTECH  ,EQ,N,3666.6,3679.9,3848.9,3600.0,3696.8,3699.7,0.8236513391152641,248.9000000000001,6.788305241913492,0.45925161009810295
2026-09-08,INDO THAI SEC LTD             ,INDOTHAI  ,EQ,N,37.53,39.4,39.4,39.4,39.4,39.4,4.98268052224886,0.0,0.0,0.0
2026-09-08,INDO US BIOTECH LTD           ,INDOUS    ,EQ,N,78.74,78.81,83.0,78.05,78.85,80.33,0.1397002794005581,4.950000000000003,6.286512573025151,0.05075498033243502
2026-09-08,INDOWIND ENERGY LTD           ,INDOWIND  ,EQ,N,8.91,9.09,9.1,8.65,8.85,8.94,-0.673400673400679,0.4499999999999993,5.050505050505043,-2.640264026402643
2026-09-08,INDUSTRIAL & PRU INV CO L     ,INDPRUD   ,EQ,N,6385.0,6389.0,6389.0,6200.0,6210.0,6210.0,-2.74079874706343,189.0,2.9600626468285043,-2.801690405384254
2026-09-08,INDRAPRASTHA MEDICAL CORP     ,INDRAMEDCO,EQ,N,351.4,351.95,356.2,348.45,355.15,355.25,1.0671599317017646,7.75,2.2054638588503135,0.9092200596675633
2026-09-08,IND SWIFT LABORATORIES LT     ,INDSWFTLAB,EQ,N,368.7,368.7,401.45,368.7,388.3,389.0,5.315975047464069,32.75,8.882560347165718,5.315975047464069
2026-09-08,IND TERRAIN FASHIONS LTD      ,INDTERRAIN,EQ,N,30.74,30.0,30.45,30.0,30.3,30.37,-1.4313597918022047,0.4499999999999993,1.4638906961613511,1.0000000000000024
2026-09-08,INDUSIND BANK LIMITED         ,INDUSINDBK,EQ,N,998.0,991.6,1004.7,988.3,997.7,997.7,-0.030060120240476405,16.40000000000009,1.6432865731463016,0.6151674062121846
2026-09-08,INDUS TOWERS LIMITED          ,INDUSTOWER,EQ,N,376.45,376.45,376.95,370.0,373.05,373.05,-0.9031743923495755,6.949999999999989,1.8461947137734067,-0.9031743923495755
2026-09-08,INFOBEANS TECHNO. LTD.        ,INFOBEAN  ,EQ,N,159.73,159.2,160.13,157.1,158.61,157.6,-0.70118324672884,3.030000000000001,1.896951104989671,-0.3706030150753612
2026-09-08,INFOMEDIA PRESS LIMITED       ,INFOMEDIA ,EQ,N,5.43,5.21,5.8,5.21,5.53,5.42,1.8416206261510228,0.5899999999999999,10.865561694290975,6.142034548944343
2026-09-08,MIRAEAMC - INFRA              ,INFRA     ,EQ,N,11.98,11.97,12.04,11.95,12.01,12.03,0.2504173622704454,0.08999999999999986,0.751252086811351,0.3341687552213797
2026-09-08,NIP IND ETF INFRA BEES        ,INFRABEES ,EQ,N,949.48,949.48,951.07,943.89,947.27,951.07,-0.23275898386485616,7.180000000000064,0.7562033955428302,-0.23275898386485616
2026-09-08,ICICIPRAMC - ICICIINFRA       ,INFRAIETF ,EQ,N,94.39,94.39,95.14,93.81,94.76,93.81,0.3919906769784983,1.3299999999999983,1.4090475685983668,0.3919906769784983
2026-09-08,INFOSYS LIMITED               ,INFY      ,EQ,N,1087.5,1095.0,1095.0,1078.9,1082.0,1082.0,-0.5057471264367815,16.09999999999991,1.480459770114934,-1.187214611872146
2026-09-08,INGERSOLL-RAND INDIA LTD      ,INGERRAND ,EQ,N,4730.3,4754.0,4769.9,4692.3,4741.7,4760.0,0.24099951377290313,77.59999999999945,1.6404879183138372,-0.2587294909549891
2026-09-08,INNOVA CAPTAB LIMITED         ,INNOVACAP ,EQ,N,1164.4,1172.0,1185.8,1164.0,1171.8,1180.0,0.6355204397114276,21.799999999999955,1.8722088629336955,-0.017064846416386132
2026-09-08,INNOVANA THINKLABS LTD        ,INNOVANA  ,EQ,N,301.65,300.6,314.4,300.1,300.55,300.1,-0.36466103099617636,14.299999999999955,4.740593402950425,-0.01663339986693658
2026-09-08,INNOVISION LIMITED            ,INNOVISION,EQ,N,256.25,254.15,258.9,250.75,252.0,252.75,-1.6585365853658538,8.149999999999977,3.1804878048780396,-0.8459571119417688
2026-09-08,INOX GREEN ENERGY SER LTD     ,INOXGREEN ,EQ,N,172.28,172.28,176.0,169.61,174.42,175.01,1.2421639192012923,6.389999999999986,3.709078244717893,1.2421639192012923
2026-09-08,INOX INDIA LIMITED            ,INOXINDIA ,EQ,N,2231.4,2243.4,2253.1,2137.7,2215.9,2228.5,-0.694631173254459,115.40000000000009,5.171641122165461,-1.225817954889899
2026-09-08,INOX WIND LIMITED             ,INOXWIND  ,EQ,N,75.6,75.67,76.08,74.5,75.71,75.71,0.14550264550264477,1.5799999999999983,2.089947089947088,0.05286110744019036
2026-09-08,INSECTICIDES (I) LTD          ,INSECTICID,EQ,N,606.5,604.8,612.95,602.55,610.2,610.0,0.6100577081615903,10.400000000000091,1.7147568013190586,0.8928571428571579
2026-09-08,INSPIRISYS SOLUTIONS LTD      ,INSPIRISYS,EQ,N,88.75,89.0,91.99,87.5,90.52,89.61,1.994366197183094,4.489999999999995,5.059154929577459,1.7078651685393216
2026-09-08,ICICIPRAMC - INSUREIETF       ,INSUREIETF,EQ,N,15.06,15.13,15.14,14.93,14.98,14.97,-0.5312084993359899,0.21000000000000085,1.3944223107569778,-0.9914077990746885
2026-09-08,INTELLECT DESIGN ARENA        ,INTELLECT ,EQ,N,682.15,688.0,694.95,677.0,691.8,689.9,1.4146448728285534,17.950000000000045,2.6313860587847313,0.5523255813953423
2026-09-08,INTENSE TECHNOLOGIES LTD      ,INTENTECH ,EQ,N,80.71,80.31,81.6,78.25,79.66,80.3,-1.3009540329574987,3.3499999999999943,4.150662867054882,-0.8093637156020491
2026-09-08,INTERARCH BLDNG SOLTN LTD     ,INTERARCH ,EQ,N,1703.5,1703.9,1765.9,1685.0,1753.5,1765.9,2.9351335485764602,80.90000000000009,4.749046081596718,2.9109689535770826
2026-09-08,MIRAEAMC - INTERNET           ,INTERNET  ,EQ,N,14.53,14.24,14.79,14.24,14.6,14.62,0.4817618719889903,0.5499999999999989,3.785271851342044,2.5280898876404456
2026-09-08,INTL CONVEYORS LIMITED        ,INTLCONV  ,EQ,N,79.92,80.53,81.02,79.1,79.61,79.1,-0.38788788788789075,1.9200000000000017,2.4024024024024047,-1.142431392027818
2026-09-08,INVENTURE GRO & SEC LTD       ,INVENTURE ,EQ,N,0.92,0.92,0.93,0.92,0.92,0.93,0.0,0.010000000000000009,1.0869565217391313,0.0
2026-09-08,INDIAN OVERSEAS BANK          ,IOB       ,EQ,N,33.1,33.1,33.45,32.9,33.34,33.4,0.7250755287009123,0.5500000000000043,1.6616314199395898,0.7250755287009123
2026-09-08,INDIAN OIL CORP LTD           ,IOC       ,EQ,N,135.15,134.88,135.65,133.02,134.35,134.35,-0.5919348871624206,2.6299999999999955,1.9459859415464262,-0.39294187425860105
2026-09-08,IOL CHEM AND PHARMA LTD       ,IOLCP     ,EQ,N,213.04,215.0,219.04,208.4,210.98,210.92,-0.9669545625234709,10.639999999999986,4.994367254975585,-1.86976744186047
2026-09-08,ION EXCHANGE (INDIA) LTD      ,IONEXCHANG,EQ,N,439.1,436.0,437.9,420.85,431.75,435.0,-1.6738783876110275,17.049999999999955,3.8829423821452864,-0.974770642201835
2026-09-08,IPCA LABORATORIES LTD         ,IPCALAB   ,EQ,N,1959.1,1959.9,1996.9,1959.9,1967.2,1975.8,0.4134551579807124,37.0,1.8886223265785311,0.3724679830603579
2026-09-08,INDIA PESTICIDES LIMITED      ,IPL       ,EQ,N,136.63,136.7,136.79,133.9,134.65,135.8,-1.4491692893215178,2.8899999999999864,2.1152016394642366,-1.499634235552292
2026-09-08,IP RINGS LTD.                 ,IPRINGLTD ,EQ,N,154.84,152.22,156.92,152.21,155.0,155.0,0.10333247222939587,4.7099999999999795,3.041849651252893,1.826304033635528
2026-09-08,IRB INFRA DEV LTD.            ,IRB       ,EQ,N,19.25,19.25,19.3,19.1,19.25,19.29,0.0,0.1999999999999993,1.0389610389610353,0.0
2026-09-08,IRCON INTERNATIONAL LTD       ,IRCON     ,EQ,N,117.71,117.8,118.25,116.61,116.89,116.84,-0.6966273043921444,1.6400000000000006,1.393254608784301,-0.7724957555178239
2026-09-08,INDIAN RAIL TOUR CORP LTD     ,IRCTC     ,EQ,N,474.5,474.5,474.9,472.0,472.45,472.4,-0.43203371970495497,2.8999999999999773,0.6111696522655379,-0.43203371970495497
2026-09-08,INDIAN RENEWABLE ENERGY       ,IREDA     ,EQ,N,112.95,112.5,112.95,111.8,112.2,112.2,-0.6640106241699867,1.1500000000000057,1.018149623727318,-0.26666666666666416
2026-09-08,INDIAN RAILWAY FIN CORP L     ,IRFC      ,EQ,N,83.0,82.9,82.93,81.75,82.0,82.0,-1.2048192771084338,1.1800000000000068,1.42168674698796,-1.085645355850429
2026-09-08,IRIS REGTECH SOLUTION LTD     ,IRIS      ,EQ,N,260.35,261.42,268.13,253.0,254.67,253.5,-2.181678509698496,15.129999999999995,5.8114077203764145,-2.5820518705531437
2026-09-08,IRIS CLOTHINGS LIMITED        ,IRISDOREME,EQ,N,62.15,62.1,62.5,60.71,61.62,61.66,-0.8527755430410316,1.7899999999999991,2.880128720836684,-0.7729468599033881
2026-09-08,IRM ENERGY LIMITED            ,IRMENERGY ,EQ,N,284.5,282.0,287.45,280.0,282.25,283.4,-0.7908611599297013,7.449999999999989,2.618629173989451,0.08865248226950355
2026-09-08,INTRASOFT TECH. LTD           ,ISFT      ,EQ,N,83.1,85.0,86.99,81.5,82.34,82.42,-0.9145607701564272,5.489999999999995,6.606498194945843,-3.1294117647058783
2026-09-08,ISGEC HEAVY ENG LTD           ,ISGEC     ,EQ,N,781.1,781.0,787.0,767.0,782.4,785.05,0.16643195493534177,20.0,2.5604916143899628,0.179257362355951
2026-09-08,ISHAN DYES N CHEMICALS L      ,ISHANCH   ,EQ,N,44.3,44.95,45.57,43.85,44.32,44.09,0.04514672686230954,1.7199999999999989,3.8826185101580113,-1.401557285873198
2026-09-08,I S T LTD.                    ,ISTLTD    ,EQ,N,654.9,644.0,675.0,644.0,651.8,663.55,-0.47335471064284973,31.0,4.733547106428462,1.2111801242235953
2026-09-08,KOTAKMAMC - KOTAKIT           ,IT        ,EQ,N,33.32,33.32,33.82,33.01,33.27,33.3,-0.1500600240095953,0.8100000000000023,2.4309723889555888,-0.1500600240095953
2026-09-08,DSPAMC - DSPIT                ,ITADD     ,EQ,N,31.79,32.24,32.24,31.61,31.79,31.75,0.0,0.6300000000000026,1.9817552689525089,-1.3957816377171302
2026-09-08,AXISAMC-ITAXIS                ,ITAXIS    ,EQ,N,330.42,329.0,331.5,328.05,329.35,328.5,-0.3238302766176361,3.4499999999999886,1.0441256582531289,0.10638297872341118
2026-09-08,NIP IND ETF IT                ,ITBEES    ,EQ,N,33.33,33.64,33.64,33.01,33.27,33.31,-0.18001800180016553,0.6300000000000026,1.890189018901898,-1.099881093935783
2026-09-08,UTIAMC-ITBETA                 ,ITBETA    ,EQ,N,316.25,314.14,316.55,314.0,315.0,315.0,-0.3952569169960474,2.5500000000000114,0.8063241106719403,0.2737632902527579
2026-09-08,ITC LTD                       ,ITC       ,EQ,N,263.5,263.5,265.9,262.7,263.5,263.5,0.0,3.1999999999999886,1.2144212523719122,0.0
2026-09-08,ITC HOTELS LIMITED            ,ITCHOTELS ,EQ,N,157.77,158.0,158.98,156.05,156.84,157.2,-0.5894656778855338,2.9299999999999784,1.8571338023705257,-0.7341772151898712
2026-09-08,INDIA TOUR. DEV. CO. LTD.     ,ITDC      ,EQ,N,643.35,643.35,651.0,635.1,638.2,643.9,-0.8004973964405032,15.899999999999977,2.4714385637677747,-0.8004973964405032
2026-09-08,MIRAEAMC - ITETF              ,ITETF     ,EQ,N,31.78,31.93,31.94,31.52,31.7,31.73,-0.25173064820642493,0.4200000000000017,1.3215859030837056,-0.7203257124960866
2026-09-08,ITI LTD                       ,ITI       ,EQ,N,270.6,270.6,271.65,266.95,270.2,270.05,-0.14781966001479457,4.699999999999989,1.7368810051736838,-0.14781966001479457
2026-09-08,ICICIPRAMC - ICICITECH        ,ITIETF    ,EQ,N,33.36,33.37,33.5,33.1,33.24,33.2,-0.35971223021581966,0.3999999999999986,1.199040767386087,-0.38957147138146675
2026-09-08,ITL INDUSTRIES LTD.           ,ITL       ,EQ,N,364.45,362.65,370.0,358.4,369.65,370.0,1.4268075181780735,11.600000000000023,3.1828783097818696,1.930235764511237
2026-09-08,IVALUE INFOSOLUTIONS LTD      ,IVALUE    ,EQ,N,227.02,227.06,238.8,227.06,235.31,234.15,3.6516606466390593,11.740000000000009,5.171350541802488,3.6334008632079624
2026-09-08,IL&FS INVESTMENT MANAGERS     ,IVC       ,EQ,N,10.28,10.25,10.38,9.82,10.02,10.03,-2.52918287937743,0.5600000000000005,5.447470817120627,-2.2439024390243945
2026-09-08,RELIGARAMC - IVZBANKNF        ,IVZBANKNF ,EQ,N,57.05,56.77,56.95,56.7,56.8,56.8,-0.43821209465381245,0.25,0.43821209465381245,0.05284481240090546
2026-09-08,INVESCO INDIA GOLD ETF        ,IVZINGOLD ,EQ,N,131.85,133.15,133.3,131.2,132.9,133.0,0.7963594994311805,2.1000000000000227,1.592718998862361,-0.1877581674802854
2026-09-08,INVESCO INDIA NIFTY ETF       ,IVZINNIFTY,EQ,N,273.0,271.03,272.72,271.03,271.87,271.87,-0.4139194139194123,1.6900000000000546,0.619047619047639,0.3099287901708416
2026-09-08,RELIGARAMC - IVZSENSEX        ,IVZSENSEX ,EQ,N,76.28,75.9,76.07,75.56,75.81,75.81,-0.616151022548504,0.5099999999999909,0.6685894074462387,-0.11857707509881871
2026-09-08,INDIAN WOOD PRODUCTS CO L     ,IWP       ,EQ,N,34.41,35.27,35.27,34.46,34.7,34.7,0.8427782621331191,0.8100000000000023,2.3539668700959093,-1.616104337964276
2026-09-08,LE TRAVENUES TECHNOLOGY L     ,IXIGO     ,EQ,N,167.39,166.04,171.42,165.89,169.96,170.25,1.5353366389868104,5.530000000000001,3.303662106457973,2.3608768971332306
2026-09-08,IZMO LIMITED                  ,IZMO      ,EQ,N,924.5,924.5,935.0,905.25,927.15,924.0,0.28664142779880775,29.75,3.217955651703624,0.28664142779880775
2026-09-08,J & K BANK LTD.               ,J&KBANK   ,EQ,N,147.88,147.88,148.5,145.8,147.03,147.0,-0.5747903705707291,2.6999999999999886,1.8258047065187915,-0.5747903705707291
2026-09-08,JAGRAN PRAKASHAN LIMITED      ,JAGRAN    ,EQ,N,61.81,62.0,63.0,61.66,62.54,62.68,1.1810386668823765,1.3400000000000034,2.167933991263555,0.8709677419354824
2026-09-08,JAGSONPAL PHARMACEUTICALS     ,JAGSNPHARM,EQ,N,239.06,239.51,241.33,236.1,237.72,236.1,-0.5605287375554269,5.230000000000018,2.1877352965782726,-0.7473591916830162
2026-09-08,JAI BALAJI INDUSTRIES LTD     ,JAIBALAJI ,EQ,N,69.71,69.98,70.54,67.5,67.86,68.3,-2.6538516712092877,3.0400000000000063,4.3609238272844735,-3.029436981994862
2026-09-08,JAI CORP LIMITED              ,JAICORPLTD,EQ,N,98.56,98.59,99.0,97.11,98.3,98.58,-0.26379870129870653,1.8900000000000006,1.9176136363636367,-0.2941474794603978
2026-09-08,JAIN RESOURCE RECYCLING L     ,JAINREC   ,EQ,N,281.35,283.3,298.7,282.55,296.55,296.0,5.402523547183219,16.149999999999977,5.740181268882167,4.677020825979527
2026-09-08,NANDANI CREATION LIMITED      ,JAIPURKURT,EQ,N,25.49,25.09,25.97,25.09,25.71,25.75,0.863083562181257,0.879999999999999,3.4523342487249864,2.471104025508174
2026-09-08,JAMNA AUTO IND LTD            ,JAMNAAUTO ,EQ,N,126.61,127.38,129.4,125.65,128.92,129.0,1.8245004344048559,3.75,2.9618513545533527,1.2089810017271096
2026-09-08,JARO INS OF TEC MG N RE L     ,JARO      ,EQ,N,443.4,444.0,448.1,440.0,441.4,443.95,-0.45105999097880023,8.100000000000023,1.826792963464146,-0.5855855855855907
2026-09-08,JASH ENGINEERING LIMITED      ,JASH      ,EQ,N,511.15,513.0,521.0,504.75,518.7,521.0,1.4770615279272363,16.25,3.179105937591705,1.11111111111112
2026-09-08,JAYANT AGRO ORGANICS LTD      ,JAYAGROGN ,EQ,N,228.33,228.3,256.0,227.21,249.04,252.0,9.070205404458449,28.789999999999992,12.608943196251035,9.084537888742874
2026-09-08,JAY BHARAT MARUTI LTD         ,JAYBARMARU,EQ,N,120.19,120.69,120.69,114.19,116.5,116.26,-3.070138946667774,6.5,5.408103835593644,-3.471704366558951
2026-09-08,JAYKAY ENTERPRISES LTD        ,JAYKAY    ,EQ,N,158.73,158.73,162.39,156.28,159.87,160.9,0.7182007182007275,6.109999999999985,3.84930384930384,0.7182007182007275
2026-09-08,JAYASWAL NECO INDUSTR LTD     ,JAYNECOIND,EQ,N,89.67,89.0,91.0,88.33,90.68,90.9,1.1263521802163545,2.6700000000000017,2.977584476413518,1.88764044943821
2026-09-08,JAYSHREE TEA & INDUSTRIES     ,JAYSREETEA,EQ,N,98.61,99.0,99.06,92.74,94.41,94.5,-4.259202920596291,6.320000000000007,6.4090862995639455,-4.63636363636364
2026-09-08,JBM AUTO LIMITED              ,JBMA      ,EQ,N,613.6,615.0,618.0,612.95,615.35,616.4,0.28520208604954367,5.0499999999999545,0.8230117340286758,0.05691056910569475
2026-09-08,JENBURKT PHARMACEUTICAL L     ,JENBURPH  ,EQ,N,1043.0,1052.0,1052.0,1025.1,1039.9,1039.9,-0.2972195589645167,26.90000000000009,2.5790987535954066,-1.1501901140684323
2026-09-08,JET FREIGHT LOGISTICS LTD     ,JETFREIGHT,EQ,N,20.31,20.21,20.83,20.06,20.24,20.17,-0.3446578040374214,0.7699999999999996,3.7912358444116183,0.14844136566055213
2026-09-08,J.G.CHEMICALS LIMITED         ,JGCHEM    ,EQ,N,581.35,582.0,623.0,582.0,611.2,613.05,5.134600498838913,41.0,7.052550098907714,5.0171821305842
2026-09-08,JHS SVEND. LAB. LTD           ,JHS       ,EQ,N,7.99,7.99,8.31,7.85,7.97,7.96,-0.25031289111389815,0.46000000000000085,5.757196495619535,-0.25031289111389815
2026-09-08,JINDAL PHOTO LIMITED          ,JINDALPHOT,EQ,N,1010.8,1020.2,1039.0,1014.5,1015.5,1022.7,0.4649782350613421,24.5,2.4238227146814406,-0.4606939815722451
2026-09-08,JINDAL POLY FILMS LIMITED     ,JINDALPOLY,EQ,N,699.1,706.0,706.0,680.0,683.8,684.0,-2.1885281075668814,26.0,3.7190673723358603,-3.1444759206798927
2026-09-08,JINDAL SAW LIMITED            ,JINDALSAW ,EQ,N,309.55,309.55,310.95,297.35,307.6,307.8,-0.6299466968179578,13.599999999999966,4.393474398320131,-0.6299466968179578
2026-09-08,JINDAL STEEL LIMITED          ,JINDALSTEL,EQ,N,1147.9,1147.9,1151.0,1135.0,1136.3,1136.3,-1.010540987890943,16.0,1.39384963847025,-1.010540987890943
2026-09-08,JINDAL DRILLING IND. LTD      ,JINDRILL  ,EQ,N,664.15,665.4,684.0,656.3,678.0,671.0,2.085372280358356,27.700000000000045,4.170744560716712,1.8935978358881909
2026-09-08,JINDAL WORLDWIDE LTD          ,JINDWORLD ,EQ,N,58.52,58.5,59.9,54.21,55.53,55.18,-5.109364319890639,5.689999999999998,9.723171565276823,-5.076923076923075
2026-09-08,JIO FIN SERVICES LTD          ,JIOFIN    ,EQ,N,234.4,234.75,234.75,232.6,233.15,233.15,-0.5332764505119454,2.1500000000000057,0.9172354948805485,-0.6815761448349283
2026-09-08,JAIN DVR EQUITY SHARES        ,JISLDVREQS,EQ,N,21.99,21.62,22.05,21.31,21.7,21.79,-1.3187812642110013,0.740000000000002,3.365165984538436,0.3700277520813982
2026-09-08,JAIN IRRIGATION SYSTEMS       ,JISLJALEQS,EQ,N,32.51,32.51,32.54,30.9,31.12,31.0,-4.2756075053829505,1.6400000000000006,5.044601661027378,-4.2756075053829505
2026-09-08,JITF INFRALOGISTICS LTD       ,JITFINFRA ,EQ,N,301.0,300.0,309.9,300.0,306.5,305.55,1.8272425249169437,9.899999999999977,3.2890365448504904,2.166666666666667
2026-09-08,JK CEMENT LIMITED             ,JKCEMENT  ,EQ,N,5047.0,5026.0,5170.0,4972.0,4990.5,4990.0,-1.1194769169803842,198.0,3.9231226471170992,-0.7063270990847592
2026-09-08,JKUMAR INFR.LTD.              ,JKIL      ,EQ,N,491.3,491.3,494.7,486.55,488.6,488.7,-0.5495623855078341,8.149999999999977,1.6588642377366125,-0.5495623855078341
2026-09-08,JINKUSHAL INDUSTRIES LTD      ,JKIPL     ,EQ,N,98.56,98.03,99.96,95.5,96.5,96.0,-2.090097402597405,4.459999999999994,4.525162337662332,-1.560746710190759
2026-09-08,JK LAKSHMI CEMENT LTD         ,JKLAKSHMI ,EQ,N,507.15,508.9,508.9,498.05,498.75,499.45,-1.6563146997929563,10.849999999999966,2.1394064872325673,-1.994497936726268
2026-09-08,JK PAPER LIMITED              ,JKPAPER   ,EQ,N,420.05,420.05,423.85,412.05,415.3,415.0,-1.1308177597905011,11.800000000000011,2.8091893822164056,-1.1308177597905011
2026-09-08,JK TYRE & INDUSTRIES LTD      ,JKTYRE    ,EQ,N,368.45,368.0,368.45,363.05,364.1,364.35,-1.1806215225946441,5.399999999999977,1.4655991314968049,-1.0597826086956461
2026-09-08,JUPITER LIFE LINE HOSP L      ,JLHL      ,EQ,N,285.4,285.4,287.0,280.35,283.35,282.1,-0.7182901191310282,6.649999999999977,2.330063069376306,-0.7182901191310282
2026-09-08,JULLUNDUR MOT AGENCY LTD      ,JMA       ,EQ,N,90.04,91.79,91.79,88.35,89.14,89.2,-0.9995557529986735,3.440000000000012,3.820524211461586,-2.8870247303627905
2026-09-08,JM FINANCIAL LIMITED          ,JMFINANCIL,EQ,N,130.28,130.0,131.81,128.08,128.47,128.67,-1.3893153208474074,3.7299999999999898,2.8630641694811096,-1.1769230769230778
2026-09-08,JNK INDIA LIMITED             ,JNKINDIA  ,EQ,N,435.35,432.5,450.0,432.5,440.5,445.0,1.182956242104049,17.5,4.019754220741931,1.8497109826589597
2026-09-08,JUNIPER GREEN ENERGY LTD      ,JNPR      ,EQ,N,260.65,259.05,267.5,252.5,264.1,262.5,1.3236140418185482,15.0,5.754843660080568,1.9494306118509983
2026-09-08,JOCIL LIMITED                 ,JOCIL     ,EQ,N,159.32,160.0,174.0,158.5,164.29,164.0,3.1195079086115984,15.5,9.728847602309818,2.681249999999995
2026-09-08,JIND POL INV & FIN CO LTD     ,JPOLYINVST,EQ,N,1006.8,1007.2,1011.9,983.9,994.45,999.9,-1.226658720699236,28.0,2.7810885975367503,-1.2658856235107228
2026-09-08,JAIPRAKASH POWER VEN. LTD     ,JPPOWER   ,EQ,N,16.79,16.79,16.79,16.45,16.49,16.52,-1.7867778439547393,0.33999999999999986,2.0250148898153655,-1.7867778439547393
2026-09-08,JANA SMALL FIN BANK LTD       ,JSFB      ,EQ,N,538.5,540.6,547.45,536.65,539.8,538.6,0.24141132776229424,10.800000000000068,2.005571030640681,-0.14798372179061564
2026-09-08,JINDAL STAINLESS LIMITED      ,JSL       ,EQ,N,736.8,733.95,740.0,727.0,738.75,739.5,0.2646579804560322,13.0,1.7643865363735072,0.6539955037809053
2026-09-08,JEENA SIKHO LIFECARE LTD      ,JSLL      ,EQ,N,516.75,515.0,518.6,503.05,505.45,505.85,-2.1867440735365284,15.550000000000011,3.0091920657958413,-1.854368932038837
2026-09-08,JSW CEMENT LIMITED            ,JSWCEMENT ,EQ,N,121.81,121.84,122.09,120.26,121.62,121.5,-0.15598062556440173,1.8299999999999983,1.5023397093834645,-0.18056467498358408
2026-09-08,JSW DULUX LIMITED             ,JSWDULUX  ,EQ,N,3186.8,3199.0,3199.0,3156.1,3174.4,3170.0,-0.3891050583657616,42.90000000000009,1.346177984184765,-0.7689903094717071
2026-09-08,JSW ENERGY LIMITED            ,JSWENERGY ,EQ,N,530.0,527.05,528.85,522.3,526.5,526.5,-0.6603773584905661,6.550000000000068,1.2358490566037863,-0.10435442557631242
2026-09-08,JSW HOLDINGS LIMITED          ,JSWHL     ,EQ,N,11372.0,11548.0,11549.0,11222.0,11466.0,11402.0,0.8265916285613788,327.0,2.8754836440379883,-0.7100796674748875
2026-09-08,JSW INFRASTRUCTURE LTD        ,JSWINFRA  ,EQ,N,330.85,330.0,335.9,328.8,332.0,331.35,0.34758954208855286,7.099999999999966,2.1459876076771844,0.6060606060606061
2026-09-08,JSW STEEL LIMITED             ,JSWSTEEL  ,EQ,N,1302.0,1306.4,1315.0,1295.7,1297.3,1297.3,-0.36098310291859026,19.299999999999955,1.48233486943164,-0.6965707287201574
2026-09-08,JTEKT INDIA LIMITED           ,JTEKTINDIA,EQ,N,121.3,121.5,122.46,120.1,121.28,122.0,-0.016488046166525987,2.3599999999999994,1.9455894476504532,-0.1810699588477357
2026-09-08,JTL INDUSTRIES LIMITED        ,JTLIND    ,EQ,N,89.51,89.25,90.4,87.76,89.55,89.55,0.04468774438609322,2.6400000000000006,2.94939112948274,0.3361344537815094
2026-09-08,JUBILANT AGRI N CON PRO L     ,JUBLCPL   ,EQ,N,2206.6,2230.0,2230.0,2160.4,2177.8,2162.0,-1.3051753829420705,69.59999999999991,3.1541738421100294,-2.3408071748878845
2026-09-08,JUBILANT FOODWORKS LTD        ,JUBLFOOD  ,EQ,N,475.4,473.0,484.0,471.5,480.4,480.4,1.051745898190997,12.5,2.6293647454774924,1.5644820295983037
2026-09-08,JUBILANT INGREVIA LIMITED     ,JUBLINGREA,EQ,N,675.35,675.35,680.3,664.05,675.3,673.5,-0.007403568520036753,16.25,2.4061597690086622,-0.007403568520036753
2026-09-08,JUBILANT PHARMOVA LTD         ,JUBLPHARMA,EQ,N,950.3,956.0,1021.55,953.3,997.75,999.75,4.993160054719567,68.25,7.181942544459645,4.367154811715481
2026-09-08,NIP IND ETF JUNIOR BEES       ,JUNIORBEES,EQ,N,786.26,788.78,790.0,783.46,787.59,787.87,0.1691552412687967,6.539999999999964,0.8317859232314965,-0.1508658941656661
2026-09-08,JUNIPER HOTELS LIMITED        ,JUNIPER   ,EQ,N,215.33,217.5,217.5,212.72,215.75,215.0,0.19504945896994727,4.780000000000001,2.2198486044675616,-0.8045977011494253
2026-09-08,JUSTDIAL LTD.                 ,JUSTDIAL  ,EQ,N,698.75,705.0,705.0,685.5,694.25,689.9,-0.6440071556350626,19.5,2.7906976744186047,-1.5248226950354609
2026-09-08,JUPITER WAGONS LIMITED        ,JWL       ,EQ,N,244.99,244.0,245.15,241.5,242.41,242.5,-1.0531042083350393,3.6500000000000057,1.4898567288460776,-0.6516393442622965
2026-09-08,JYOTHY LABS LIMITED           ,JYOTHYLAB ,EQ,N,195.1,195.1,196.01,192.3,194.59,194.05,-0.2614044079958949,3.7099999999999795,1.9015889287544745,-0.2614044079958949
2026-09-08,JYOTI CNC AUTOMATION LTD      ,JYOTICNC  ,EQ,N,1020.65,1020.0,1058.85,1012.45,1037.2,1040.5,1.621515700778922,46.399999999999864,4.546122568951145,1.686274509803926
2026-09-08,JYOTI RESINS & ADHESIVE L     ,JYOTIRES  ,EQ,N,868.75,875.95,880.0,866.5,873.95,866.5,0.598561151079142,13.5,1.553956834532374,-0.22832353444831324
2026-09-08,JYOTI STRUCTURES LTD          ,JYOTISTRUC,EQ,N,10.16,10.29,10.85,10.05,10.42,10.42,2.559055118110234,0.7999999999999989,7.874015748031485,1.2633624878522915
2026-09-08,KABRA EXTRUSION TECHNIK L     ,KABRAEXTRU,EQ,N,634.5,639.5,677.75,639.0,656.45,659.95,3.45941686367219,38.75,6.107171000788022,2.6505082095387094
2026-09-08,KAJARIA CERAMICS LTD          ,KAJARIACER,EQ,N,1220.5,1220.4,1254.6,1213.7,1250.2,1250.0,2.43342892257272,40.899999999999864,3.351085620647264,2.441822353326774
2026-09-08,KAKATIYA CEM SUGAR &IND L     ,KAKATCEM  ,EQ,N,109.14,109.14,112.0,108.7,111.14,112.0,1.8325087044163462,3.299999999999997,3.023639362286968,1.8325087044163462
2026-09-08,SAI SILKS (KALAMANDIR) L      ,KALAMANDIR,EQ,N,85.93,85.52,86.4,84.5,85.37,85.55,-0.6516932386826513,1.9000000000000057,2.211102059816136,-0.17539756782038293
2026-09-08,KALPATARU LIMITED             ,KALPATARU ,EQ,N,275.9,275.35,275.35,271.0,272.15,271.0,-1.3591881116346505,4.350000000000023,1.5766582094962025,-1.1621572544035028
2026-09-08,KALYAN JEWELLERS IND LTD      ,KALYANKJIL,EQ,N,591.0,591.0,618.9,587.1,612.6,612.6,3.6548223350253846,31.799999999999955,5.38071065989847,3.6548223350253846
2026-09-08,KAMA HOLDINGS LTD.            ,KAMAHOLD  ,EQ,N,2331.1,2336.5,2336.5,2316.1,2318.7,2318.0,-0.5319377118098791,20.40000000000009,0.8751233323323792,-0.7618232398887302
2026-09-08,KAMANWALA HOUSING CONST L     ,KAMANWALA ,EQ,N,16.53,16.5,16.9,16.5,16.5,16.5,-0.18148820326679452,0.3999999999999986,2.419842710223827,0.0
2026-09-08,KAMAT HOTELS (I) LTD          ,KAMATHOTEL,EQ,N,228.19,226.2,234.79,223.02,232.18,231.01,1.74854288093256,11.769999999999982,5.1579823831017935,2.6436781609195483
2026-09-08,KAMDHENU VENTURES LIMITED     ,KAMOPAINTS,EQ,N,4.4,4.4,4.55,4.37,4.45,4.5,1.1363636363636322,0.17999999999999972,4.090909090909084,1.1363636363636322
2026-09-08,KANANI INDUSTRIES LTD         ,KANANIIND ,EQ,N,1.52,1.51,1.54,1.51,1.53,1.53,0.6578947368421059,0.030000000000000027,1.9736842105263175,1.3245033112582794
2026-09-08,KANCHI KARPOORAM LTD.         ,KANCHI    ,EQ,N,403.05,403.05,407.0,394.0,403.95,405.0,0.22329735764792885,13.0,3.2254062771368317,0.22329735764792885
2026-09-08,KANCO TEA & INDS. LTD.        ,KANCOTEA  ,EQ,N,56.4,56.0,56.0,52.99,55.89,55.89,-0.9042553191489326,3.009999999999998,5.3368794326241105,-0.1964285714285704
2026-09-08,KANPUR PLASTIPACK LIMITED     ,KANPRPLA  ,EQ,N,240.1,238.1,246.0,233.55,242.1,243.05,0.8329862557267805,12.449999999999989,5.185339441899204,1.6799664006719865
2026-09-08,KANSAI NEROLAC PAINTS LTD     ,KANSAINER ,EQ,N,194.28,194.27,194.5,191.14,193.4,192.6,-0.452954498661723,3.3600000000000136,1.7294626312538672,-0.44783033921861565
2026-09-08,KAPSTON SERVICES LIMITED      ,KAPSTON   ,EQ,N,566.5,570.4,577.05,561.0,573.65,573.0,1.262135922330093,16.049999999999955,2.8331862312444756,0.5697755960729313
2026-09-08,KARMA ENERGY LIMITED          ,KARMAENG  ,EQ,N,37.3,37.7,37.99,36.8,37.18,37.0,-0.32171581769436314,1.1900000000000048,3.1903485254691817,-1.3793103448275943
2026-09-08,KARUR VYSYA BANK LTD          ,KARURVYSYA,EQ,N,341.7,341.6,343.65,334.8,341.15,340.5,-0.16095990635060325,8.849999999999966,2.5899912203687347,-0.13173302107729667
2026-09-08,KAVVERI DFS & WIR TEC LTD     ,KAVDEFENCE,EQ,N,66.51,67.98,68.5,63.0,64.62,64.0,-2.841677943166442,5.5,8.269433167944669,-4.942630185348631
2026-09-08,KAYNES TECHNOLOGY IND LTD     ,KAYNES    ,EQ,N,3604.0,3614.0,3685.0,3581.0,3610.0,3610.0,0.1664816870144284,104.0,2.885682574916759,-0.11068068622025456
2026-09-08,KCP LTD                       ,KCP       ,EQ,N,163.3,162.1,164.08,161.78,162.11,161.94,-0.7287201469687676,2.3000000000000114,1.408450704225359,0.006169031462072379
2026-09-08,KDDL LIMITED                  ,KDDL      ,EQ,N,3991.9,3990.9,4013.7,3940.1,3965.7,3943.1,-0.6563290663593846,73.59999999999991,1.843733560459929,-0.6314365180786357
2026-09-08,KD GREEN INDUSTRIES LTD       ,KDGREEN   ,EQ,N,48.57,48.9,48.9,47.01,47.36,47.69,-2.491249742639491,1.8900000000000006,3.8912909203211874,-3.14928425357873
2026-09-08,KEC INTL. LIMITED             ,KEC       ,EQ,N,401.65,401.65,407.25,401.65,405.7,405.5,1.0083405950454405,5.600000000000023,1.3942487240134502,1.0083405950454405
2026-09-08,KIRLOSKAR ELECTRIC CO LTD     ,KECL      ,EQ,N,122.93,123.78,126.35,119.59,121.14,121.5,-1.4561132351744945,6.759999999999991,5.4990645082567235,-2.1328162869607374
2026-09-08,DSJ KEEP LEARNING LTD         ,KEEPLEARN ,EQ,N,1.91,1.95,1.95,1.75,1.91,1.91,0.0,0.19999999999999996,10.471204188481673,-2.051282051282053
2026-09-08,KEI INDUSTRIES LTD.           ,KEI       ,EQ,N,4704.0,4701.0,4783.0,4666.0,4697.5,4697.5,-0.13818027210884354,117.0,2.4872448979591835,-0.07445224420336098
2026-09-08,KELLTON TECH SOL LTD          ,KELLTONTEC,EQ,N,13.62,13.69,14.09,13.56,13.69,13.77,0.5139500734214412,0.5299999999999994,3.8913362701908913,0.0
2026-09-08,KENNAMETAL INDIA LIMITED      ,KENNAMET  ,EQ,N,4693.0,4690.0,4770.0,4602.0,4654.4,4641.1,-0.8225015981248746,168.0,3.579799701683358,-0.7590618336887072
2026-09-08,KERNEX MICROSYS(I) LTD        ,KERNEX    ,EQ,N,1769.3,1774.8,1775.9,1713.0,1732.0,1729.0,-2.108178375628777,62.90000000000009,3.5550782795455884,-2.4115393283750257
2026-09-08,KEYNOTE FIN SERV LTD.         ,KEYFINSERV,EQ,N,248.6,246.05,264.6,246.05,250.25,247.05,0.6637168141592944,18.55000000000001,7.461786001609015,1.706970128022755
2026-09-08,KFIN TECHNOLOGIES LIMITED     ,KFINTECH  ,EQ,N,922.5,922.5,929.65,915.6,925.1,925.1,0.28184281842818676,14.049999999999955,1.5230352303522985,0.28184281842818676
2026-09-08,KHAITAN CHEM & FERT LTD       ,KHAICHEM  ,EQ,N,53.6,53.65,54.41,52.23,52.83,52.89,-1.4365671641791102,2.1799999999999997,4.067164179104477,-1.5284249767008393
2026-09-08,KHAITAN (INDIA)LTD.           ,KHAITANLTD,EQ,N,162.35,159.0,164.0,155.0,160.99,160.7,-0.8376963350785249,9.0,5.543578688019711,1.2515723270440309
2026-09-08,KHANDWALA SECURITIES LTD      ,KHANDSE   ,EQ,N,17.61,18.0,18.4,16.75,18.2,18.4,3.3503691084611007,1.6499999999999986,9.369676320272564,1.1111111111111072
2026-09-08,KALYANI INVEST CO LTD         ,KICL      ,EQ,N,5196.0,5166.0,5234.5,5074.5,5144.0,5136.0,-1.0007698229407236,160.0,3.079291762894534,-0.4258614014711576
2026-09-08,KRISHNA INST OF MED SCI L     ,KIMS      ,EQ,N,764.55,762.25,771.65,759.0,764.5,765.0,-0.006539794650442029,12.649999999999977,1.6545680465633352,0.29517874713020664
2026-09-08,KINGFA SCI & TEC IND LTD.     ,KINGFA    ,EQ,N,6056.5,6099.0,6137.0,5993.5,6037.0,6028.5,-0.32196813341038555,143.5,2.3693552381738625,-1.0165600918183308
2026-09-08,KIOCL LIMITED                 ,KIOCL     ,EQ,N,376.5,376.5,379.15,372.1,377.1,377.5,0.15936254980080283,7.0499999999999545,1.8725099601593507,0.15936254980080283
2026-09-08,KIRAN VYAPAR LTD.             ,KIRANVYPAR,EQ,N,204.65,205.0,208.43,198.01,203.33,204.1,-0.6450036647935465,10.420000000000016,5.091619838749092,-0.8146341463414574
2026-09-08,KIRI INDUSTRIES LIMITED       ,KIRIINDUS ,EQ,N,583.2,585.0,603.5,569.0,588.1,584.0,0.8401920438957436,34.5,5.915637860082304,0.5299145299145338
2026-09-08,KIRLOSKAR FERROUS IND LTD     ,KIRLFER   ,EQ,N,460.1,457.85,465.3,457.35,459.9,460.0,-0.04346881112802553,7.949999999999989,1.7278852423386195,0.44774489461613065
2026-09-08,KIRLOSKAR BROTHERS LTD        ,KIRLOSBROS,EQ,N,1832.4,1829.0,1860.9,1825.0,1853.3,1857.0,1.1405806592446988,35.90000000000009,1.959179218511247,1.3285948605795492
2026-09-08,KIRLOSKAR OIL ENG LTD         ,KIRLOSENG ,EQ,N,2174.8,2180.0,2285.0,2163.9,2272.8,2276.8,4.506161486113665,121.09999999999991,5.568328122126168,4.256880733944962
2026-09-08,KIRLOSKAR INDUSTRIES LTD      ,KIRLOSIND ,EQ,N,3715.1,3705.1,3719.9,3670.0,3677.6,3670.5,-1.0093940943716186,49.90000000000009,1.343167074910503,-0.7422201829910124
2026-09-08,KIRLOSKAR PNEUMATIC COM L     ,KIRLPNU   ,EQ,N,760.15,758.1,762.0,742.0,745.0,751.0,-1.993027691902911,20.0,2.631059659277774,-1.7280042210790163
2026-09-08,ONEMI TECHNOLOGY SOL LTD      ,KISSHT    ,EQ,N,320.95,320.8,334.5,313.95,331.0,330.7,3.131328867424836,20.55000000000001,6.402866490107498,3.17955112219451
2026-09-08,KITEX GARMENTS LTD            ,KITEX     ,EQ,N,127.77,126.71,129.4,125.51,127.1,127.2,-0.5243797448540359,3.8900000000000006,3.044533145495813,0.3077894404545818
2026-09-08,K J M C FINANCIAL SERV L      ,KJMCFIN   ,EQ,N,61.84,61.84,64.89,61.54,62.54,62.0,1.1319534282018042,3.3500000000000014,5.41720569210867,1.1319534282018042
2026-09-08,KEWAL KIRAN CLOTHING LTD      ,KKCL      ,EQ,N,504.5,506.4,508.95,498.1,501.5,502.0,-0.5946481665014867,10.849999999999966,2.15064420218037,-0.9676145339652404
2026-09-08,KILBURN ENGINEERING LTD.      ,KLBRENG-B ,EQ,N,461.2,461.2,463.45,450.05,459.7,457.0,-0.32523850823937556,13.399999999999977,2.9054640069384168,-0.32523850823937556
2026-09-08,K M C SPECIALITY HOSP I L     ,KMCSHIL   ,EQ,N,135.73,138.59,138.59,134.61,137.59,137.73,1.3703676416415043,3.9799999999999898,2.9322920503941576,-0.721552781585973
2026-09-08,KNOWLEDGE MARINE & EN W L     ,KMEW      ,EQ,N,2961.6,2983.8,3025.8,2944.0,2985.6,2982.8,0.8103727714748784,81.80000000000018,2.76202052944355,0.060325759099126186
2026-09-08,K M SUGAR MILLS LTD           ,KMSUGAR   ,EQ,N,30.71,30.6,30.95,30.05,30.31,30.52,-1.302507326603719,0.8999999999999986,2.9306414848583477,-0.9477124183006623
2026-09-08,KNACK PACKAGING LIMITED       ,KNACK     ,EQ,N,185.93,185.93,186.69,182.7,183.91,183.65,-1.0864303770236166,3.990000000000009,2.145968913031791,-1.0864303770236166
2026-09-08,KN AGRI RESOURCES LIMITED     ,KNAGRI    ,EQ,N,201.18,202.5,203.96,199.81,202.25,202.0,0.531862014116708,4.150000000000006,2.0628293070881822,-0.12345679012345678
2026-09-08,KNR CONSTRU LTD.              ,KNRCON    ,EQ,N,122.75,122.0,122.47,118.55,119.72,119.86,-2.4684317718940947,3.9200000000000017,3.19348268839104,-1.8688524590163944
2026-09-08,KOHINOOR FOODS LIMITED        ,KOHINOOR  ,EQ,N,30.87,30.85,31.9,30.4,31.41,31.15,1.7492711370262364,1.5,4.859086491739553,1.8152350081037234
2026-09-08,KOKUYO CAMLIN LIMITED         ,KOKUYOCMLN,EQ,N,79.43,79.0,80.84,78.7,79.04,78.71,-0.49099836333878955,2.1400000000000006,2.6941961475513034,0.05063291139241298
2026-09-08,KOLTE PATIL DEV. LTD.         ,KOLTEPATIL,EQ,N,443.6,444.4,448.0,437.2,441.95,441.0,-0.37195671776375877,10.800000000000011,2.4346257889991008,-0.5513051305130487
2026-09-08,KOPRAN LTD                    ,KOPRAN    ,EQ,N,245.87,245.87,249.99,235.0,239.51,235.55,-2.5867328262903215,14.990000000000009,6.096717777687399,-2.5867328262903215
2026-09-08,KOTAK MAHINDRA BANK LTD       ,KOTAKBANK ,EQ,N,422.1,422.3,423.85,419.0,419.25,419.25,-0.6751954513148597,4.850000000000023,1.149016820658617,-0.7222353776935854
2026-09-08,KOTHARI PETROCHEM LTD         ,KOTHARIPET,EQ,N,133.27,133.0,150.6,131.2,144.29,143.9,8.268927740676807,19.400000000000006,14.556914534403845,8.488721804511272
2026-09-08,KOTHARI PRODUCTS LTD          ,KOTHARIPRO,EQ,N,66.16,67.9,67.9,66.3,66.43,66.3,0.4081015719468111,1.6000000000000085,2.418379685610654,-2.1649484536082455
2026-09-08,KOTHARI INDUSTRIAL CORP L     ,KOTIC     ,EQ,N,131.86,133.02,137.0,132.9,136.63,136.95,3.617473077506432,4.099999999999994,3.1093584104353056,2.713877612389103
2026-09-08,KOVAI MEDICAL CENTER & HO     ,KOVAI     ,EQ,N,6069.0,6120.0,6128.0,5970.0,6107.0,6125.0,0.6261328060636019,158.0,2.603394298896029,-0.21241830065359477
2026-09-08,K.P. ENERGY LIMITED           ,KPEL      ,EQ,N,241.85,242.0,242.21,235.0,235.88,235.7,-2.4684721935083727,7.210000000000008,2.981186685962377,-2.5289256198347125
2026-09-08,KPI GREEN ENERGY LIMITED      ,KPIGREEN  ,EQ,N,302.6,303.55,304.45,290.55,292.05,292.5,-3.486450760079316,13.899999999999977,4.593522802379371,-3.7885027178389064
2026-09-08,KALPATARU PROJECT INT LTD     ,KPIL      ,EQ,N,1424.4,1430.9,1444.8,1393.3,1397.5,1395.0,-1.8885144622297172,51.5,3.6155574276888514,-2.334195261723397
2026-09-08,KPIT TECHNOLOGIES LIMITED     ,KPITTECH  ,EQ,N,562.25,562.25,563.35,556.4,562.0,562.0,-0.044464206313917294,6.9500000000000455,1.236104935526909,-0.044464206313917294
2026-09-08,KWALITY PHARMACEUTICALS L     ,KPL       ,EQ,N,3411.2,3443.0,3710.0,3442.9,3661.4,3677.0,7.33466228893059,267.0999999999999,7.830089118198873,6.343305257043279
2026-09-08,KPR MILL LTD.                 ,KPRMILL   ,EQ,N,1154.7,1154.8,1155.1,1118.1,1135.0,1135.2,-1.7060708409110632,37.0,3.2042954880055423,-1.714582611707651
2026-09-08,KRBL LIMITED                  ,KRBL      ,EQ,N,427.3,429.4,438.7,425.2,431.05,430.8,0.8776035572197518,13.5,3.159372805991107,0.3842571029343349
2026-09-08,KREBS BIOCHEMICALS & IND      ,KREBSBIO  ,EQ,N,55.99,56.0,58.0,55.68,56.73,56.7,1.321664582961234,2.3200000000000003,4.143597070905519,1.303571428571423
2026-09-08,KRIDHAN INFRA LIMITED         ,KRIDHANINF,EQ,N,1.99,2.03,2.03,1.95,1.97,2.0,-1.0050251256281415,0.07999999999999985,4.020100502512555,-2.955665024630534
2026-09-08,KRISHANA PHOSCHEM LIMITED     ,KRISHANA  ,EQ,N,182.84,182.5,185.5,181.7,183.03,183.27,0.1039159921242604,3.8000000000000114,2.0783198424852394,0.29041095890411023
2026-09-08,KRISHIVAL FOODS LIMITED       ,KRISHIVAL ,EQ,N,415.25,415.7,419.2,414.25,418.0,418.7,0.6622516556291391,4.949999999999989,1.1920529801324475,0.5532836179937483
2026-09-08,KRISHNA DEF AND ALD IND L     ,KRISHNADEF,EQ,N,1066.4,1075.8,1122.0,1075.8,1111.6,1109.3,4.23855963990996,46.200000000000045,4.332333083270822,3.3277560884922806
2026-09-08,KRITI INDUSTRIES IND LTD      ,KRITI     ,EQ,N,62.47,62.16,64.0,61.2,61.27,61.4,-1.9209220425804319,2.799999999999997,4.482151432687686,-1.4317889317889214
2026-09-08,KRITIKA WIRES LIMITED         ,KRITIKA   ,EQ,N,5.35,5.5,5.5,5.25,5.32,5.35,-0.5607476635513899,0.25,4.672897196261683,-3.2727272727272676
2026-09-08,KRITI NUTRIENTS LIMITED       ,KRITINUT  ,EQ,N,83.2,84.8,84.8,81.53,82.14,82.82,-1.2740384615384643,3.269999999999996,3.930288461538457,-3.1367924528301847
2026-09-08,KRN HEAT EXCHANGE N REF L     ,KRN       ,EQ,N,1625.4,1639.9,1669.5,1591.0,1660.2,1656.3,2.141011443337022,78.5,4.82958041097576,1.237880358558446
2026-09-08,KROSS LIMITED                 ,KROSS     ,EQ,N,209.13,208.5,212.09,205.36,211.28,209.15,1.0280686654234235,6.72999999999999,3.218094008511448,1.333333333333334
2026-09-08,KRSNAA DIAGNOSTICS LTD        ,KRSNAA    ,EQ,N,564.05,564.55,565.25,544.1,546.15,548.9,-3.173477528587888,21.149999999999977,3.749667582661108,-3.259233017447521
2026-09-08,KRYSTAL INTEGRATED SER L      ,KRYSTAL   ,EQ,N,661.5,661.7,667.7,647.7,663.95,655.3,0.37037037037037723,20.0,3.0234315948601664,0.34003324769533017
2026-09-08,KSB LIMITED                   ,KSB       ,EQ,N,801.45,799.05,830.0,790.05,824.05,825.0,2.819888951275801,39.950000000000045,4.984715203693312,3.1287153494775044
2026-09-08,KAVERI SEED CO. LTD.          ,KSCL      ,EQ,N,732.3,729.5,734.9,724.3,728.5,731.95,-0.5189130137921555,10.600000000000023,1.4474941963676122,-0.1370801919122687
2026-09-08,KSE LTD.                      ,KSE       ,EQ,N,177.0,182.94,182.94,177.0,178.95,179.0,1.1016949152542308,5.939999999999998,3.355932203389829,-2.1810429649065317
2026-09-08,KSH INTERNATIONAL LIMITED     ,KSHINTL   ,EQ,N,1105.65,1113.95,1197.0,1102.05,1176.75,1190.2,6.430606430606421,94.95000000000005,8.58770858770859,5.6375959423672475
2026-09-08,KSHITIJ POLYLINE LIMITED      ,KSHITIJPOL,EQ,N,3.46,3.4,3.63,3.31,3.62,3.63,4.624277456647403,0.31999999999999984,9.248554913294793,6.470588235294124
2026-09-08,KALYANI STEELS LIMITED        ,KSL       ,EQ,N,941.45,951.05,959.0,900.0,907.8,900.0,-3.5742737266981877,59.0,6.266928673854161,-4.5476052783765315
2026-09-08,KSOLVES INDIA LIMITED         ,KSOLVES   ,EQ,N,269.1,268.0,270.0,265.15,268.2,270.0,-0.3344481605351297,4.850000000000023,1.8023039762170279,0.07462686567163755
2026-09-08,KSR FOOTWEAR LIMITED          ,KSR       ,EQ,N,34.13,34.85,37.54,34.85,37.33,37.54,9.375915616759437,2.6899999999999977,7.881629065338405,7.116212338593965
2026-09-08,KARNATAKA BANK LIMITED        ,KTKBANK   ,EQ,N,333.6,333.6,335.7,328.0,334.25,334.5,0.194844124700233,7.699999999999989,2.3081534772182217,0.194844124700233
2026-09-08,KUANTUM PAPERS LIMITED        ,KUANTUM   ,EQ,N,76.7,76.35,81.28,76.35,77.92,78.45,1.5906127770534535,4.930000000000007,6.427640156453725,2.0563195808775476
2026-09-08,KUSUMGAR LIMITED              ,KUSUMGAR  ,EQ,N,571.9,570.95,573.95,561.0,565.8,566.0,-1.0666200384682678,12.950000000000045,2.2643818849449286,-0.9020054295472616
2026-09-08,KWALITY WALL'S (INDIA) L      ,KWIL      ,EQ,N,41.12,41.1,42.09,40.5,41.48,41.68,0.8754863813229559,1.5900000000000034,3.866731517509736,0.9245742092457311
2026-09-08,LADDERUP FINANCE LTD.         ,LADDERUP  ,EQ,N,50.0,50.0,50.0,45.0,45.19,45.5,-9.620000000000005,5.0,10.0,-9.620000000000005
2026-09-08,LAGNAM SPINTEX LIMITED        ,LAGNAM    ,EQ,N,74.55,77.4,77.4,74.15,74.51,74.51,-0.05365526492285989,3.25,4.359490274983233,-3.733850129198967
2026-09-08,LAHOTI OVERSEAS LTD.          ,LAHOTIOV  ,EQ,N,44.0,44.01,44.9,40.1,41.38,41.38,-5.954545454545449,4.799999999999997,10.909090909090903,-5.97591456487161
2026-09-08,LAKSHMI MILLS CO. LTD.        ,LAKSHMIMIL,EQ,N,7734.0,8045.0,8045.0,7751.0,7998.5,7998.5,3.419963796224464,294.0,3.801396431342126,-0.5779987569919204
2026-09-08,LORENZINI APPARELS LTD        ,LAL       ,EQ,N,8.86,8.88,8.99,8.88,8.93,8.94,0.7900677200902968,0.10999999999999943,1.241534988713312,0.563063063063051
2026-09-08,LALITHAA JEWELLERY MART L     ,LALITHAA  ,EQ,N,317.75,319.0,322.4,312.4,318.75,318.2,0.3147128245476003,10.0,3.147128245476003,-0.07836990595611285
2026-09-08,DR. LAL PATH LABS LTD.        ,LALPATHLAB,EQ,N,1901.9,1881.4,1920.0,1881.4,1912.5,1903.0,0.5573373994426578,38.59999999999991,2.0295493979704458,1.6530243435739296
2026-09-08,LAMBODHARA TEXTILES LTD.      ,LAMBODHARA,EQ,N,134.6,136.15,140.0,131.0,138.7,138.7,3.0460624071322395,9.0,6.686478454680535,1.8729342636797524
2026-09-08,LANCER CONTAINER LINES L      ,LANCER    ,EQ,N,12.96,13.01,13.1,12.51,12.62,12.63,-2.6234567901234693,0.5899999999999999,4.552469135802468,-2.997694081475792
2026-09-08,LANCOR HOLDINGS LIMITED       ,LANCORHOL ,EQ,N,40.12,39.7,40.36,37.8,38.02,37.8,-5.234297108673965,2.5600000000000023,6.3808574277168555,-4.231738035264483
2026-09-08,LANDMARK CARS LIMITED         ,LANDMARK  ,EQ,N,494.1,495.0,506.0,490.85,497.95,500.2,0.7791944950414826,15.149999999999977,3.066180935033389,0.5959595959595937
2026-09-08,LANDSMILL GREEN LIMITED       ,LANDSMILL ,EQ,N,0.58,0.59,0.62,0.57,0.58,0.58,0.0,0.050000000000000044,8.620689655172423,-1.6949152542372898
2026-09-08,LA OPALA RG LIMITED           ,LAOPALA   ,EQ,N,171.96,171.2,171.78,169.3,169.92,170.0,-1.1863224005582813,2.4799999999999898,1.4421958595022037,-0.7476635514018699
2026-09-08,MIRAEAMC - LARGEMID50         ,LARGEMID50,EQ,N,36.15,36.08,36.15,35.97,36.14,36.14,-0.027662517289067802,0.17999999999999972,0.4979253112033188,0.16629711751663603
2026-09-08,LASA SUPERGENERICS LTD        ,LASA      ,EQ,N,6.68,6.7,6.83,6.65,6.69,6.72,0.14970059880240533,0.17999999999999972,2.6946107784431095,-0.1492537313432804
2026-09-08,LASER POWER & INFRA LTD       ,LASERPOWER,EQ,N,310.7,313.95,317.15,303.8,305.3,305.9,-1.7380109430318562,13.349999999999966,4.296749275828763,-2.7552157986940524
2026-09-08,LATENT VIEW ANALYTICS LTD     ,LATENTVIEW,EQ,N,261.7,261.75,262.05,256.95,258.05,258.5,-1.3947267863966286,5.100000000000023,1.948796331677502,-1.4135625596943604
2026-09-08,LATTEYS INDUSTRIES LTD        ,LATTEYS   ,EQ,N,20.63,21.0,22.0,20.63,21.15,21.39,2.5206010664081417,1.370000000000001,6.6408143480368445,0.7142857142857075
2026-09-08,LAURUS LABS LIMITED           ,LAURUSLABS,EQ,N,1876.7,1870.8,1952.0,1862.7,1946.9,1946.9,3.7406085149464507,89.29999999999995,4.75835242713273,4.067778490485361
2026-09-08,LAXMI COTSPIN LIMITED         ,LAXMICOT  ,EQ,N,13.38,13.37,13.74,12.66,13.03,12.95,-2.6158445440956757,1.08,8.071748878923767,-2.543006731488406
2026-09-08,LAXMI DENTAL LIMITED          ,LAXMIDENTL,EQ,N,197.73,199.38,200.0,193.1,199.25,198.01,0.7687250290800638,6.900000000000006,3.4896070399029013,-0.06520212659243428
2026-09-08,LAXMI INDIA FINANCE LTD       ,LAXMIINDIA,EQ,N,130.89,130.23,132.9,129.16,129.99,129.6,-0.6876002750400927,3.740000000000009,2.8573611429444643,-0.18428933425476518
2026-09-08,LCC INFOTECH LTD              ,LCCINFOTEC,EQ,N,3.79,3.7,3.98,3.6,3.73,3.74,-1.5831134564643814,0.3799999999999999,10.026385224274403,0.8108108108108055
2026-09-08,LOHIA CORP LIMITED            ,LCL       ,EQ,N,565.5,565.0,571.5,546.0,555.8,555.0,-1.715296198054827,25.5,4.509283819628647,-1.6283185840708043
2026-09-08,LEAP INDIA LIMITED            ,LEAPIND   ,EQ,N,146.28,147.0,149.16,143.68,148.26,148.6,1.3535684987694763,5.47999999999999,3.746240087503411,0.857142857142851
2026-09-08,LE MERITE EXPORTS LIMITED     ,LEMERITE  ,EQ,N,20.72,20.7,21.0,20.4,20.67,20.4,-0.2413127413127276,0.6000000000000014,2.895752895752903,-0.1449275362318724
2026-09-08,LEMON TREE HOTELS LTD         ,LEMONTREE ,EQ,N,107.28,106.7,107.32,105.39,105.73,105.88,-1.4448173005219958,1.9299999999999926,1.7990305741983526,-0.9090909090909081
2026-09-08,LENSKART SOLUTIONS LTD        ,LENSKART  ,EQ,N,688.0,688.0,697.6,682.85,695.75,694.7,1.126453488372093,14.75,2.1438953488372094,1.126453488372093
2026-09-08,LEXUS GRANITO (INDIA) LTD     ,LEXUS     ,EQ,N,13.38,13.58,13.7,13.03,13.47,13.55,0.6726457399103128,0.6699999999999999,5.0074738415545585,-0.8100147275404965
2026-09-08,LAKSHMI FIN IND CORP LTD      ,LFIC      ,EQ,N,134.59,131.0,142.0,130.0,139.65,140.0,3.7595660896054697,12.0,8.915967010922058,6.603053435114509
2026-09-08,LG BALAKRISHNAN & BROS        ,LGBBROSLTD,EQ,N,1731.7,1735.4,1749.9,1698.4,1736.7,1732.8,0.28873361436738465,51.5,2.9739562279840617,0.07491068341592454
2026-09-08,LG ELECTRONICS INDIA LTD      ,LGEINDIA  ,EQ,N,1647.8,1647.8,1680.0,1639.7,1672.2,1671.0,1.4807622284257855,40.299999999999955,2.4456851559655273,1.4807622284257855
2026-09-08,LAXMI GOLDORNA HOUSE LTD      ,LGHL      ,EQ,N,176.23,177.0,177.97,170.99,175.21,175.85,-0.5787890824490619,6.97999999999999,3.9607331328377633,-1.011299435028244
2026-09-08,LIBAS CONSU PRODUCTS LTD      ,LIBAS     ,EQ,N,9.99,10.38,10.4,9.7,9.99,10.0,0.0,0.7000000000000011,7.007007007007017,-3.7572254335260165
2026-09-08,LIBERTY SHOES LTD             ,LIBERTSHOE,EQ,N,231.37,234.97,234.97,225.3,226.85,228.84,-1.9535808445347322,9.669999999999987,4.179452824480264,-3.455760309826789
2026-09-08,LIC HOUSING FINANCE LTD       ,LICHSGFIN ,EQ,N,552.0,551.0,563.0,545.4,563.0,563.0,1.9927536231884055,17.600000000000023,3.188405797101453,2.1778584392014517
2026-09-08,LIFE INSURA CORP OF INDIA     ,LICI      ,EQ,N,411.5,414.1,416.25,409.75,410.75,410.75,-0.18226002430133656,6.5,1.5795868772782502,-0.8089833373581314
2026-09-08,LIC MF - LIC GOLD ETF         ,LICMFGOLD ,EQ,N,137.1,138.4,138.5,136.65,137.2,136.65,0.07293946024799003,1.8499999999999943,1.349380014587888,-0.8670520231213995
2026-09-08,LICNAMC - LICNMFET            ,LICNETFGSC,EQ,N,29.4,29.45,29.61,29.2,29.38,29.39,-0.06802721088435229,0.41000000000000014,1.3945578231292521,-0.23769100169779384
2026-09-08,LICNAMC - LICNFENGP           ,LICNETFN50,EQ,N,266.1,266.72,266.99,264.8,266.6,264.86,0.18789928598271327,2.1899999999999977,0.8229988726042833,-0.04499100179964177
2026-09-08,LICNAMC - LICNFESGP           ,LICNETFSEN,EQ,N,858.02,859.0,859.0,854.06,858.9,858.9,0.10256171184820813,4.940000000000055,0.575744155147905,-0.011641443539001482
2026-09-08,LICNAMC - LICNFNHGP           ,LICNFNHGP ,EQ,N,270.76,271.43,272.42,271.43,272.42,272.42,0.61308908258237,0.9900000000000091,0.36563746491357996,0.36473492244777994
2026-09-08,LICNAMC - LICNMID100          ,LICNMID100,EQ,N,63.32,63.39,63.95,62.9,63.65,63.12,0.5211623499684117,1.0500000000000043,1.658243840808598,0.41015933112478
2026-09-08,LIKHITHA INFRASTRUC LTD       ,LIKHITHA  ,EQ,N,205.16,205.16,206.86,202.09,203.77,205.0,-0.677519984402411,4.77000000000001,2.325014622733481,-0.677519984402411
2026-09-08,LINC LIMITED                  ,LINC      ,EQ,N,96.8,96.8,99.8,96.8,98.31,98.0,1.5599173553719061,3.0,3.0991735537190084,1.5599173553719061
2026-09-08,LINCOLN PHARMA LTD            ,LINCOLN   ,EQ,N,632.35,637.35,648.4,633.45,639.8,639.2,1.1781450146279642,14.949999999999932,2.364197042776932,0.3844041735310162
2026-09-08,LINDE INDIA LIMITED           ,LINDEINDIA,EQ,N,6372.5,6367.0,6490.5,6330.5,6380.0,6441.0,0.11769321302471558,160.0,2.5107885445272657,0.20417779173865241
2026-09-08,NIPPONAMC - LIQGRWBEES        ,LIQGRWBEES,EQ,N,1054.56,1054.68,1054.7,1054.68,1054.68,1054.68,0.011379153390998922,0.01999999999998181,0.0018965255651628937,0.0
2026-09-08,MIRAEAMC - LIQUID             ,LIQUID    ,EQ,N,999.99,999.99,1000.0,999.99,999.99,999.99,0.0,0.009999999999990905,0.0010000100000990915,0.0
2026-09-08,KOTAKMAMC - KOTAKLIQ          ,LIQUID1   ,EQ,N,1121.56,1121.69,1121.71,1121.69,1121.7,1121.7,0.012482613502630269,0.01999999999998181,0.0017832305003728567,0.0008915119150559338
2026-09-08,DSPAMC - LIQUIDADD            ,LIQUIDADD ,EQ,N,1143.64,1143.76,1143.78,1143.76,1143.76,1143.76,0.010492812423480364,0.01999999999998181,0.001748802070580061,0.0
2026-09-08,NIP IND ETF LIQUID BEES       ,LIQUIDBEES,EQ,N,999.99,1000.0,1000.02,999.99,1000.0,1000.0,0.0010000100000990915,0.029999999999972715,0.0030000300002972747,0.0
2026-09-08,UTIAMC - LIQUIDBETA           ,LIQUIDBETA,EQ,N,1007.14,1007.29,1007.29,1007.27,1007.29,1007.29,0.014893659272790006,0.01999999999998181,0.0019858212363704957,0.0
2026-09-08,BFAM - LIQUIDBETF             ,LIQUIDBETF,EQ,N,1097.78,1097.88,1097.9,1097.88,1097.89,1097.89,0.010020222631139877,0.01999999999998181,0.0018218586602034843,0.0009108463584354305
2026-09-08,ZERODHAAMC - LIQUIDCASE       ,LIQUIDCASE,EQ,N,115.81,115.81,115.83,115.81,115.82,115.82,0.008634832915975223,0.01999999999999602,0.017269665831962714,0.008634832915975223
2026-09-08,DSP LIQUID ETF                ,LIQUIDETF ,EQ,N,999.99,1000.0,1000.01,999.99,999.99,1000.0,0.0,0.01999999999998181,0.002000020000198183,-0.0009999999999990906
2026-09-08,ICICIPRAMC - ICICILIQ         ,LIQUIDIETF,EQ,N,999.99,999.99,1000.01,999.98,999.99,1000.0,0.0,0.029999999999972715,0.0030000300002972747,0.0
2026-09-08,MIRAEAMC - LIQUIDPLUS         ,LIQUIDPLUS,EQ,N,1102.13,1102.27,1102.27,1102.25,1102.26,1102.27,0.01179534174733305,0.01999999999998181,0.0018146679611281617,-0.0009072187395094581
2026-09-08,SBIAMC - LIQUIDSBI            ,LIQUIDSBI ,EQ,N,999.99,1000.01,1000.01,999.99,999.99,999.99,0.0,0.01999999999998181,0.002000020000198183,-0.001999980000198179
2026-09-08,SHRIRAM - LIQUIDSHRI          ,LIQUIDSHRI,EQ,N,1120.4,1120.56,1120.56,1120.54,1120.55,1120.54,0.013388075687242373,0.01999999999998181,0.001785076758298983,-0.000892410937387637
2026-09-08,L K P SECURITIES LTD.         ,LKPSEC    ,EQ,N,15.42,16.61,16.61,15.15,15.35,15.5,-0.4539559014267204,1.459999999999999,9.468223086900124,-7.585791691751956
2026-09-08,LLOYDS ENGG WORK LIMITED      ,LLOYDSENGG,EQ,N,83.19,83.11,83.6,81.48,81.81,81.6,-1.658853227551383,2.1199999999999903,2.548383219136904,-1.5641920346528664
2026-09-08,LLOYDS ENTERPRISES LTD        ,LLOYDSENT ,EQ,N,72.28,71.99,72.55,70.5,71.05,71.4,-1.7017155506364192,2.049999999999997,2.836192584394019,-1.3057369079038725
2026-09-08,LLOYDS METALS N ENERGY L      ,LLOYDSME  ,EQ,N,1803.0,1803.0,1821.0,1780.0,1799.3,1800.0,-0.20521353300055717,41.0,2.273987798114254,-0.20521353300055717
2026-09-08,LMW LIMITED                   ,LMW       ,EQ,N,18551.0,18670.0,18734.0,18400.0,18603.0,18600.0,0.2803083391730904,334.0,1.8004420246886959,-0.3588644884841992
2026-09-08,LODHA DEVELOPERS LIMITED      ,LODHA     ,EQ,N,1200.0,1195.0,1226.2,1175.1,1212.0,1212.0,1.0,51.100000000000136,4.258333333333344,1.4225941422594142
2026-09-08,LOKESH MACHINES LTD           ,LOKESHMACH,EQ,N,357.7,359.85,371.6,348.45,363.5,362.4,1.6214705060106267,23.150000000000034,6.471903830025171,1.014311518688336
2026-09-08,LORDS CHLORO ALKALI LTD       ,LORDSCHLO ,EQ,N,138.93,141.0,141.0,137.5,138.23,138.83,-0.5038508601454093,3.5,2.5192543007269848,-1.9645390070922057
2026-09-08,LOTUS CHOCOLATE CO. LTD.      ,LOTUSCHO  ,EQ,N,596.45,596.45,613.95,580.0,590.1,590.0,-1.0646324084164678,33.950000000000045,5.692011065470709,-1.0646324084164678
2026-09-08,LOTUS EYE HOSP & INST L       ,LOTUSEYE  ,EQ,N,109.06,110.04,112.6,107.1,110.66,112.6,1.467082339996327,5.5,5.043095543737392,0.563431479462005
2026-09-08,LOVABLE LINGERIE LTD          ,LOVABLE   ,EQ,N,70.96,72.0,72.0,70.02,70.41,70.2,-0.7750845546786883,1.980000000000004,2.7903043968432977,-2.2083333333333384
2026-09-08,MIRAEAMC - MANV30F            ,LOWVOL    ,EQ,N,203.84,202.74,203.13,202.55,202.55,202.55,-0.6328492935635753,0.5799999999999841,0.284536891679741,-0.0937160895728508
2026-09-08,KOTAKMAMC - KOTAKLOVOL        ,LOWVOL1   ,EQ,N,20.82,20.82,20.95,20.72,20.85,20.85,0.14409221902017835,0.23000000000000043,1.1047070124879943,0.14409221902017835
2026-09-08,ICICI PR NIF LW VL 30 ETF     ,LOWVOLIETF,EQ,N,21.84,22.08,22.08,21.7,21.73,21.74,-0.5036630036630011,0.379999999999999,1.7399267399267355,-1.5851449275362222
2026-09-08,LOYAL TEXTILE MILLS LTD       ,LOYALTEX  ,EQ,N,217.32,227.21,236.0,215.0,225.39,217.0,3.713418001104359,21.0,9.66316951960243,-0.8010210818185913
2026-09-08,LANDMARK PR.DEV.CO.LTD        ,LPDC      ,EQ,N,6.32,6.44,6.46,6.2,6.29,6.33,-0.4746835443038014,0.2599999999999998,4.113924050632908,-2.3291925465838563
2026-09-08,LARSEN & TOUBRO LTD.          ,LT        ,EQ,N,3999.0,3988.7,3988.7,3946.1,3946.1,3946.1,-1.3228307076769217,42.59999999999991,1.0652663165791425,-1.068017148444353
2026-09-08,L&T FINANCE LIMITED           ,LTF       ,EQ,N,312.5,311.1,311.9,308.3,308.3,308.3,-1.3439999999999963,3.599999999999966,1.151999999999989,-0.9000321440051466
2026-09-08,LT FOODS LIMITED              ,LTFOODS   ,EQ,N,448.95,449.55,466.8,447.0,455.25,453.8,1.4032743067156725,19.80000000000001,4.41029067824925,1.267934601267932
2026-09-08,NIP IND ETF LONGTERM GILT     ,LTGILTBEES,EQ,N,29.87,30.61,30.61,29.86,29.89,29.9,0.06695681285570663,0.75,2.5108804820890525,-2.352172492649457
2026-09-08,ZERODHAAMC - LTGILTCASE       ,LTGILTCASE,EQ,N,30.45,31.06,31.06,30.4,30.41,30.41,-0.13136288998357684,0.6600000000000001,2.1674876847290645,-2.0927237604636146
2026-09-08,LTM LIMITED                   ,LTM       ,EQ,N,4448.0,4445.0,4489.1,4405.0,4430.0,4430.0,-0.40467625899280574,84.10000000000036,1.8907374100719507,-0.3374578177727784
2026-09-08,L&T TECHNOLOGY SER. LTD.      ,LTTS      ,EQ,N,3414.2,3420.0,3440.0,3380.0,3389.1,3384.0,-0.7351648995372243,60.0,1.7573662937144865,-0.9035087719298273
2026-09-08,LUMAX INDUSTRIES LTD          ,LUMAXIND  ,EQ,N,6139.5,6104.5,6199.0,6080.5,6133.0,6197.0,-0.10587181366560794,118.5,1.9301246029806989,0.4668687034155131
2026-09-08,LUMAX AUTO TECH LTD           ,LUMAXTECH ,EQ,N,1935.5,1935.5,1965.0,1910.0,1955.9,1963.0,1.0539912167398653,55.0,2.8416429863084476,1.0539912167398653
2026-09-08,LUMINO INDUSTRIES LIMITED     ,LUMINO    ,EQ,N,114.82,116.23,118.0,107.2,108.12,108.21,-5.835220344887641,10.799999999999997,9.406026824595017,-6.977544523789038
2026-09-08,LUPIN LIMITED                 ,LUPIN     ,EQ,N,2105.0,2114.7,2116.0,2094.6,2104.7,2104.7,-0.014251781472692727,21.40000000000009,1.0166270783848024,-0.4728803139925285
2026-09-08,LUX INDUSTRIES LIMITED        ,LUXIND    ,EQ,N,1159.4,1159.4,1169.9,1121.1,1128.4,1130.0,-2.6737967914438503,48.80000000000018,4.209073658789044,-2.6737967914438503
2026-09-08,LAXMI ORGANIC INDUS LTD       ,LXCHEM    ,EQ,N,171.99,171.25,186.0,170.87,184.52,183.48,7.285307285307285,15.129999999999995,8.797023082737365,7.748905109489057
2026-09-08,MAHINDRA & MAHINDRA LTD       ,M&M       ,EQ,N,3160.0,3145.0,3163.0,3096.3,3160.0,3160.0,0.0,66.69999999999982,2.1107594936708804,0.47694753577106513
2026-09-08,M&M FIN. SERVICES LTD         ,M&MFIN    ,EQ,N,372.35,373.0,381.45,368.75,374.35,374.4,0.537129045253122,12.699999999999989,3.4107694373573216,0.36193029490617235
2026-09-08,MAAN ALUMINIUM LIMITED        ,MAANALU   ,EQ,N,115.27,116.5,119.78,113.3,114.34,114.0,-0.8068014227465886,6.480000000000004,5.621584106879504,-1.8540772532188812
2026-09-08,MACPOWER CNC MACHINES LTD     ,MACPOWER  ,EQ,N,1813.7,1808.8,1890.0,1808.8,1874.1,1890.0,3.3302089650989615,81.20000000000005,4.477035893477424,3.6101282618310457
2026-09-08,MADHAV MARBLE & GRANITE       ,MADHAV    ,EQ,N,35.0,36.2,36.2,35.01,35.84,35.85,2.4000000000000097,1.1900000000000048,3.400000000000014,-0.9944751381215453
2026-09-08,MADHAV INFRA PROJECTS L       ,MADHAVIPL ,EQ,N,7.91,7.91,8.07,7.86,8.03,8.06,1.5170670037926577,0.20999999999999996,2.654867256637168,1.5170670037926577
2026-09-08,MADRAS FERTILISERS LTD        ,MADRASFERT,EQ,N,64.56,65.0,66.2,64.16,64.37,64.3,-0.29429987608425917,2.0400000000000063,3.159851301115251,-0.9692307692307621
2026-09-08,MIRAEAMC - MAFANG             ,MAFANG    ,EQ,N,219.37,221.6,240.0,219.6,234.98,235.0,7.115831699867796,20.400000000000006,9.299357250307702,6.037906137184114
2026-09-08,MAFATLAL INDUSTRIES LTD.      ,MAFATIND  ,EQ,N,121.83,121.0,122.28,119.41,120.56,120.26,-1.0424361815644718,2.8700000000000045,2.3557416071575186,-0.36363636363636176
2026-09-08,MAGADH SUGAR & ENERGY LTD     ,MAGADSUGAR,EQ,N,573.95,573.95,578.05,559.75,563.8,566.95,-1.7684467288091457,18.299999999999955,3.1884310480006888,-1.7684467288091457
2026-09-08,MAGNUM VENTURES LTD.          ,MAGNUM    ,EQ,N,19.12,18.8,19.39,18.51,18.99,19.0,-0.6799163179916451,0.879999999999999,4.6025104602510405,1.0106382978723283
2026-09-08,BANK OF MAHARASHTRA           ,MAHABANK  ,EQ,N,85.0,84.55,85.9,84.0,84.79,84.79,-0.2470588235294044,1.9000000000000057,2.2352941176470655,0.2838557066824472
2026-09-08,MAHA RASHTRA APEX COPR. L     ,MAHAPEXLTD,EQ,N,55.94,55.98,57.6,54.5,55.41,55.0,-0.947443689667503,3.1000000000000014,5.54165176975331,-1.018220793140408
2026-09-08,MAHINDRA EPC IRRIG LTD        ,MAHEPC    ,EQ,N,103.17,105.0,105.0,102.0,102.75,103.39,-0.4070950857807519,3.0,2.9078220412910727,-2.142857142857143
2026-09-08,MIRAEAMC - MAHKTECH           ,MAHKTECH  ,EQ,N,23.04,23.61,23.61,23.01,23.09,23.11,0.21701388888889198,0.5999999999999979,2.604166666666657,-2.2024565861922896
2026-09-08,MAHINDRA LIFESPACE DEVLTD     ,MAHLIFE   ,EQ,N,360.15,360.25,368.95,356.3,366.15,363.75,1.665972511453561,12.649999999999977,3.512425378314585,1.6377515614156772
2026-09-08,MAHINDRA LOGISTIC LIMITED     ,MAHLOG    ,EQ,N,403.2,401.0,409.8,401.0,408.85,408.9,1.401289682539691,8.800000000000011,2.1825396825396854,1.9576059850374121
2026-09-08,MAHARASHTRA SCOOTERS LTD      ,MAHSCOOTER,EQ,N,13493.0,13493.0,13493.0,13203.0,13267.0,13207.0,-1.674942562810346,290.0,2.1492625805973464,-1.674942562810346
2026-09-08,MAHARASHTRA SEAMLESS LTD      ,MAHSEAMLES,EQ,N,688.95,690.35,694.85,676.05,680.65,681.0,-1.2047318383046763,18.800000000000068,2.7287901879672063,-1.4050843774896857
2026-09-08,MAITHAN ALLOYS LTD            ,MAITHANALL,EQ,N,1103.85,1119.4,1119.4,1058.45,1061.2,1065.0,-3.863749603659906,60.950000000000045,5.5215835484893825,-5.199213864570309
2026-09-08,MIRAEAMC - MAMFGETF           ,MAKEINDIA ,EQ,N,164.92,167.84,167.84,164.6,165.46,165.35,0.3274314819306455,3.240000000000009,1.9645888915838037,-1.4180171591992345
2026-09-08,MAKERS LABORATORIES LTD.      ,MAKERSL   ,EQ,N,186.75,191.0,191.0,182.01,184.63,182.01,-1.1352074966532824,8.990000000000009,4.813922356091036,-3.3350785340314157
2026-09-08,MALLCOM (INDIA) LIMITED       ,MALLCOM   ,EQ,N,977.3,962.55,999.9,962.55,981.65,977.65,0.44510385756676796,37.35000000000002,3.8217538115215417,1.984312503246587
2026-09-08,MALU PAPER MILLS LIMITED      ,MALUPAPER ,EQ,N,33.07,33.44,34.77,33.1,34.59,34.74,4.5963108557605175,1.6700000000000017,5.049894163894774,3.438995215311022
2026-09-08,MAMATA MACHINERY LIMITED      ,MAMATA    ,EQ,N,413.5,410.45,428.9,410.0,425.7,425.0,2.950423216444979,18.899999999999977,4.570737605804106,3.715434279449385
2026-09-08,MANAK ALUMINIUM CO. LTD.      ,MANAKALUCO,EQ,N,39.44,39.65,41.8,38.11,39.22,39.39,-0.5578093306288003,3.6899999999999977,9.355983772819467,-1.0844892812105922
2026-09-08,MAN COAT METAL & IND LTD      ,MANAKCOAT ,EQ,N,121.15,120.8,124.0,118.15,122.93,123.8,1.4692529921584823,5.849999999999994,4.828724721419722,1.7632450331125908
2026-09-08,MANAKSIA LTD.                 ,MANAKSIA  ,EQ,N,66.36,67.9,70.0,65.01,67.72,67.99,2.0494273658830613,4.989999999999995,7.519590114526816,-0.26509572901326484
2026-09-08,MANALI PETROCHEMICALS LT      ,MANALIPETC,EQ,N,86.16,86.0,93.0,85.0,90.08,89.8,4.54967502321263,8.0,9.285051067780874,4.744186046511626
2026-09-08,MANAPPURAM FINANCE LTD        ,MANAPPURAM,EQ,N,325.6,328.05,329.0,323.4,325.0,325.0,-0.18427518427519124,5.600000000000023,1.7199017199017268,-0.9297363206828262
2026-09-08,MANBA FINANCE LIMITED         ,MANBA     ,EQ,N,130.79,132.0,134.38,129.5,130.67,129.5,-0.09175013380228195,4.8799999999999955,3.7311721079593205,-1.0075757575757671
2026-09-08,MANGAL CREDIT N FINCORP L     ,MANCREDIT ,EQ,N,226.94,225.96,227.39,218.1,221.22,221.1,-2.5204899973561288,9.289999999999992,4.093593020181542,-2.0977164099840717
2026-09-08,MANGALAM DRUG & CHEM LTD      ,MANGALAM  ,EQ,N,29.57,30.1,30.1,28.83,29.33,29.22,-0.811633412242144,1.2700000000000031,4.294893473114654,-2.5581395348837312
2026-09-08,MANGALAM CEMENT LTD           ,MANGLMCEM ,EQ,N,1090.2,1084.6,1095.0,1054.0,1062.5,1065.0,-2.540818198495693,41.0,3.760777838928637,-2.037617554858926
2026-09-08,MAN INDUSTRIES (I) LTD.       ,MANINDS   ,EQ,N,819.4,829.4,844.4,809.5,821.7,817.1,0.2806931901391345,34.89999999999998,4.259214059067608,-0.9283819628647133
2026-09-08,MAN INFRA LTD                 ,MANINFRA  ,EQ,N,124.42,124.75,131.0,123.15,127.75,127.8,2.676418582221506,7.849999999999994,6.309275036167813,2.404809619238477
2026-09-08,MANIPAL HEALTH ENTERPRI L     ,MANIPALHOS,EQ,N,727.25,729.75,729.95,710.3,718.95,717.8,-1.1412856651770305,19.65000000000009,2.7019594362323947,-1.4799588900308263
2026-09-08,MANKIND PHARMA LIMITED        ,MANKIND   ,EQ,N,2318.0,2318.0,2330.8,2301.0,2309.0,2309.0,-0.3882657463330457,29.800000000000182,1.2855910267472037,-0.3882657463330457
2026-09-08,MANOMAY TEX INDIA LTD         ,MANOMAY   ,EQ,N,234.48,238.49,240.0,223.0,232.8,232.98,-0.7164790174001955,17.0,7.25008529512112,-2.3858442702000073
2026-09-08,MANORAMA INDUSTRIES LTD       ,MANORAMA  ,EQ,N,2003.6,2003.6,2149.5,1986.1,2132.9,2128.5,6.453383908963875,163.4000000000001,8.155320423238175,6.453383908963875
2026-09-08,MANGALAM ORGANICS LIMITED     ,MANORG    ,EQ,N,494.7,498.65,505.45,476.15,496.75,498.9,0.41439256114817297,29.30000000000001,5.922781483727515,-0.3810287776997849
2026-09-08,NIPPONAMC - MANUFGBEES        ,MANUFGBEES,EQ,N,162.77,163.16,163.65,162.43,162.66,163.47,-0.06758002088837847,1.2199999999999989,0.7495238680346494,-0.3064476587398872
2026-09-08,VEDANT FASHIONS LIMITED       ,MANYAVAR  ,EQ,N,586.25,588.7,588.7,576.2,579.55,578.5,-1.1428571428571506,12.5,2.1321961620469083,-1.5542721250212486
2026-09-08,C.E. INFO SYSTEMS LIMITED     ,MAPMYINDIA,EQ,N,976.0,976.0,980.8,963.5,968.8,970.0,-0.7377049180327915,17.299999999999955,1.7725409836065527,-0.7377049180327915
2026-09-08,MARAL OVERSEAS LTD            ,MARALOVER ,EQ,N,64.26,65.5,68.89,64.0,65.83,66.0,2.443199502023021,4.890000000000001,7.609710550887022,0.5038167938931272
2026-09-08,MARATHON NXTGEN REALT LTD     ,MARATHON  ,EQ,N,459.5,463.95,467.4,443.65,446.35,446.8,-2.86180631120783,23.75,5.168661588683351,-3.7935122319215355
2026-09-08,MARICO LIMITED                ,MARICO    ,EQ,N,806.0,806.55,825.45,801.35,823.9,823.9,2.220843672456573,24.100000000000023,2.9900744416873475,2.1511375612175345
2026-09-08,MARINE ELECTRICAL (I) LTD     ,MARINE    ,EQ,N,419.95,415.5,432.3,413.8,416.45,415.7,-0.8334325514942256,18.5,4.405286343612335,0.22864019253910675
2026-09-08,MARKOLINES PAVEMENT TEC L     ,MARKOLINES,EQ,N,175.36,174.9,178.25,172.96,177.17,177.45,1.032162408759109,5.289999999999992,3.01665145985401,1.2978845054316648
2026-09-08,MARKSANS PHARMA LIMITED       ,MARKSANS  ,EQ,N,335.05,337.5,349.95,331.6,335.9,335.0,0.2536934785852756,18.349999999999966,5.476794508282336,-0.4740740740740808
2026-09-08,MARSONS LIMITED               ,MARSONS   ,EQ,N,128.83,129.0,133.89,128.5,131.07,130.5,1.7387254521462239,5.389999999999986,4.183808119226877,1.6046511627906923
2026-09-08,MARUTI SUZUKI INDIA LTD.      ,MARUTI    ,EQ,N,12760.0,12758.0,12758.0,12582.0,12641.0,12641.0,-0.9326018808777429,176.0,1.3793103448275863,-0.9170716413230914
2026-09-08,MAS FINANCIAL SERV LTD        ,MASFIN    ,EQ,N,295.25,293.05,297.1,289.3,290.15,290.5,-1.7273497036409897,7.800000000000011,2.641828958509741,-0.989592219757732
2026-09-08,MIRAEAMC - MASPTOP50          ,MASPTOP50 ,EQ,N,85.9,85.9,98.78,85.0,97.01,97.0,12.933643771827704,13.780000000000001,16.041909196740395,12.933643771827704
2026-09-08,MASTEK LTD                    ,MASTEK    ,EQ,N,1691.7,1691.7,1703.9,1647.9,1654.2,1655.0,-2.2167050895548854,56.0,3.3102796004019623,-2.2167050895548854
2026-09-08,MASTER TRUST LIMITED          ,MASTERTR  ,EQ,N,88.86,88.0,100.0,87.79,92.09,91.5,3.6349313526896285,12.209999999999994,13.740715732613094,4.647727272727276
2026-09-08,MATRIMONY.COM LIMITED         ,MATRIMONY ,EQ,N,521.45,519.4,522.45,514.0,516.05,514.3,-1.035573880525475,8.450000000000045,1.620481350081512,-0.644974971120528
2026-09-08,MAWANA SUGARS LIMITED         ,MAWANASUG ,EQ,N,145.11,143.23,146.11,142.11,142.51,142.22,-1.7917441940596943,4.0,2.7565295293225827,-0.5026879843608175
2026-09-08,MAX ESTATES LIMITED           ,MAXESTATES,EQ,N,543.2,539.0,545.0,534.0,538.15,535.7,-0.9296759941089963,11.0,2.0250368188512518,-0.15769944341373335
2026-09-08,MAX HEALTHCARE INS LTD        ,MAXHEALTH ,EQ,N,992.0,992.5,996.9,982.4,993.0,993.0,0.10080645161290322,14.5,1.4616935483870968,0.05037783375314861
2026-09-08,MAX INDIA LIMITED             ,MAXIND    ,EQ,N,147.69,147.18,150.73,147.0,147.22,147.03,-0.31823413907508896,3.7299999999999898,2.525560295212939,0.027177605652936566
2026-09-08,MAYUR UNIQUOTERS LTD          ,MAYURUNIQ ,EQ,N,712.4,709.05,752.35,702.0,740.55,739.35,3.95143177989893,50.35000000000002,7.067658618753512,4.442563994076582
2026-09-08,MAZAGON DOCK SHIPBUIL LTD     ,MAZDOCK   ,EQ,N,2454.2,2454.2,2479.5,2435.6,2466.4,2466.4,0.49710700024449006,43.90000000000009,1.78877027137153,0.49710700024449006
2026-09-08,MADHYA BHARAT AGRO P. LTD     ,MBAPL     ,EQ,N,163.01,163.0,168.48,161.5,164.37,164.3,0.8343046438868864,6.97999999999999,4.281945892890001,0.840490797546015
2026-09-08,M AND B ENGINEERING LTD       ,MBEL      ,EQ,N,268.05,271.75,272.4,261.75,267.7,265.6,-0.13057265435553916,10.649999999999977,3.9731393396754253,-1.4903403863845488
2026-09-08,MBL INFRASTRUCTURE LTD        ,MBLINFRA  ,EQ,N,23.35,22.85,24.25,22.84,23.97,23.98,2.6552462526766485,1.4100000000000001,6.038543897216274,4.901531728665196
2026-09-08,MAC CHARLES (INDIA) LTD.      ,MCCHRLS-B ,EQ,N,679.9,684.45,684.45,659.0,670.0,670.0,-1.4560964847771698,25.450000000000045,3.743197529048396,-2.11118416246622
2026-09-08,M TEK COPPER LIMITED          ,MCL       ,EQ,N,57.02,58.0,59.95,58.0,59.35,59.7,4.086285513854785,1.9500000000000028,3.4198526832690335,2.3275862068965543
2026-09-08,MCLEOD RUSSEL INDIA LTD.      ,MCLEODRUSS,EQ,N,45.17,45.26,45.9,44.7,44.96,44.91,-0.46491033872039145,1.1999999999999957,2.6566305069736456,-0.6628369421122341
2026-09-08,MAGELLANIC CLOUD LIMITED      ,MCLOUD    ,EQ,N,25.97,26.08,26.2,25.81,25.92,25.89,-0.19252984212551852,0.39000000000000057,1.501732768579132,-0.6134969325153244
2026-09-08,MULTI COMMODITY EXCHANGE      ,MCX       ,EQ,N,3330.2,3350.0,3366.4,3279.9,3342.0,3342.0,0.35433307308870887,86.5,2.5974415950993937,-0.23880597014925373
2026-09-08,GLOBAL HEALTH LIMITED         ,MEDANTA   ,EQ,N,1422.6,1425.8,1434.9,1403.4,1428.6,1432.0,0.42176296921130324,31.5,2.214255588359342,0.19638097909944977
2026-09-08,MEDI ASSIST HEALTH SER L      ,MEDIASSIST,EQ,N,336.5,336.5,338.9,330.0,331.25,330.9,-1.5601783060921248,8.899999999999977,2.644873699851405,-1.5601783060921248
2026-09-08,MEDICAMEN BIOTECH LIMITED     ,MEDICAMEQ ,EQ,N,279.25,282.0,287.8,275.0,285.75,286.0,2.3276633840644583,12.800000000000011,4.583706356311553,1.3297872340425532
2026-09-08,MEDI CAPS LTD.                ,MEDICAPQ  ,EQ,N,26.9,27.0,27.9,25.0,25.62,26.5,-4.758364312267649,2.8999999999999986,10.780669144981408,-5.111111111111107
2026-09-08,MEDICO REMEDIES LIMITED       ,MEDICO    ,EQ,N,40.77,41.11,41.11,39.03,39.28,39.36,-3.6546480255089575,2.0799999999999983,5.101790532254104,-4.45147166139625
2026-09-08,MEDPLUS HEALTH SERV LTD       ,MEDPLUS   ,EQ,N,659.7,656.0,667.0,655.8,663.45,660.15,0.5684402000909504,11.200000000000045,1.6977413976049787,1.135670731707324
2026-09-08,MEESHO LIMITED                ,MEESHO    ,EQ,N,210.3,210.3,213.9,208.71,211.06,210.6,0.36138849262957246,5.189999999999998,2.467902995720398,0.36138849262957246
2026-09-08,MEGASTAR FOODS LIMITED        ,MEGASTAR  ,EQ,N,300.1,309.0,309.0,287.25,288.85,289.75,-3.748750416527824,21.75,7.24758413862046,-6.521035598705495
2026-09-08,MANGAL ELECTRICAL IND L       ,MEIL      ,EQ,N,279.25,276.95,290.0,276.95,286.7,283.35,2.667860340196952,13.050000000000011,4.673231871083263,3.5204910633688393
2026-09-08,MENON PISTONS LTD.            ,MENNPIS   ,EQ,N,81.72,82.99,85.8,82.24,84.28,84.05,3.1326480665687746,3.5600000000000023,4.356338717572201,1.5544041450777277
2026-09-08,MERCANTILE VENTURES LTD.      ,MERCANTILE,EQ,N,24.43,24.92,27.2,23.73,24.72,24.67,1.187065083913218,3.469999999999999,14.203847728203026,-0.8025682182985667
2026-09-08,MERCURY EV-TECH LIMITED       ,MERCURYEV ,EQ,N,37.4,37.68,38.75,36.75,38.38,38.4,2.620320855614984,2.0,5.347593582887701,1.857749469214445
2026-09-08,MIRAEAMC - METAL              ,METAL     ,EQ,N,13.28,13.61,13.61,13.1,13.28,13.27,0.0,0.5099999999999998,3.840361445783131,-2.424687729610581
2026-09-08,ICICIPRAMC - METALIETF        ,METALIETF ,EQ,N,13.24,13.48,13.48,13.1,13.25,13.26,0.0755287009063428,0.3800000000000008,2.8700906344410937,-1.7062314540059378
2026-09-08,METRO BRANDS LIMITED          ,METROBRAND,EQ,N,934.5,934.55,952.0,926.2,948.55,950.0,1.5034777956126222,25.799999999999955,2.7608346709470255,1.4980471884864373
2026-09-08,METROGLOBAL LTD.              ,METROGLOBL,EQ,N,140.0,140.0,140.0,138.0,139.9,139.9,-0.07142857142856737,2.0,1.4285714285714286,-0.07142857142856737
2026-09-08,METROPOLIS HEALTHCARE LTD     ,METROPOLIS,EQ,N,577.75,578.0,588.75,577.3,582.2,582.55,0.7702293379489477,11.450000000000045,1.9818260493293025,0.7266435986159248
2026-09-08,MAHALAXMI FABRIC MILLS LT     ,MFML      ,EQ,N,18.62,19.0,19.7,18.62,18.69,19.3,0.37593984962406163,1.0799999999999983,5.800214822771204,-1.6315789473684146
2026-09-08,MAX FINANCIAL SERV LTD        ,MFSL      ,EQ,N,1520.0,1511.0,1527.0,1485.0,1498.7,1498.7,-1.4013157894736812,42.0,2.763157894736842,-0.814030443414954
2026-09-08,MANGALAM GLOBAL ENT LTD       ,MGEL      ,EQ,N,15.72,15.9,16.2,15.41,15.5,15.5,-1.3994910941475867,0.7899999999999991,5.0254452926208595,-2.5157232704402537
2026-09-08,MAHANAGAR GAS LTD.            ,MGL       ,EQ,N,1092.1,1088.0,1105.0,1088.0,1103.2,1103.0,1.0163904404358701,17.0,1.556634007874737,1.397058823529416
2026-09-08,MAHINDRA HOLIDAYS LTD         ,MHRIL     ,EQ,N,205.53,205.0,208.04,204.7,205.71,205.8,0.08757845569990115,3.3400000000000034,1.6250669002092168,0.346341463414638
2026-09-08,KOTAKMAMC - MID150            ,MID150    ,EQ,N,23.49,23.49,23.52,23.37,23.48,23.47,-0.04257130693911457,0.14999999999999858,0.6385696040868394,-0.04257130693911457
2026-09-08,NIP IND ETF MIDCAP 150        ,MID150BEES,EQ,N,239.11,242.99,242.99,237.91,239.02,238.11,-0.037639580109574425,5.0800000000000125,2.1245451884070143,-1.633812091032552
2026-09-08,ZERODHAAMC - MID150CASE       ,MID150CASE,EQ,N,11.63,11.79,11.79,11.59,11.63,11.64,0.0,0.1999999999999993,1.7196904557179644,-1.3570822731127938
2026-09-08,DSPAMC - MIDBANKADD           ,MIDBANKADD,EQ,N,17.38,17.38,17.47,17.38,17.43,17.4,0.28768699654776014,0.08999999999999986,0.51783659378596,0.28768699654776014
2026-09-08,KOTAKMAMC - KOTAKMID50        ,MIDCAP    ,EQ,N,18.43,18.8,18.8,18.39,18.5,18.55,0.379815518176887,0.41000000000000014,2.224633749321759,-1.5957446808510676
2026-09-08,DSPAMC - MIDCAPADD            ,MIDCAPADD ,EQ,N,23.12,23.12,23.26,23.06,23.1,23.26,-0.08650519031141683,0.20000000000000284,0.8650519031141991,-0.08650519031141683
2026-09-08,UTIAMC-MIDCAPBETA             ,MIDCAPBETA,EQ,N,233.48,233.28,233.98,232.77,233.87,233.87,0.16703786191537381,1.2099999999999795,0.5182456741476699,0.2529149519890275
2026-09-08,MIRAEAMC - MAM150ETF          ,MIDCAPETF ,EQ,N,23.61,24.2,24.2,23.53,23.63,23.65,0.08470986869970171,0.6699999999999982,2.83778060144006,-2.3553719008264475
2026-09-08,ICICIPRAMC - ICICIM150        ,MIDCAPIETF,EQ,N,23.9,23.91,24.0,23.8,23.91,24.0,0.04184100418410696,0.1999999999999993,0.8368200836820056,0.0
2026-09-08,MISHRA DHATU NIGAM LTD        ,MIDHANI   ,EQ,N,419.9,422.5,482.4,421.0,477.0,470.9,13.598475827578001,61.39999999999998,14.622529173612762,12.89940828402367
2026-09-08,DSPAMC - DSPQ50ETF            ,MIDQ50ADD ,EQ,N,24.92,25.42,26.01,24.42,24.92,24.9,0.0,1.5899999999999999,6.380417335473513,-1.9669551534225018
2026-09-08,ICICI PRUD MIDCAP SEL ETF     ,MIDSELIETF,EQ,N,19.78,19.78,19.93,19.75,19.89,19.93,0.5561172901921103,0.17999999999999972,0.9100101112234564,0.5561172901921103
2026-09-08,MIRAEAMC - MIDSMALL           ,MIDSMALL  ,EQ,N,51.74,52.26,52.26,51.69,51.97,52.09,0.44453034402782543,0.5700000000000003,1.1016621569385394,-0.554917719096822
2026-09-08,MIDWEST LIMITED               ,MIDWESTLTD,EQ,N,1062.6,1066.5,1093.0,1058.1,1078.4,1080.0,1.4869188782232434,34.90000000000009,3.284396762657641,1.1157993436474536
2026-09-08,MEGHNA INFRACON INFRA L       ,MIIL      ,EQ,N,710.15,719.0,725.85,700.5,704.6,707.65,-0.7815250299232492,25.350000000000023,3.569668379919739,-2.002781641168286
2026-09-08,MILKY MIST DAIRY FOOD L       ,MILKYMIST ,EQ,N,276.01,278.0,288.45,270.65,275.97,275.7,-0.014492228542430935,17.80000000000001,6.449041701387635,-0.7302158273381196
2026-09-08,MINDA CORPORATION LTD         ,MINDACORP ,EQ,N,695.55,692.0,711.0,690.05,708.3,710.5,1.8330817338796637,20.950000000000045,3.0120048882179637,2.355491329479762
2026-09-08,MINDTECK (INDIA) LIMITED      ,MINDTECK  ,EQ,N,168.74,168.74,171.97,160.1,165.0,162.3,-2.216427640156459,11.870000000000005,7.03449093279602,-2.216427640156459
2026-09-08,MIRZA INTERNATIONAL LIMIT     ,MIRZAINT  ,EQ,N,31.01,31.05,31.4,30.5,30.73,30.5,-0.9029345372460532,0.8999999999999986,2.902289584005155,-1.0305958132045097
2026-09-08,MITCON CON & ENG SER LTD      ,MITCON    ,EQ,N,80.58,81.5,84.99,79.03,80.74,80.0,0.1985604368329568,5.959999999999994,7.396376272027791,-0.9325153374233193
2026-09-08,MITTAL LIFE STYLE LIMITED     ,MITTAL    ,EQ,N,0.92,0.95,1.05,0.85,0.86,0.87,-6.521739130434788,0.20000000000000007,21.739130434782613,-9.473684210526313
2026-09-08,M K EXIM (INDIA) LTD.         ,MKEXIM    ,EQ,N,61.35,60.2,66.0,60.2,64.01,66.0,4.3357783211084,5.799999999999997,9.453952730236344,6.328903654485053
2026-09-08,M K PROTEINS LIMITED          ,MKPL      ,EQ,N,4.03,4.04,4.06,3.98,3.99,3.99,-0.9925558312655095,0.07999999999999963,1.985111662531008,-1.2376237623762332
2026-09-08,MILKFOOD LTD.                 ,MLKFOOD   ,EQ,N,85.8,85.8,87.99,82.1,84.87,84.98,-1.0839160839160753,5.890000000000001,6.864801864801866,-1.0839160839160753
2026-09-08,MM FORGINGS LTD               ,MMFL      ,EQ,N,618.1,615.0,623.05,603.3,615.85,612.1,-0.3640187671897751,19.75,3.1952758453324703,0.13821138211382483
2026-09-08,MMP INDUSTRIES LIMITED        ,MMP       ,EQ,N,444.95,454.75,485.0,449.5,478.5,477.0,7.540173053152042,35.5,7.97842454208338,5.222649807586586
2026-09-08,MMTC LIMITED                  ,MMTC      ,EQ,N,63.82,63.95,64.35,62.95,63.19,63.0,-0.9871513632090293,1.3999999999999915,2.1936696960200432,-1.1884284597341752
2026-09-08,MEDIA MATRIX WORLDWIDE L      ,MMWL      ,EQ,N,14.34,14.63,14.99,13.77,13.99,13.77,-2.4407252440725222,1.2200000000000006,8.50767085076709,-4.374572795625431
2026-09-08,KOTAKMAMC - KOTAKMNC          ,MNC       ,EQ,N,33.04,33.04,33.14,32.87,33.11,33.11,0.2118644067796619,0.2700000000000031,0.8171912832929877,0.2118644067796619
2026-09-08,MOTILALAMC - MOALPHA50        ,MOALPHA50 ,EQ,N,56.19,55.91,56.37,55.91,56.34,56.34,0.2669514148425088,0.46000000000000085,0.8186510055169973,0.7690931854766712
2026-09-08,MOTILALAMC - MOBANK10         ,MOBANK10  ,EQ,N,16.78,16.94,16.94,16.64,16.65,16.76,-0.7747318235995384,0.3000000000000007,1.7878426698450578,-1.7119244391971822
2026-09-08,ONE MOBIKWIK SYSTEMS LTD      ,MOBIKWIK  ,EQ,N,194.24,193.61,197.8,191.9,194.14,193.2,-0.05148270181220281,5.900000000000006,3.037479406919278,0.27374619079591583
2026-09-08,MOTILALAMC - MOCAPITAL        ,MOCAPITAL ,EQ,N,54.82,55.48,55.51,54.27,54.52,54.62,-0.5472455308281597,1.2399999999999949,2.261948194089739,-1.7303532804614163
2026-09-08,MOTILALAMC - MODEFENCE        ,MODEFENCE ,EQ,N,107.24,110.0,110.0,107.24,109.72,109.9,2.3125699365908283,2.760000000000005,2.5736665423349545,-0.2545454545454556
2026-09-08,MODI NATURALS LIMITED         ,MODINATUR ,EQ,N,344.8,345.95,358.0,340.35,353.6,352.25,2.55220417633411,17.649999999999977,5.1189095127610145,2.2113022113022214
2026-09-08,MODI RUBBER LTD               ,MODIRUBBER,EQ,N,128.99,128.15,133.0,117.31,124.72,126.89,-3.3103341344290333,15.689999999999998,12.163733622761452,-2.6765509168942696
2026-09-08,MODIS NAVNIRMAN LTD           ,MODIS     ,EQ,N,383.05,383.0,387.55,369.5,376.0,373.0,-1.8404907975460152,18.05000000000001,4.7121785667667435,-1.8276762402088773
2026-09-08,MODISON LIMITED               ,MODISONLTD,EQ,N,475.6,481.75,499.35,475.05,499.35,499.35,4.993692178301093,24.30000000000001,5.109335576114384,3.653347171769595
2026-09-08,MODERN THREADS INDIA LTD      ,MODTHREAD ,EQ,N,54.7,54.7,56.6,52.7,52.96,52.9,-3.180987202925049,3.8999999999999986,7.129798903107858,-3.180987202925049
2026-09-08,MOTILALAMC - MOENERGY         ,MOENERGY  ,EQ,N,37.89,38.07,38.52,37.65,38.4,38.52,1.3460015835312695,0.8700000000000045,2.2961203483768924,0.8668242710795857
2026-09-08,MOTILALAMC - MOGOLD           ,MOGOLD    ,EQ,N,150.25,152.35,152.35,148.5,150.6,150.8,0.2329450915141393,3.8499999999999943,2.5623960066555704,-1.1486708237610765
2026-09-08,MOTILALAMC - G5               ,MOGSEC    ,EQ,N,65.2,65.67,65.67,65.4,65.4,65.4,0.30674846625767305,0.269999999999996,0.41411042944784665,-0.41114664230241516
2026-09-08,MOTILALAMC - MOHEALTH         ,MOHEALTH  ,EQ,N,51.89,51.89,52.65,51.53,52.6,52.65,1.3682790518404333,1.1199999999999974,2.1584120254384223,1.3682790518404333
2026-09-08,MOHITE INDUSTRIES LTD.        ,MOHITE    ,EQ,N,2.81,2.84,2.84,2.71,2.71,2.71,-3.5587188612099676,0.1299999999999999,4.62633451957295,-4.577464788732391
2026-09-08,MOHIT INDUSTRIES LTD          ,MOHITIND  ,EQ,N,23.73,23.58,24.85,23.5,23.5,23.5,-0.969237252423095,1.3500000000000014,5.689001264222509,-0.3392705682781947
2026-09-08,MOIL LIMITED                  ,MOIL      ,EQ,N,247.22,247.51,253.3,247.0,251.49,251.78,1.7272065366879745,6.300000000000011,2.5483375131461905,1.6080158377439369
2026-09-08,MOTILALAMC - MOINFRA          ,MOINFRA   ,EQ,N,58.51,58.51,58.58,58.21,58.5,58.5,-0.017091095539220665,0.36999999999999744,0.632370534951286,-0.017091095539220665
2026-09-08,MOTILALAMC - MOIPO            ,MOIPO     ,EQ,N,48.66,48.66,48.95,48.4,48.7,48.7,0.08220304151254881,0.5500000000000043,1.1302918207973782,0.08220304151254881
2026-09-08,MOKSH ORNAMENTS LIMITED       ,MOKSH     ,EQ,N,10.13,10.01,10.28,9.66,10.0,10.0,-1.283316880552821,0.6199999999999992,6.1204343534057175,-0.09990009990009778
2026-09-08,MEGHMANI ORGANICS LIMITED     ,MOL       ,EQ,N,65.73,65.75,67.68,64.85,65.82,66.07,0.1369237790962866,2.8300000000000125,4.305492164917104,0.10646387832698581
2026-09-08,MOLBIO DIAGNOSTICS LTD        ,MOLBIO    ,EQ,N,1127.2,1127.2,1155.0,1110.2,1117.5,1118.0,-0.8605393896380452,44.799999999999955,3.9744499645138354,-0.8605393896380452
2026-09-08,MOLD-TEK PACKAGING LTD        ,MOLDTKPAC ,EQ,N,697.6,695.0,708.95,694.0,697.55,695.0,-0.007167431192670329,14.950000000000045,2.143061926605511,0.36690647482013733
2026-09-08,MOTILALAMC - MOLOWVOL         ,MOLOWVOL  ,EQ,N,35.93,35.93,35.93,35.57,35.67,35.7,-0.7236292791539048,0.35999999999999943,1.0019482326746436,-0.7236292791539048
2026-09-08,MOTILAL OS MIDCAP100 ETF      ,MOM100    ,EQ,N,67.83,67.83,68.11,67.62,67.91,68.01,0.11794191360754577,0.4899999999999949,0.7223942208462256,0.11794191360754577
2026-09-08,ICICIPRAMC - ICICIMOM30       ,MOM30IETF ,EQ,N,31.23,31.23,31.65,31.23,31.53,31.65,0.9606147934678217,0.41999999999999815,1.3448607108549413,0.9606147934678217
2026-09-08,MOTILAL OSWAL M50 ETF         ,MOM50     ,EQ,N,249.1,246.55,248.82,246.55,247.72,248.5,-0.55399437976716,2.269999999999982,0.9112806101967009,0.47454877306833804
2026-09-08,BIRLASLAMC - MOMENTUM         ,MOMENTUM  ,EQ,N,31.18,31.22,31.8,31.15,31.46,31.4,0.8980115458627362,0.6500000000000021,2.084669660038493,0.7687379884689366
2026-09-08,KOTAKMAMC - MOMENTUM30        ,MOMENTUM30,EQ,N,30.76,30.83,31.12,30.73,30.98,30.8,0.7152145643693071,0.39000000000000057,1.2678803641092344,0.48653908530652656
2026-09-08,MOTILALAMC - MOMENTUM50       ,MOMENTUM50,EQ,N,54.33,54.87,55.03,53.85,54.92,55.02,1.0859561936315174,1.1799999999999997,2.171912387263022,0.09112447603427057
2026-09-08,MOTILALAMC - MOMETAL          ,MOMETAL   ,EQ,N,13.2,13.24,14.49,12.97,13.18,13.1,-0.15151515151514827,1.5199999999999996,11.515151515151514,-0.45317220543807024
2026-09-08,MOTILALAMC - MOMGF            ,MOMGF     ,EQ,N,161.86,162.05,162.65,161.24,161.24,161.24,-0.3830470777214905,1.4099999999999966,0.871123192882736,-0.4998457266275854
2026-09-08,MOTILALAMC - MOMIDMTM         ,MOMIDMTM  ,EQ,N,64.44,64.93,64.99,64.12,64.87,64.95,0.6672873991309851,0.8699999999999903,1.3500931098696312,-0.09240720776220895
2026-09-08,MIRAEAMC - MOMMIDCAP          ,MOMMIDCAP ,EQ,N,12.96,13.0,13.11,12.97,13.09,13.11,1.0030864197530787,0.1399999999999988,1.0802469135802375,0.6923076923076912
2026-09-08,MOTILALAMC - MOMNC            ,MOMNC     ,EQ,N,32.02,32.0,32.1,31.97,32.1,32.1,0.2498438475952476,0.13000000000000256,0.405996252342294,0.31250000000000444
2026-09-08,MOTILALAMC - MOMOMENTUM       ,MOMOMENTUM,EQ,N,62.06,63.3,63.3,62.06,62.43,62.37,0.5961972284885553,1.2399999999999949,1.9980663873670559,-1.3744075829383846
2026-09-08,MOTILAL OS NASDAQ100 ETF      ,MON100    ,EQ,N,336.35,339.71,349.0,331.4,344.7,344.18,2.482533075665219,17.600000000000023,5.232644566671628,1.4688999440699448
2026-09-08,MOTILALAMC - MON50EQUAL       ,MON50EQUAL,EQ,N,33.08,32.85,32.9,32.7,32.84,32.9,-0.7255139056831769,0.19999999999999574,0.6045949214026474,-0.030441400304407944
2026-09-08,MONARCH NETWORTH CAP LTD      ,MONARCH   ,EQ,N,383.25,382.9,385.05,378.65,382.45,382.0,-0.20874103065884184,6.400000000000034,1.66992824527072,-0.1175241577435332
2026-09-08,MOTILALAMC - MONEXT50         ,MONEXT50  ,EQ,N,72.41,72.69,72.88,72.39,72.83,72.88,0.58003038254385,0.4899999999999949,0.6767021129678151,0.19259870683725488
2026-09-08,MONEYBOXX FINANCE LIMITED     ,MONEYBOXX ,EQ,N,56.83,59.0,59.0,56.0,56.01,56.0,-1.442899876825621,3.0,5.278901988386416,-5.067796610169495
2026-09-08,MOTILALAMC - MONIFTY100       ,MONIFTY100,EQ,N,25.15,25.04,25.06,24.9,24.94,25.0,-0.8349900596421365,0.16000000000000014,0.6361829025844936,-0.39936102236420873
2026-09-08,MOTILALAMC - MONIFTY500       ,MONIFTY500,EQ,N,23.78,23.83,23.83,23.65,23.72,23.69,-0.25231286795627533,0.17999999999999972,0.7569386038687961,-0.4616030214015923
2026-09-08,MOTILALAMC - MONQ50           ,MONQ50    ,EQ,N,164.09,168.19,196.9,164.0,195.77,196.0,19.306478152233534,32.900000000000006,20.049972576025354,16.39812117248351
2026-09-08,MONTE CARLO FASHIONS LTD.     ,MONTECARLO,EQ,N,575.45,576.7,576.7,554.8,558.5,558.05,-2.945520896689555,21.90000000000009,3.805717264749342,-3.1558869429512826
2026-09-08,MOTILALAMC - MOOILGAS         ,MOOILGAS  ,EQ,N,11.12,11.11,11.13,11.02,11.05,11.03,-0.6294964028776845,0.11000000000000121,0.989208633093536,-0.5400540054005286
2026-09-08,MOTILALAMC - MOPSE            ,MOPSE     ,EQ,N,99.05,99.0,99.46,98.92,99.46,99.46,0.4139323573952515,0.539999999999992,0.5451792024230107,0.46464646464645837
2026-09-08,MOTILALAMC - MOQUALITY        ,MOQUALITY ,EQ,N,197.14,198.72,199.75,197.98,199.27,199.27,1.0804504413107558,1.7700000000000102,0.8978390991173838,0.276771336553951
2026-09-08,MOTILALAMC - MOREALTY         ,MOREALTY  ,EQ,N,89.89,96.0,96.0,88.63,89.78,89.84,-0.12237178774057117,7.3700000000000045,8.198909778618315,-6.479166666666665
2026-09-08,MOREPEN LAB. LTD              ,MOREPENLAB,EQ,N,118.88,119.5,122.55,116.0,117.16,116.92,-1.4468371467025563,6.549999999999997,5.509757738896364,-1.9581589958159025
2026-09-08,MOSCHIP TECHNOLOGIES LTD      ,MOSCHIP   ,EQ,N,212.6,212.8,217.74,212.66,214.26,216.0,0.7808090310442128,5.0800000000000125,2.389463781749771,0.6860902255639002
2026-09-08,MOTILALAMC - MOSERVICE        ,MOSERVICE ,EQ,N,30.65,30.96,30.96,30.4,30.45,30.45,-0.6525285481239781,0.5600000000000023,1.827079934747153,-1.6472868217054313
2026-09-08,MOTILALAMC - MOSILVER         ,MOSILVER  ,EQ,N,227.8,229.0,231.19,227.43,229.24,229.55,0.6321334503950824,3.759999999999991,1.6505706760316028,0.10480349344978562
2026-09-08,MOTILALAMC - MOSMALL250       ,MOSMALL250,EQ,N,18.55,18.08,18.67,18.08,18.58,18.59,0.16172506738543171,0.5900000000000034,3.180592991913765,2.765486725663717
2026-09-08,SAMVRDHNA MTHRSN INTL LTD     ,MOTHERSON ,EQ,N,162.0,162.8,164.5,161.17,163.85,163.85,1.1419753086419717,3.3300000000000125,2.0555555555555634,0.6449631449631344
2026-09-08,MOTILAL OSWAL FIN LTD         ,MOTILALOFS,EQ,N,1055.0,1060.0,1060.2,1035.2,1051.5,1051.5,-0.33175355450236965,25.0,2.3696682464454977,-0.8018867924528302
2026-09-08,MOTISONS JEWELLERS LTD        ,MOTISONS  ,EQ,N,16.77,16.8,16.86,15.83,16.13,16.23,-3.8163387000596334,1.0299999999999994,6.141920095408464,-3.9880952380952484
2026-09-08,MOTOR & GENERAL FINANCE L     ,MOTOGENFIN,EQ,N,31.37,32.23,32.25,25.3,27.45,27.29,-12.496015301243231,6.949999999999999,22.15492508766337,-14.830902885510389
2026-09-08,MOTILALAMC - MOTOUR           ,MOTOUR    ,EQ,N,77.37,77.01,77.5,76.86,77.49,77.3,0.1550988755331399,0.6400000000000006,0.82719400284348,0.6232956758862351
2026-09-08,MOTILALAMC - MOVALUE          ,MOVALUE   ,EQ,N,112.05,112.5,112.61,111.5,111.69,111.9,-0.3212851405622485,1.1099999999999994,0.9906291834002672,-0.7200000000000021
2026-09-08,MPHASIS LIMITED               ,MPHASIS   ,EQ,N,2369.1,2374.0,2374.0,2335.1,2355.0,2355.0,-0.595162720020257,38.90000000000009,1.6419737453041279,-0.8003369839932603
2026-09-08,MPS LIMITED                   ,MPSLTD    ,EQ,N,2635.7,2625.0,2759.6,2606.0,2749.1,2750.2,4.302462343969348,153.5999999999999,5.82767386273096,4.7276190476190445
2026-09-08,MRF LTD                       ,MRF       ,EQ,N,128890.0,128750.0,129290.0,128000.0,128245.0,128400.0,-0.5004267204593064,1290.0,1.0008534409186127,-0.39223300970873787
2026-09-08,MRPL                          ,MRPL      ,EQ,N,173.19,174.43,176.26,170.75,172.96,173.8,-0.13280212483399143,5.509999999999991,3.181476990588366,-0.842744940663876
2026-09-08,360ONEAMC - MSCI360           ,MSCI360   ,EQ,N,10.07,10.12,10.12,10.02,10.02,10.02,-0.4965243296921619,0.09999999999999964,0.9930486593843062,-0.9881422924901151
2026-09-08,DSPAMC - MSCIADD              ,MSCIADD   ,EQ,N,29.3,29.15,29.28,29.15,29.27,29.27,-0.1023890784982974,0.13000000000000256,0.4436860068259473,0.4116638078902264
2026-09-08,KOTAKMAMC - MSCIINDIA         ,MSCIINDIA ,EQ,N,29.6,29.57,29.59,29.4,29.47,29.4,-0.4391891891891978,0.19000000000000128,0.6418918918918962,-0.33818058843422866
2026-09-08,MANGALAM SEEDS LTD.           ,MSL       ,EQ,N,144.0,149.0,150.0,140.0,140.1,140.1,-2.708333333333337,10.0,6.944444444444445,-5.9731543624161105
2026-09-08,MSP STEEL & POWER LTD.        ,MSPL      ,EQ,N,34.78,34.78,35.2,34.53,34.95,35.09,0.48878665899942986,0.6700000000000017,1.9263944795859738,0.48878665899942986
2026-09-08,MSTC LIMITED                  ,MSTCLTD   ,EQ,N,785.65,790.7,805.0,754.35,778.55,771.5,-0.903710303570295,50.64999999999998,6.446891109272575,-1.5366131276084596
2026-09-08,MOTHERSON SUMI WRNG IND L     ,MSUMI     ,EQ,N,36.9,36.65,36.77,36.34,36.61,36.7,-0.7859078590785886,0.4299999999999997,1.1653116531165304,-0.10914051841746016
2026-09-08,MAHANAGAR TELEPHONE NIGAM     ,MTNL      ,EQ,N,26.05,26.14,26.14,25.3,25.35,25.4,-2.687140115163145,0.8399999999999999,3.224568138195777,-3.0221882172915038
2026-09-08,MUFIN GREEN FINANCE LTD       ,MUFIN     ,EQ,N,136.17,136.24,138.33,135.0,135.35,135.0,-0.602188440919434,3.3300000000000125,2.4454725710509018,-0.6532589547856831
2026-09-08,CREDO BRANDS MARKETING L      ,MUFTI     ,EQ,N,74.0,74.0,74.8,73.3,73.91,74.15,-0.12162162162162624,1.5,2.027027027027027,-0.12162162162162624
2026-09-08,MUKAND LTD.                   ,MUKANDLTD ,EQ,N,136.9,136.42,138.2,135.45,137.66,137.25,0.5551497443389268,2.75,2.008765522279036,0.9089576308459237
2026-09-08,MUKESH BABU FINANC SER L      ,MUKESHB   ,EQ,N,133.84,133.45,135.0,133.45,133.45,133.45,-0.2913927077107104,1.5500000000000114,1.158099222952788,0.0
2026-09-08,MUKKA PROTEINS LIMITED        ,MUKKA     ,EQ,N,32.15,32.53,32.78,30.34,30.72,30.7,-4.447900466562985,2.4400000000000013,7.5894245723172675,-5.564094681832161
2026-09-08,MIRAEAMC - MULTICAP           ,MULTICAP  ,EQ,N,16.69,16.75,16.8,16.65,16.69,16.71,0.0,0.15000000000000213,0.8987417615338653,-0.35820895522387297
2026-09-08,MUNJAL AUTO IND. LTD.         ,MUNJALAU  ,EQ,N,116.04,115.99,115.99,112.3,112.8,112.77,-2.792140641158229,3.6899999999999977,3.1799379524301945,-2.750237089404257
2026-09-08,MUNJAL SHOWA LTD              ,MUNJALSHOW,EQ,N,129.21,128.12,130.59,126.0,128.75,128.9,-0.3560095967804411,4.590000000000003,3.552356628743908,0.4917265064002462
2026-09-08,MURUDESHWAR CERAMICS LTD      ,MURUDCERA ,EQ,N,29.33,29.02,29.93,28.0,29.08,29.28,-0.8523695874531197,1.9299999999999997,6.5802932151380835,0.20675396278428232
2026-09-08,MUTHOOT CAP SERV LTD          ,MUTHOOTCAP,EQ,N,239.07,244.8,244.8,231.1,234.39,234.1,-1.9575856443719442,13.700000000000017,5.730539172627271,-4.252450980392167
2026-09-08,MUTHOOT FINANCE LIMITED       ,MUTHOOTFIN,EQ,N,2880.0,2890.0,2899.7,2868.8,2899.7,2899.7,0.6840277777777715,30.899999999999636,1.072916666666654,0.3356401384082982
2026-09-08,MUTHOOT MICROFIN LIMITED      ,MUTHOOTMF ,EQ,N,197.93,196.54,202.45,196.2,201.57,201.0,1.8390340019198637,6.25,3.1576820087909865,2.5592754655540864
2026-09-08,MV ELECTROSYSTEMS LIMITED     ,MVELECTRO ,EQ,N,806.45,820.0,917.8,815.2,883.25,905.0,9.523219046438086,102.59999999999991,12.722425444850877,7.713414634146341
2026-09-08,MANOJ VAIBHAV GEM N JEW L     ,MVGJL     ,EQ,N,215.88,233.99,233.99,205.25,210.72,208.3,-2.3902167871039453,28.74000000000001,13.312951639799895,-9.944869438864913
2026-09-08,MANGALAM WORLDWIDE LTD        ,MWL       ,EQ,N,38.5,38.93,39.35,37.51,37.65,38.0,-2.207792207792212,1.8400000000000034,4.779220779220788,-3.2879527356794274
2026-09-08,NACL INDUSTRIES LIMITED       ,NACLIND   ,EQ,N,164.58,164.6,164.99,160.0,161.0,161.05,-2.1752339287884386,4.990000000000009,3.0319601409648853,-2.1871202916160355
2026-09-08,NAGREEKA CAP & INFR.LTD       ,NAGREEKCAP,EQ,N,23.75,23.25,24.29,22.31,23.38,22.8,-1.5578947368421094,1.9800000000000004,8.336842105263159,0.5591397849462323
2026-09-08,NAGREEKA EXPORTS LTD.         ,NAGREEKEXP,EQ,N,22.31,22.5,22.87,22.05,22.39,22.21,0.3585835948005462,0.8200000000000003,3.6754818467055146,-0.4888888888888864
2026-09-08,NAHAR CAP & FIN.              ,NAHARCAP  ,EQ,N,257.85,255.25,259.85,255.2,258.9,258.8,0.40721349621871417,4.650000000000034,1.8033740546829682,1.4299706170421067
2026-09-08,NAHAR INDS ENT LTD            ,NAHARINDUS,EQ,N,139.05,140.8,140.8,135.73,137.43,136.6,-1.1650485436893236,5.070000000000022,3.6461704422869627,-2.3934659090909123
2026-09-08,NAHAR POLY FILMS LIMITED      ,NAHARPOLY ,EQ,N,238.38,238.02,244.9,234.0,243.18,243.94,2.013591744273853,10.900000000000006,4.572531252621867,2.167885051676328
2026-09-08,NAHAR SPINNING MILLS LTD.     ,NAHARSPING,EQ,N,286.15,285.0,294.5,276.0,277.55,279.0,-3.005416739472293,18.5,6.465140660492749,-2.6140350877192944
2026-09-08,NIPPON L I A M LTD            ,NAM-INDIA ,EQ,N,1195.0,1194.0,1195.0,1180.0,1188.9,1188.9,-0.5104602510460174,15.0,1.2552301255230125,-0.42713567839195216
2026-09-08,NARMADA AGROBASE LIMITED      ,NARMADA   ,EQ,N,14.39,14.38,14.99,13.96,14.78,14.71,2.7102154273801164,1.0299999999999994,7.157748436414171,2.7816411682892808
2026-09-08,NATCO PHARMA LTD.             ,NATCOPHARM,EQ,N,838.3,838.3,846.85,823.4,825.75,825.0,-1.4970774185852267,23.450000000000045,2.7973279255636463,-1.4970774185852267
2026-09-08,NATH BIO-GENES (I) LTD        ,NATHBIOGEN,EQ,N,152.65,152.27,153.95,149.98,152.01,152.02,-0.41925974451360287,3.969999999999999,2.600720602685882,-0.17074932685362795
2026-09-08,NATIONAL ALUMINIUM CO LTD     ,NATIONALUM,EQ,N,365.9,370.7,378.3,367.8,371.05,371.05,1.407488384804601,10.5,2.8696365127083903,0.0944159697868958
2026-09-08,NATIONAL STAND (INDIA) L      ,NATIONSTD ,EQ,N,104.73,106.0,109.96,104.82,109.95,109.96,4.984245201947864,5.140000000000001,4.907858302301156,3.7264150943396253
2026-09-08,INFO EDGE (I) LTD             ,NAUKRI    ,EQ,N,1302.5,1274.5,1298.3,1251.9,1292.0,1292.0,-0.8061420345489444,46.399999999999864,3.562380038387705,1.3730874852883483
2026-09-08,NAVA LIMITED                  ,NAVA      ,EQ,N,556.25,559.95,559.95,551.0,554.55,556.95,-0.30561797752809805,8.950000000000045,1.608988764044952,-0.9643718189124191
2026-09-08,NAVIN FLUORINE INT. LTD       ,NAVINFLUOR,EQ,N,8603.5,8552.0,8754.0,8505.5,8731.0,8740.0,1.4819550183065031,248.5,2.88835938862091,2.0930776426566884
2026-09-08,NAVKAR CORPORATION LTD.       ,NAVKARCORP,EQ,N,96.02,95.5,96.97,94.11,94.75,95.0,-1.3226411164340721,2.8599999999999994,2.97854613622162,-0.7853403141361256
2026-09-08,NAVNEET EDUCATION LTD         ,NAVNETEDUL,EQ,N,131.84,131.6,131.6,130.0,130.16,130.19,-1.2742718446601993,1.5999999999999943,1.2135922330097044,-1.0942249240121564
2026-09-08,NAZARA TECHNOLOGIES LTD       ,NAZARA    ,EQ,N,370.3,368.0,370.7,366.0,368.4,368.1,-0.5130974885228285,4.699999999999989,1.2692411558196026,0.10869565217390686
2026-09-08,NBCC (INDIA) LIMITED          ,NBCC      ,EQ,N,86.0,85.54,86.1,84.88,86.0,86.0,0.0,1.2199999999999989,1.4186046511627894,0.53776011222819
2026-09-08,N.B.I. IND. FIN. CO. LTD      ,NBIFIN    ,EQ,N,1967.7,2000.0,2024.0,1962.0,1970.0,1970.0,0.1168877369517688,62.0,3.1508868221781774,-1.5
2026-09-08,NCC LIMITED                   ,NCC       ,EQ,N,150.67,150.6,152.5,147.55,148.65,148.4,-1.3406783035773424,4.949999999999989,3.2853255458949953,-1.2948207171314665
2026-09-08,NCL INDUSTRIES LIMITED        ,NCLIND    ,EQ,N,178.3,177.65,177.65,175.82,176.65,176.05,-0.9254066180594535,1.8300000000000125,1.0263600673023063,-0.5629045876723895
2026-09-08,NAGA DHUNSERI GROUP LTD       ,NDGL      ,EQ,N,2790.0,2820.0,2849.0,2775.0,2775.0,2775.0,-0.5376344086021506,74.0,2.6523297491039424,-1.5957446808510638
2026-09-08,NANDAN DENIM LIMITED          ,NDL       ,EQ,N,2.98,3.02,3.03,2.91,2.92,2.92,-2.0134228187919483,0.11999999999999966,4.0268456375838815,-3.3112582781456985
2026-09-08,NDL VENTURES LIMITED          ,NDLVENTURE,EQ,N,120.57,121.1,128.8,121.1,126.18,128.8,4.652898731027631,7.700000000000017,6.386331591606551,4.1948802642444365
2026-09-08,NDR AUTO COMPONENTS LTD       ,NDRAUTO   ,EQ,N,721.45,717.1,727.15,710.05,717.65,718.6,-0.5267170282070923,17.100000000000023,2.3702266269318764,0.07669781062612668
2026-09-08,NDTV LTD                      ,NDTV      ,EQ,N,72.87,73.8,74.8,72.15,73.03,74.8,0.2195690956497826,2.6499999999999915,3.6366131466995903,-1.0433604336043307
2026-09-08,NEELAMALAI AGRO INDS. L       ,NEAGI     ,EQ,N,3449.0,3449.0,3470.0,3449.0,3470.0,3470.0,0.6088721368512612,21.0,0.6088721368512612,0.6088721368512612
2026-09-08,NECTAR LIFESCIENCES LTD.      ,NECLIFE   ,EQ,N,12.07,12.2,12.45,12.08,12.15,12.1,0.6628003314001663,0.3699999999999992,3.06545153272576,-0.40983606557376173
2026-09-08,NELCAST LIMITED               ,NELCAST   ,EQ,N,114.77,114.8,115.9,113.0,114.18,114.9,-0.514071621503868,2.9000000000000057,2.5267927158665207,-0.5400696864111414
2026-09-08,NELCO LTD                     ,NELCO     ,EQ,N,933.2,933.0,1019.0,917.6,973.1,971.7,4.275610801543075,101.39999999999998,10.865837976853832,4.297963558413722
2026-09-08,NEOGEN CHEMICALS LIMITED      ,NEOGEN    ,EQ,N,2207.1,2223.2,2250.0,2175.7,2213.0,2216.0,0.26731910651987184,74.30000000000018,3.3664084092247832,-0.4587981288233096
2026-09-08,NEPHROCARE HEALTH SERV L      ,NEPHROPLUS,EQ,N,710.85,713.0,748.6,707.1,744.1,743.0,4.677498769079271,41.5,5.838081170429767,4.36185133239832
2026-09-08,NESCO LTD.                    ,NESCO     ,EQ,N,1076.0,1085.0,1140.0,1072.6,1117.1,1120.3,3.819702602230475,67.40000000000009,6.263940520446106,2.9585253456221117
2026-09-08,NESTLE INDIA LIMITED          ,NESTLEIND ,EQ,N,1398.0,1397.4,1415.1,1392.9,1400.5,1400.5,0.17882689556509299,22.199999999999818,1.5879828326180128,0.2218405610419285
2026-09-08,TATAAML - NETF                ,NETF      ,EQ,N,258.45,259.9,262.98,256.77,257.91,257.6,-0.20893789901333476,6.210000000000036,2.4027858386535255,-0.7656791073489622
2026-09-08,NETWEB TECH INDIA LTD         ,NETWEB    ,EQ,N,5157.0,5186.0,5228.5,5071.5,5087.5,5101.0,-1.3476827612953268,157.0,3.0444056622067093,-1.8993443887389125
2026-09-08,NETWORK18 MEDIA & INV LTD     ,NETWORK18 ,EQ,N,27.64,27.5,27.63,27.18,27.3,27.29,-1.230101302460202,0.4499999999999993,1.628075253256148,-0.7272727272727246
2026-09-08,NEULAND LAB LTD.              ,NEULANDLAB,EQ,N,22870.0,23010.0,24100.0,23010.0,23995.0,23970.0,4.919108001749016,1090.0,4.766069086139046,4.280747501086484
2026-09-08,NEWGEN SOFTWARE TECH LTD      ,NEWGEN    ,EQ,N,520.7,519.0,520.4,513.0,514.0,514.0,-1.2867294027271068,7.399999999999977,1.4211638179373876,-0.9633911368015413
2026-09-08,DSPAMC - NEXT30ADD            ,NEXT30ADD ,EQ,N,42.49,42.32,42.6,42.32,42.6,42.6,0.25888444339844535,0.28000000000000114,0.6589785831960487,0.6616257088846907
2026-09-08,MIRAEAMC - MANXT50            ,NEXT50    ,EQ,N,748.99,749.0,755.16,749.0,753.77,755.15,0.6381927662585579,6.159999999999968,0.8224408870612382,0.6368491321762325
2026-09-08,DSPAMC - NEXT50ADD            ,NEXT50ADD ,EQ,N,73.04,73.12,73.49,73.03,73.49,73.49,0.6161007667031607,0.45999999999999375,0.6297918948521273,0.5060175054704462
2026-09-08,UTIAMC-NEXT50BETA             ,NEXT50BETA,EQ,N,78.66,78.66,78.9,78.03,78.52,78.89,-0.17798118484617412,0.8700000000000045,1.1060259344012262,-0.17798118484617412
2026-09-08,KOTAKMAMC - NEXT50ETF         ,NEXT50ETF ,EQ,N,73.23,73.23,73.85,73.0,73.46,73.85,0.3140789294005049,0.8499999999999943,1.1607264782193012,0.3140789294005049
2026-09-08,ICICIPRAMC - ICICINXT50       ,NEXT50IETF,EQ,N,76.79,78.7,78.7,76.52,77.13,77.0,0.4427659851543028,2.180000000000007,2.838911316577688,-1.994917407878027
2026-09-08,NEXT MEDIAWORKS LIMITED       ,NEXTMEDIA ,EQ,N,3.76,3.76,3.91,3.72,3.86,3.89,2.659574468085109,0.18999999999999995,5.053191489361701,2.659574468085109
2026-09-08,NATIONAL FERT. LTD            ,NFL       ,EQ,N,70.32,70.2,71.28,70.11,70.35,70.16,0.04266211604095725,1.1700000000000017,1.663822525597272,0.2136752136752015
2026-09-08,NAKODA GROUP OF IND. LTD      ,NGIL      ,EQ,N,40.11,40.11,40.11,36.91,37.73,38.97,-5.933682373472956,3.200000000000003,7.978060334081285,-5.933682373472956
2026-09-08,NGL FINE CHEM LIMITED         ,NGLFINE   ,EQ,N,2873.0,2887.3,2911.8,2736.6,2811.6,2787.0,-2.1371388792203305,175.20000000000027,6.098155238426741,-2.621826620025639
2026-09-08,NARAYANA HRUDAYALAYA LTD.     ,NH        ,EQ,N,1911.8,1910.0,1924.0,1887.0,1897.4,1899.8,-0.7532168636886633,37.0,1.9353488858667227,-0.6596858638743408
2026-09-08,NHPC LTD                      ,NHPC      ,EQ,N,76.0,75.76,76.0,74.9,75.9,75.9,-0.13157894736841358,1.0999999999999943,1.447368421052624,0.18479408658922988
2026-09-08,THE NEW INDIA ASSU CO LTD     ,NIACL     ,EQ,N,231.2,231.2,232.0,199.52,205.22,205.0,-11.237024221453282,32.47999999999999,14.04844290657439,-11.237024221453282
2026-09-08,NIBE LIMITED                  ,NIBE      ,EQ,N,1318.0,1310.0,1357.8,1310.0,1331.5,1328.0,1.024279210925645,47.799999999999955,3.626707132018206,1.6412213740458017
2026-09-08,NRB INDUS. BEARINGS LTD.      ,NIBL      ,EQ,N,30.71,31.0,31.85,30.3,30.36,30.35,-1.1396939107782527,1.5500000000000007,5.047215890589387,-2.06451612903226
2026-09-08,NICCO PARKS & RESORTS LTD     ,NICCOPAR  ,EQ,N,79.27,81.25,83.0,80.11,80.33,80.33,1.3372019679576161,2.8900000000000006,3.6457676296202863,-1.1323076923076945
2026-09-08,NIP IND ETF NIFTY 100         ,NIF100BEES,EQ,N,264.6,265.38,265.38,262.92,263.3,263.7,-0.4913076341647813,2.4599999999999795,0.9297052154194932,-0.7837817469289261
2026-09-08,ICICI PRUD NIFTY 100 ETF      ,NIF100IETF,EQ,N,27.83,28.52,28.52,27.68,27.77,27.75,-0.2155946819978395,0.8399999999999999,3.0183255479698166,-2.6297335203366057
2026-09-08,UTIAMC - NIF500BETA           ,NIF500BETA,EQ,N,37.24,37.42,38.02,37.27,37.27,38.02,0.08055853920515879,0.75,2.0139634801288935,-0.4008551576696915
2026-09-08,KOTAK NIFTY ETF               ,NIFTY1    ,EQ,N,264.2,270.8,270.8,261.56,263.3,262.9,-0.3406510219530573,9.240000000000009,3.49735049205148,-2.7695716395864105
2026-09-08,KOTAKMAMC - NIFTY100EW        ,NIFTY100EW,EQ,N,34.85,35.18,35.18,34.64,34.77,34.75,-0.22955523672883296,0.5399999999999991,1.549497847919653,-1.1654349061966929
2026-09-08,DSPAMC - DSPNIFTY             ,NIFTYADD  ,EQ,N,250.91,250.39,250.59,249.02,250.03,250.59,-0.3507233669443209,1.5699999999999932,0.6257223705711185,-0.1437757098925617
2026-09-08,AXISAMC-NIFTYAXIS             ,NIFTYAXIS ,EQ,N,263.61,267.6,267.6,262.15,262.77,264.25,-0.3186525549106755,5.4500000000000455,2.0674481241227745,-1.804932735426024
2026-09-08,NIP IND ETF NIFTY BEES        ,NIFTYBEES ,EQ,N,271.21,271.64,271.64,269.79,270.05,270.12,-0.42771284244680075,1.849999999999966,0.682128240109128,-0.585333529671615
2026-09-08,UTIAMC-NIFTYBETA              ,NIFTYBETA ,EQ,N,263.89,263.89,265.22,257.29,262.87,263.14,-0.38652468831709497,7.930000000000007,3.005039978779039,-0.38652468831709497
2026-09-08,BFAM - NIFTYBETF              ,NIFTYBETF ,EQ,N,245.2,245.57,245.57,243.0,243.84,243.03,-0.5546492659053773,2.569999999999993,1.0481239804241407,-0.7044834466750782
2026-09-08,ZERODHAAMC - NIFTYCASE        ,NIFTYCASE ,EQ,N,9.56,9.79,9.79,9.5,9.52,9.55,-0.4184100418410139,0.28999999999999915,3.033472803347271,-2.757916241062304
2026-09-08,MIRAEAMC - MAN50ETF           ,NIFTYETF  ,EQ,N,258.42,258.47,259.33,257.1,257.53,257.75,-0.3444005881897853,2.2299999999999613,0.8629363052395176,-0.363678570046835
2026-09-08,ICICI PRUD NIFTY ETF          ,NIFTYIETF ,EQ,N,269.6,274.0,274.0,268.36,268.88,268.87,-0.26706231454006946,5.639999999999986,2.091988130563793,-1.8686131386861329
2026-09-08,JIOBLACKROCKAMC-NIFTYJBLK     ,NIFTYJBLK ,EQ,N,12.31,12.61,12.61,12.12,12.14,12.22,-1.3809910641754666,0.4900000000000002,3.980503655564583,-3.72720063441712
2026-09-08,BIRLASLAMC - NIFTYQLITY       ,NIFTYQLITY,EQ,N,21.09,21.19,21.19,21.0,21.04,21.05,-0.23707918444760887,0.19000000000000128,0.900900900900907,-0.7078810759792455
2026-09-08,NIIT LIMITED                  ,NIITLTD   ,EQ,N,97.22,97.02,99.37,95.01,95.34,95.29,-1.9337584859082446,4.359999999999999,4.4846739354042375,-1.731601731601724
2026-09-08,NIIT LEARNING SYSTEMS LTD     ,NIITMTS   ,EQ,N,220.72,221.0,225.0,220.21,223.51,222.24,1.264044943820221,4.789999999999992,2.1701703515766546,1.1357466063348376
2026-09-08,NILA INFRASTRUCTURES LTD      ,NILAINFRA ,EQ,N,6.71,6.67,7.0,6.4,6.62,6.66,-1.3412816691505194,0.5999999999999996,8.941877794336806,-0.7496251874062941
2026-09-08,NILA SPACES LIMITED           ,NILASPACES,EQ,N,12.23,12.23,13.2,12.18,12.78,12.7,4.4971381847914875,1.0199999999999996,8.340147179067863,4.4971381847914875
2026-09-08,NILE LTD.                     ,NILE      ,EQ,N,1459.0,1478.0,1491.0,1460.5,1471.7,1479.8,0.8704592186429092,30.5,2.0904729266620974,-0.4262516914749631
2026-09-08,NILKAMAL LIMITED              ,NILKAMAL  ,EQ,N,2063.2,2060.0,2134.0,2060.0,2112.0,2121.1,2.3652578518805827,74.0,3.5866614967041492,2.524271844660194
2026-09-08,NIMBUS PROJECTS LIMITED       ,NIMBSPROJ ,EQ,N,143.51,150.0,150.68,147.41,148.46,148.46,3.4492369869695616,3.2700000000000102,2.278586858058679,-1.0266666666666613
2026-09-08,NINTEC SYSTEMS LIMITED        ,NINSYS    ,EQ,N,705.85,715.0,715.0,703.2,709.1,710.3,0.46043777006446124,11.799999999999955,1.6717432882340375,-0.8251748251748219
2026-09-08,INDO-NATIONAL LIMITED         ,NIPPOBATRY,EQ,N,325.25,321.2,329.9,320.0,324.6,324.85,-0.19984627209837885,9.899999999999977,3.043812451960024,1.0585305105853158
2026-09-08,NIRAJ CEMENT STRUC LTD        ,NIRAJ     ,EQ,N,28.88,29.55,29.55,28.0,28.18,28.12,-2.423822714681438,1.5500000000000007,5.3670360110803355,-4.6362098138747925
2026-09-08,NIRLON LTD                    ,NIRLON    ,EQ,N,615.15,624.55,628.85,619.05,619.65,619.1,0.7315288953913679,9.800000000000068,1.5931073721856568,-0.7845648867184337
2026-09-08,NITCO LIMITED                 ,NITCO     ,EQ,N,93.84,93.85,94.39,92.46,93.46,94.0,-0.4049445865302746,1.9300000000000068,2.056692242114244,-0.4155567394778909
2026-09-08,NITIN SPINNERS LIMITED        ,NITINSPIN ,EQ,N,627.45,628.0,664.4,619.8,655.1,654.0,4.406725635508801,44.60000000000002,7.108136106462669,4.315286624203826
2026-09-08,NITIRAJ ENGINEERS LTD         ,NITIRAJ   ,EQ,N,231.04,235.95,235.95,224.0,230.92,229.96,-0.05193905817174712,11.949999999999989,5.172264542936284,-2.1318075863530415
2026-09-08,NITTA GELATIN INDIA LTD.      ,NITTAGELA ,EQ,N,1677.8,1703.0,1706.0,1654.2,1670.5,1666.8,-0.4350935749195348,51.799999999999955,3.087376326141373,-1.9083969465648856
2026-09-08,NIVA BUPA HEALTH INS CO L     ,NIVABUPA  ,EQ,N,80.67,81.09,81.1,80.01,80.55,80.57,-0.14875418371142252,1.0899999999999892,1.3511838353786898,-0.6659267480577213
2026-09-08,NK INDUSTRIES LTD             ,NKIND     ,EQ,N,57.21,65.8,65.8,58.65,61.05,61.09,6.7121132669113726,7.149999999999999,12.497815067295925,-7.218844984802432
2026-09-08,NLC INDIA LIMITED             ,NLCINDIA  ,EQ,N,269.3,269.3,272.7,268.35,272.25,272.0,1.095432603044927,4.349999999999966,1.6152989231340384,1.095432603044927
2026-09-08,NMDC LTD.                     ,NMDC      ,EQ,N,83.85,84.06,84.78,83.74,84.71,84.71,1.0256410256410249,1.0400000000000063,1.2403100775193874,0.7732571972400565
2026-09-08,NOCIL LIMITED                 ,NOCIL     ,EQ,N,172.23,172.0,186.8,171.35,185.07,184.5,7.45514718690124,15.450000000000017,8.970562619752668,7.598837209302321
2026-09-08,NOIDA TOLL BRIDGE CO LTD      ,NOIDATOLL ,EQ,N,4.02,4.02,4.05,3.93,3.99,4.0,-0.7462686567164021,0.11999999999999966,2.9850746268656634,-0.7462686567164021
2026-09-08,NORBEN TEA & EXPORTS LTD      ,NORBTEAEXP,EQ,N,67.71,67.8,69.86,66.12,69.75,67.05,3.012848914488268,3.739999999999995,5.523556343228467,2.87610619469027
2026-09-08,NORTHERN ARC CAPITAL LTD      ,NORTHARC  ,EQ,N,306.0,307.9,313.9,302.85,310.85,310.35,1.5849673202614454,11.049999999999955,3.611111111111096,0.9581032802858219
2026-09-08,NOVARTIS INDIA LIMITED        ,NOVARTIND ,EQ,N,1639.6,1659.0,1856.0,1640.1,1822.0,1834.0,11.124664552329842,215.9000000000001,13.167845816052704,9.82519590114527
2026-09-08,TATAAML - NPBET               ,NPBET     ,EQ,N,287.34,287.28,287.6,285.87,285.87,285.87,-0.5115890582584989,1.7300000000000182,0.6020741978144423,-0.4908103592314008
2026-09-08,NETWORK PEOPLE SRV TECH L     ,NPST      ,EQ,N,1740.4,1748.3,1753.5,1692.2,1716.5,1719.9,-1.3732475293036135,61.299999999999955,3.522178809469085,-1.8189097980895703
2026-09-08,N R AGARWAL INDS LTD          ,NRAIL     ,EQ,N,589.95,599.9,648.3,589.95,644.35,640.0,9.221120433935075,58.34999999999991,9.890668700737335,7.409568261376904
2026-09-08,NRB BEARING LIMITED           ,NRBBEARING,EQ,N,483.0,484.0,492.0,475.0,489.6,488.7,1.3664596273291971,17.0,3.5196687370600417,1.1570247933884343
2026-09-08,NALWA SONS INVESTMENT LTD     ,NSIL      ,EQ,N,5677.0,5656.0,5723.0,5650.0,5660.0,5650.0,-0.29945393693852385,73.0,1.2858904350889555,0.07072135785007072
2026-09-08,NMDC STEEL LIMITED            ,NSLNISP   ,EQ,N,45.87,46.19,46.25,44.81,45.02,45.05,-1.8530630041421285,1.4399999999999977,3.1393067364290337,-2.5330158042866304
2026-09-08,N T C INDUSTRIES LTD.         ,NTCIND    ,EQ,N,134.57,139.0,139.0,133.32,136.8,136.8,1.657130118154134,5.680000000000007,4.220851601397048,-1.582733812949632
2026-09-08,NTPC LTD                      ,NTPC      ,EQ,N,332.0,330.0,333.2,328.65,330.8,330.8,-0.36144578313252673,4.550000000000011,1.3704819277108469,0.24242424242424584
2026-09-08,NTPC GREEN ENERGY LIMITED     ,NTPCGREEN ,EQ,N,88.16,88.16,88.6,87.5,88.44,88.5,0.3176043557168797,1.0999999999999943,1.2477313974591588,0.3176043557168797
2026-09-08,NUCLEUS SOFTWARE EXPORTS      ,NUCLEUS   ,EQ,N,718.4,712.3,720.45,712.3,717.45,716.0,-0.13223830734965644,8.150000000000091,1.1344654788418835,0.7230099677102473
2026-09-08,NUVAMA WEALTH MANAGE LTD      ,NUVAMA    ,EQ,N,1832.4,1832.5,1849.9,1786.7,1836.4,1837.8,0.21829294913774283,63.200000000000045,3.449028596376339,0.2128240109140568
2026-09-08,NUVOCO VISTAS CORP LTD        ,NUVOCO    ,EQ,N,345.1,347.9,347.9,339.1,339.85,339.3,-1.5212981744421907,8.799999999999955,2.549985511445944,-2.3138832997987797
2026-09-08,KOTAKMAMC - KTKNV20ETF        ,NV20      ,EQ,N,13.82,13.82,13.82,13.71,13.75,13.76,-0.5065123010130267,0.10999999999999943,0.7959479015918918,-0.5065123010130267
2026-09-08,NIP IND ETF ETF NV20          ,NV20BEES  ,EQ,N,138.43,138.43,138.43,137.26,137.75,137.47,-0.4912230007946303,1.170000000000016,0.8451925160731171,-0.4912230007946303
2026-09-08,ICICI PRUDENTIAL NV20 ETF     ,NV20IETF  ,EQ,N,13.49,13.56,13.56,13.4,13.42,13.45,-0.518902891030395,0.16000000000000014,1.1860637509266132,-1.032448377581125
2026-09-08,FSN E COMMERCE VENTURES       ,NYKAA     ,EQ,N,332.7,333.1,341.55,333.1,341.0,341.0,2.4947400060114253,8.449999999999989,2.5398256687706606,2.3716601621134723
2026-09-08,ORIENTAL AROMATICS LTD        ,OAL       ,EQ,N,537.35,530.25,545.95,500.0,530.95,538.0,-1.1910300548990373,45.950000000000045,8.551223597282972,0.13201320132014058
2026-09-08,OBCL LIMITED                  ,OBCL      ,EQ,N,55.03,55.26,56.5,55.05,55.63,56.06,1.0903143739778327,1.4500000000000028,2.6349264037797617,0.6695620702135443
2026-09-08,OBEROI REALTY LIMITED         ,OBEROIRLTY,EQ,N,1847.5,1852.0,1857.2,1820.4,1833.8,1833.8,-0.7415426251691499,36.799999999999955,1.991880920162379,-0.9827213822894193
2026-09-08,ODIGMA CONSULTANCY SOL L      ,ODIGMA    ,EQ,N,22.46,22.98,22.98,21.41,21.99,21.9,-2.092609082813902,1.5700000000000003,6.990204808548532,-4.308093994778076
2026-09-08,ODYSSEY CORPORATION LTD.      ,ODYCORP   ,EQ,N,7.26,7.1,7.45,7.1,7.27,7.18,0.137741046831953,0.35000000000000053,4.820936639118465,2.3943661971830976
2026-09-08,ORACLE FIN SERV SOFT LTD.     ,OFSS      ,EQ,N,11847.0,11750.0,11815.0,11636.0,11780.0,11780.0,-0.5655440195830168,179.0,1.5109310373934328,0.2553191489361702
2026-09-08,OIL INDIA LTD                 ,OIL       ,EQ,N,487.0,486.4,501.3,482.8,495.4,495.4,1.7248459958932192,18.5,3.798767967145791,1.8503289473684212
2026-09-08,ICICIPRAMC - OILIETF          ,OILIETF   ,EQ,N,11.26,11.15,11.31,11.15,11.21,11.28,-0.4440497335701504,0.16000000000000014,1.420959147424513,0.5381165919282556
2026-09-08,OLA ELECTRIC MOBILITY LTD     ,OLAELEC   ,EQ,N,37.96,37.96,38.0,37.38,37.63,37.61,-0.8693361433087415,0.6199999999999974,1.6332982086406675,-0.8693361433087415
2026-09-08,OLECTRA GREENTECH LIMITED     ,OLECTRA   ,EQ,N,1207.4,1215.7,1224.0,1200.0,1213.7,1218.5,0.5217823422229546,24.0,1.9877422560874607,-0.16451427161306242
2026-09-08,OMAX AUTOS LTD                ,OMAXAUTO  ,EQ,N,177.63,177.63,178.86,167.35,170.75,173.99,-3.8732196138039723,11.51000000000002,6.479761301581951,-3.8732196138039723
2026-09-08,OMAXE LIMITED                 ,OMAXE     ,EQ,N,129.82,129.11,131.85,126.2,127.58,127.55,-1.7254660298875328,5.6499999999999915,4.352179941457397,-1.1850360158004918
2026-09-08,OM INFRA LIMITED              ,OMINFRAL  ,EQ,N,83.64,84.8,84.8,80.75,81.96,81.55,-2.0086083213773396,4.049999999999997,4.842180774748921,-3.349056603773589
2026-09-08,OMNITECH ENGINEERING LTD      ,OMNI      ,EQ,N,519.55,524.95,539.75,518.55,525.9,526.0,1.222211529207973,21.200000000000045,4.08045423924551,0.18096961615390642
2026-09-08,OM POWER TRANSMISSION LTD     ,OMPOWER   ,EQ,N,170.31,171.73,171.73,168.31,170.0,170.9,-0.18202102049204527,3.4199999999999875,2.0081028712348,-1.0073953298782916
2026-09-08,ONE GLOBAL SERVICE PROV L     ,ONEGLOBAL ,EQ,N,522.0,522.0,537.65,513.05,531.2,531.0,1.7624521072797021,24.600000000000023,4.712643678160924,1.7624521072797021
2026-09-08,ONE POINT ONE SOL LTD         ,ONEPOINT  ,EQ,N,57.73,57.83,58.25,56.07,56.36,56.38,-2.3731162307292526,2.1799999999999997,3.7761995496275764,-2.5419332526370377
2026-09-08,ONESOURCE SPECL PHARMA L      ,ONESOURCE ,EQ,N,1552.3,1560.0,1645.7,1557.5,1579.5,1583.4,1.752238613670041,88.20000000000005,5.681891386974171,1.25
2026-09-08,OIL AND NATURAL GAS CORP.     ,ONGC      ,EQ,N,233.7,234.8,238.0,232.22,236.0,236.0,0.9841677364142112,5.780000000000001,2.473256311510484,0.5110732538330445
2026-09-08,ONIDA ELECTRONICS LIMITED     ,ONIDA     ,EQ,N,34.81,34.85,35.74,34.12,34.76,34.75,-0.1436368859523248,1.6200000000000045,4.653835104854939,-0.25824964131995237
2026-09-08,ONIX SOLAR ENERGY LTD.        ,ONIXSOLAR ,EQ,N,423.2,434.0,444.35,425.0,444.3,444.35,4.98582230623819,19.350000000000023,4.572306238185261,2.3732718894009244
2026-09-08,ONWARD TECHNOLOGIES LTD       ,ONWARDTEC ,EQ,N,283.85,283.85,292.0,282.35,286.3,286.0,0.8631319358816235,9.649999999999977,3.399682931125586,0.8631319358816235
2026-09-08,OPTIEMUS INFRACOM LTD         ,OPTIEMUS  ,EQ,N,560.45,562.9,569.4,552.4,556.35,552.5,-0.7315550004460741,17.0,3.0332768311178517,-1.1636169834784074
2026-09-08,OPTIMUS FINANCE LTD.          ,OPTIFIN   ,EQ,N,14.43,14.43,15.15,14.36,14.52,14.5,0.6237006237006227,0.7900000000000009,5.474705474705481,0.6237006237006227
2026-09-08,ORCHASP LIMITED               ,ORCHASP   ,EQ,N,1.29,1.32,1.38,1.29,1.36,1.38,5.426356589147292,0.08999999999999986,6.9767441860465,3.030303030303033
2026-09-08,ORCHID PHARMA LIMITED         ,ORCHPHARMA,EQ,N,947.1,945.0,968.5,937.35,965.8,967.85,1.9744483159117234,31.149999999999977,3.288987435328896,2.2010582010581965
2026-09-08,ORICON ENTERPRISES LTD        ,ORICONENT ,EQ,N,52.92,52.25,55.48,52.25,53.16,52.92,0.45351473922901525,3.229999999999997,6.103552532123955,1.7416267942583668
2026-09-08,ORIENTAL TRIMEX LTD           ,ORIENTALTL,EQ,N,5.12,5.21,5.21,5.03,5.11,5.13,-0.19531249999999584,0.17999999999999972,3.5156249999999947,-1.9193857965450989
2026-09-08,ORIENT BELL LIMITED           ,ORIENTBELL,EQ,N,415.1,415.15,424.95,407.0,410.3,411.9,-1.156347867983621,17.94999999999999,4.32425921464707,-1.168252438877506
2026-09-08,ORIENT CEMENT LTD.            ,ORIENTCEM ,EQ,N,126.56,126.8,127.59,125.01,126.42,126.75,-0.11061946902654912,2.5799999999999983,2.0385587863463956,-0.2996845425867472
2026-09-08,ORIENT CERATECH LIMITED       ,ORIENTCER ,EQ,N,44.6,44.9,45.9,43.86,45.0,44.98,0.896860986547082,2.039999999999999,4.573991031390133,0.22271714922049313
2026-09-08,ORIENT ELECTRIC LIMITED       ,ORIENTELEC,EQ,N,176.38,177.84,177.84,174.5,175.54,175.45,-0.47624447216237864,3.3400000000000034,1.8936387345504044,-1.2932973459289312
2026-09-08,ORIENT HOTELS LTD             ,ORIENTHOT ,EQ,N,139.11,139.0,141.68,138.37,140.54,141.0,1.0279634821364232,3.3100000000000023,2.379411976133996,1.1079136690647424
2026-09-08,ORIENT PAPER AND INDS LTD     ,ORIENTPPR ,EQ,N,18.81,18.96,18.99,18.09,18.29,18.45,-2.764486975013289,0.8999999999999986,4.784688995215304,-3.5337552742616123
2026-09-08,ORIENT TECHNOLOGIES LTD       ,ORIENTTECH,EQ,N,235.16,235.16,237.0,232.0,233.43,234.0,-0.7356693315189615,5.0,2.1262119408062596,-0.7356693315189615
2026-09-08,ORIENTAL RAIL INFRA L         ,ORIRAIL   ,EQ,N,127.28,127.28,130.99,126.7,128.38,129.5,0.8642363293526039,4.290000000000006,3.370521684475178,0.8642363293526039
2026-09-08,ORISSA MIN DEV CO LTD         ,ORISSAMINE,EQ,N,4189.9,4197.9,4260.0,4178.0,4198.7,4191.3,0.21002887897086284,82.0,1.9570872813193634,0.019057147621434095
2026-09-08,ORKLA INDIA LIMITED           ,ORKLAINDIA,EQ,N,590.7,593.0,597.55,588.05,589.85,588.65,-0.1438970712713768,9.5,1.6082613847976976,-0.5311973018549709
2026-09-08,ORTIN GLOBAL LIMITED          ,ORTINGLOBE,EQ,N,15.44,16.2,16.2,15.32,15.93,16.1,3.1735751295336803,0.879999999999999,5.699481865284968,-1.6666666666666643
2026-09-08,OSWAL AGRO MILLS LTD          ,OSWALAGRO ,EQ,N,36.61,36.13,36.85,35.64,36.21,36.4,-1.0925976509150468,1.2100000000000009,3.30510789401803,0.2214226404649828
2026-09-08,OSWAL GREENTECH LIMITED       ,OSWALGREEN,EQ,N,20.27,20.38,20.44,20.01,20.29,20.36,0.0986679822397611,0.4299999999999997,2.121361618154907,-0.4416094210009807
2026-09-08,OSWAL PUMPS LIMITED           ,OSWALPUMPS,EQ,N,274.4,274.0,277.7,272.05,274.8,276.45,0.14577259475219903,5.649999999999977,2.0590379008746273,0.29197080291971217
2026-09-08,SHREEOSWAL S AND CHE LTD      ,OSWALSEEDS,EQ,N,12.06,12.25,12.5,11.86,12.14,12.08,0.6633499170812609,0.6400000000000006,5.306799336650087,-0.8979591836734647
2026-09-08,PACE DIGITEK LIMITED          ,PACEDIGITK,EQ,N,161.09,162.0,164.0,156.73,160.31,161.25,-0.48420137811161534,7.27000000000001,4.513005152399286,-1.0432098765432085
2026-09-08,PACIFIC INDUSTRIES LTD.       ,PACIFICI  ,EQ,N,140.0,140.0,140.0,140.0,140.0,140.0,0.0,0.0,0.0,0.0
2026-09-08,PAGE INDUSTRIES LTD           ,PAGEIND   ,EQ,N,35825.0,35700.0,36540.0,35505.0,35915.0,35915.0,0.2512212142358688,1035.0,2.889043963712491,0.6022408963585435
2026-09-08,PAISALO DIGITAL LIMITED       ,PAISALO   ,EQ,N,79.41,78.76,78.85,76.71,77.72,77.22,-2.128195441380176,2.1400000000000006,2.6948747009192804,-1.3204672422549597
2026-09-08,PAKKA LIMITED                 ,PAKKA     ,EQ,N,77.22,77.01,80.1,77.01,78.54,78.88,1.7094017094017189,3.089999999999989,4.001554001553988,1.9867549668874187
2026-09-08,PALASH SECURITIES LTD         ,PALASHSECU,EQ,N,89.2,90.98,91.9,88.0,88.14,88.0,-1.1883408071748904,3.9000000000000057,4.3721973094170465,-3.1215651791602586
2026-09-08,PALRED TECHNOLOGIES LTD       ,PALREDTEC ,EQ,N,56.12,55.84,56.0,53.32,53.32,53.32,-4.989308624376331,2.6799999999999997,4.775481111903065,-4.512893982808029
2026-09-08,PANACEA BIOTEC LTD            ,PANACEABIO,EQ,N,378.4,379.1,398.0,377.6,391.85,394.0,3.5544397463002237,20.399999999999977,5.391120507399572,3.3632286995515694
2026-09-08,PANAMA PETROCHEM LTD          ,PANAMAPET ,EQ,N,481.35,481.2,489.1,473.0,483.15,483.6,0.3739482704892395,16.100000000000023,3.3447595304871762,0.405236907730671
2026-09-08,PANCHMAHAL STEEL LTD.         ,PANCHMAHQ ,EQ,N,296.85,299.45,318.0,253.95,290.0,290.0,-2.30756274212566,64.05000000000001,21.576553815058112,-3.155785606946064
2026-09-08,PANORAMA STUDIOS INTL. L      ,PANORAMA  ,EQ,N,48.87,49.41,50.04,46.26,48.38,48.2,-1.0026601186822077,3.780000000000001,7.734806629834257,-2.0845982594616355
2026-09-08,PANSARI DEVELOPERS LTD        ,PANSARI   ,EQ,N,300.45,301.2,301.2,290.0,290.8,290.5,-3.2118488933266693,11.199999999999989,3.7277417207522014,-3.452855245683924
2026-09-08,PARAMOUNT COMM LTD            ,PARACABLES,EQ,N,65.61,65.56,69.5,64.85,69.05,69.2,5.243103185490013,4.650000000000006,7.087334247828084,5.323367907260517
2026-09-08,PARADEEP PHOSPHATES LTD       ,PARADEEP  ,EQ,N,157.98,158.69,166.5,157.98,159.79,160.1,1.145714647423726,8.52000000000001,5.393087732624389,0.6931753733694589
2026-09-08,PARAG MILK FOODS LTD.         ,PARAGMILK ,EQ,N,250.25,251.6,256.5,246.3,254.4,255.0,1.6583416583416606,10.199999999999989,4.075924075924071,1.1128775834658233
2026-09-08,PARAS DEF AND SPCE TECH L     ,PARAS     ,EQ,N,1489.4,1496.5,1563.9,1496.0,1504.0,1506.7,0.9802605075869416,67.90000000000009,4.558882771585879,0.5011693952555965
2026-09-08,PARAS PETROFILS LTD.          ,PARASPETRO,EQ,N,2.15,2.17,2.17,2.1,2.13,2.13,-0.9302325581395358,0.06999999999999984,3.255813953488365,-1.8433179723502322
2026-09-08,PARK MEDI WORLD LIMITED       ,PARKHOSPS ,EQ,N,286.8,286.9,286.9,281.7,282.25,282.55,-1.5864714086471448,5.199999999999989,1.8131101813110142,-1.6207737887765694
2026-09-08,PARKHOTELS                    ,PARKHOTELS,EQ,N,111.21,112.0,114.19,110.71,113.11,113.48,1.7084794532865801,3.480000000000004,3.1292149986512046,0.9910714285714282
2026-09-08,PARNAX LAB LTD.               ,PARNAXLAB ,EQ,N,132.99,126.73,129.35,125.15,125.9,125.9,-5.331227911873075,4.199999999999989,3.1581321903902464,-0.6549356900497105
2026-09-08,PASHUPATI COTSPIN LIMITED     ,PASHUPATI ,EQ,N,81.34,82.5,87.0,79.2,81.02,81.5,-0.39341037619868136,7.799999999999997,9.589377919842631,-1.7939393939393988
2026-09-08,PATANJALI FOODS LIMITED       ,PATANJALI ,EQ,N,340.9,342.0,342.8,339.0,342.0,342.0,0.3226752713405758,3.8000000000000114,1.1146963919037876,0.0
2026-09-08,PATEL ENGINEERING LTD.        ,PATELENG  ,EQ,N,27.1,27.0,27.22,26.72,26.93,26.94,-0.6273062730627369,0.5,1.8450184501845017,-0.2592592592592603
2026-09-08,PATEL RETAIL LIMITED          ,PATELRMART,EQ,N,217.99,217.8,218.79,214.17,215.2,215.18,-1.279875223634121,4.6200000000000045,2.11936327354466,-1.193755739210295
2026-09-08,PAUSHAK LIMITED               ,PAUSHAKLTD,EQ,N,763.1,767.0,780.95,744.35,770.7,777.5,0.9959376228541506,36.60000000000002,4.796225920587082,0.48239895697523405
2026-09-08,PAVNA INDUSTRIES LIMITED      ,PAVNAIND  ,EQ,N,16.09,16.25,16.68,16.1,16.18,16.13,0.5593536357986318,0.5799999999999983,3.604723430702289,-0.43076923076923246
2026-09-08,ONE 97 COMMUNICATIONS LTD     ,PAYTM     ,EQ,N,1664.0,1654.5,1676.7,1636.0,1670.0,1670.0,0.3605769230769231,40.700000000000045,2.4459134615384643,0.9368389241462678
2026-09-08,PCBL CHEMICAL LIMITED         ,PCBL      ,EQ,N,317.45,325.0,334.7,321.9,328.8,329.95,3.5753661994014876,12.800000000000011,4.032131044258942,1.1692307692307728
2026-09-08,PC JEWELLER LTD               ,PCJEWELLER,EQ,N,13.93,14.23,14.44,13.18,13.52,13.55,-2.9432878679109846,1.2599999999999998,9.045226130653266,-4.989458889669718
2026-09-08,PUDUMJEE PAPER PRO. LTD       ,PDMJEPAPER,EQ,N,101.43,102.4,104.72,98.1,99.61,100.13,-1.7943409247757145,6.6200000000000045,6.526668638469885,-2.724609375000006
2026-09-08,PDS LIMITED                   ,PDSL      ,EQ,N,349.6,351.15,351.6,344.25,346.2,348.0,-0.9725400457666001,7.350000000000023,2.1024027459954295,-1.4096539940196466
2026-09-08,PEARL POLYMERS LTD            ,PEARLPOLY ,EQ,N,15.3,15.69,15.87,15.52,15.64,15.55,2.2222222222222214,0.34999999999999964,2.2875816993464024,-0.3186743148502163
2026-09-08,PENNAR INDUSTRIES LTD         ,PENIND    ,EQ,N,175.96,176.0,182.5,175.5,180.62,179.1,2.64832916571948,7.0,3.9781768583769037,2.6250000000000027
2026-09-08,PENINSULA LAND LIMITED        ,PENINLAND ,EQ,N,16.17,16.06,16.28,15.3,15.67,15.93,-3.092145949288817,0.9800000000000004,6.060606060606063,-2.428393524283928
2026-09-08,PERMANENT MAGNETS LTD.        ,PERMAGN   ,EQ,N,872.0,874.8,900.0,856.2,863.1,860.15,-1.0206422018348598,43.799999999999955,5.022935779816509,-1.3374485596707741
2026-09-08,PURPLE STYLE LABS LIMITED     ,PERNIASPOP,EQ,N,568.55,559.95,566.9,540.5,557.3,557.5,-1.9787177908715154,26.399999999999977,4.643391082578486,-0.4732565407625843
2026-09-08,PERSISTENT SYSTEMS LTD        ,PERSISTENT,EQ,N,5540.0,5550.0,5600.0,5491.0,5560.0,5560.0,0.36101083032490977,109.0,1.9675090252707579,0.18018018018018017
2026-09-08,PETRONET LNG LIMITED          ,PETRONET  ,EQ,N,290.95,290.95,291.0,285.0,285.8,285.8,-1.7700635848083786,6.0,2.0622100017185083,-1.7700635848083786
2026-09-08,POWER FIN CORP LTD.           ,PFC       ,EQ,N,353.1,352.05,356.5,351.15,355.9,355.9,0.7929764939110604,5.350000000000023,1.5151515151515214,1.0935946598494435
2026-09-08,PFIZER LTD                    ,PFIZER    ,EQ,N,4596.5,4530.0,4580.8,4300.0,4310.7,4305.0,-6.217774393560322,280.8000000000002,6.108995975198525,-4.841059602649011
2026-09-08,PRIME FOCUS LIMITED           ,PFOCUS    ,EQ,N,311.75,315.0,324.9,309.3,313.15,312.75,0.44907778668804404,15.599999999999966,5.004009623095418,-0.5873015873015944
2026-09-08,PTC INDIA FIN SERV LTD        ,PFS       ,EQ,N,27.39,27.4,27.79,27.11,27.71,27.75,1.168309602044543,0.6799999999999997,2.48265790434465,1.1313868613138771
2026-09-08,PG ELECTROPLAST LTD           ,PGEL      ,EQ,N,559.55,557.85,562.0,551.05,553.7,553.7,-1.0454829773925314,10.950000000000045,1.9569296756322125,-0.7439275790983197
2026-09-08,P&G HYGIENE & HEALTH CARE     ,PGHH      ,EQ,N,7634.5,7635.0,7848.0,7562.0,7736.0,7749.0,1.3294911258104658,286.0,3.746152334795992,1.3228552717747217
2026-09-08,PROCTER & GAMBLE HEALTH L     ,PGHL      ,EQ,N,5667.0,5675.0,5675.0,5585.5,5603.0,5594.0,-1.1293453326274925,89.5,1.5793188635962592,-1.2687224669603525
2026-09-08,PEARL GLOBAL IND LIMITED      ,PGIL      ,EQ,N,2257.2,2285.0,2389.9,2270.1,2366.8,2355.0,4.8555732766259245,119.80000000000018,5.307460570618474,3.5798687089715613
2026-09-08,NIPPONAMC - NETFPHARMA        ,PHARMABEES,EQ,N,27.4,28.08,28.08,27.34,27.66,27.7,0.9489051094890568,0.7399999999999984,2.700729927007294,-1.4957264957264893
2026-09-08,THE PHOENIX MILLS LTD         ,PHOENIXLTD,EQ,N,1905.0,1910.7,1915.0,1885.0,1885.0,1885.0,-1.0498687664041995,30.0,1.574803149606299,-1.3450567854712956
2026-09-08,PHOENIX INTERNATIONAL LTD     ,PHOENXINTL,EQ,N,29.68,30.0,30.8,29.15,29.81,29.81,0.43800539083557616,1.6500000000000021,5.55929919137467,-0.6333333333333375
2026-09-08,PICCADILY AGRO INDUSTRI L     ,PICCADIL  ,EQ,N,617.95,618.0,623.85,605.1,608.3,609.8,-1.561615017396244,18.75,3.034226070070394,-1.5695792880258974
2026-09-08,PIDILITE INDUSTRIES LTD       ,PIDILITIND,EQ,N,1575.0,1579.8,1593.0,1565.0,1593.0,1593.0,1.1428571428571428,28.0,1.7777777777777777,0.8355488036460341
2026-09-08,POWER INSTRUMENT (G) LTD      ,PIGL      ,EQ,N,98.35,98.35,98.58,95.5,96.13,97.8,-2.257244534824605,3.0799999999999983,3.1316725978647675,-2.257244534824605
2026-09-08,PI INDUSTRIES LTD             ,PIIND     ,EQ,N,2430.0,2416.4,2428.4,2390.1,2395.0,2395.0,-1.440329218106996,38.30000000000018,1.5761316872428057,-0.8856149644098696
2026-09-08,PILANI INV & IND COR LTD      ,PILANIINVS,EQ,N,4298.7,4335.9,4369.0,4250.1,4261.7,4293.4,-0.8607253355665667,118.89999999999964,2.765952497266607,-1.7112940796605045
2026-09-08,PIL ITALICA LIFESTYLE LTD     ,PILITA    ,EQ,N,7.85,7.85,7.97,7.56,7.75,7.78,-1.2738853503184668,0.41000000000000014,5.222929936305735,-1.2738853503184668
2026-09-08,PINE LABS LIMITED             ,PINELABS  ,EQ,N,164.49,163.99,173.94,162.35,169.55,169.97,3.0761748434555303,11.590000000000003,7.046021034713358,3.3904506372339793
2026-09-08,PIONEER EMBROIDERIES LTD      ,PIONEEREMB,EQ,N,21.74,21.64,21.89,20.36,21.02,21.0,-3.311867525298983,1.5300000000000011,7.037718491260356,-2.865064695009247
2026-09-08,PIRAMAL FINANCE LIMITED       ,PIRAMALFIN,EQ,N,2261.0,2285.0,2309.9,2236.6,2298.5,2300.0,1.6585581601061476,73.30000000000018,3.2419283502874916,0.5908096280087528
2026-09-08,PITTI ENGINEERING LIMITED     ,PITTIENG  ,EQ,N,1176.2,1199.9,1199.9,1135.6,1171.3,1169.8,-0.4165958170379265,64.30000000000018,5.466757354191479,-2.383531960996761
2026-09-08,PIX TRANSMISSIONS LIMITED     ,PIXTRANS  ,EQ,N,1754.9,1754.8,1754.8,1710.0,1722.0,1710.6,-1.8747506980454778,44.799999999999955,2.55285201435979,-1.8691588785046704
2026-09-08,THE P K TEA PROD CO LTD       ,PKTEA     ,EQ,N,963.15,999.0,1115.0,963.15,972.75,972.0,0.9967294813891941,151.85000000000002,15.765976223848831,-2.6276276276276276
2026-09-08,PLASTIBLENDS INDIA LTD        ,PLASTIBLEN,EQ,N,193.14,196.78,196.78,190.0,191.23,191.0,-0.9889199544371942,6.780000000000001,3.5104069586828213,-2.820408578107537
2026-09-08,PLATINUM INDUSTRIES LTD       ,PLATIND   ,EQ,N,233.73,233.01,235.93,230.3,232.47,230.5,-0.5390835579514786,5.6299999999999955,2.408762247037178,-0.23174971031285874
2026-09-08,PLAZA WIRES LIMITED           ,PLAZACABLE,EQ,N,59.05,58.3,59.98,56.1,56.84,56.31,-3.7425910245554515,3.8799999999999955,6.57070279424216,-2.5042881646655126
2026-09-08,PAUL MERCHANTS LTD.           ,PML       ,EQ,N,489.75,505.0,505.0,480.05,482.15,480.7,-1.5518121490556451,24.94999999999999,5.094435936702397,-4.52475247524753
2026-09-08,PUNJAB NATIONAL BANK          ,PNB       ,EQ,N,115.6,115.75,116.68,114.95,116.0,116.0,0.3460207612456797,1.730000000000004,1.4965397923875468,0.21598272138228944
2026-09-08,PNB GILTS LIMITED             ,PNBGILTS  ,EQ,N,81.87,83.0,84.98,80.75,81.26,81.49,-0.7450836692317081,4.230000000000004,5.166727739098576,-2.0963855421686683
2026-09-08,PNB HOUSING FIN LTD.          ,PNBHOUSING,EQ,N,1182.1,1182.0,1185.0,1166.5,1167.1,1167.1,-1.2689281786650877,18.5,1.565011420353608,-1.2605752961082988
2026-09-08,PRITISH NANDY COMMUNICATI     ,PNC       ,EQ,N,16.35,16.3,17.4,16.05,16.66,16.7,1.8960244648317963,1.3499999999999979,8.256880733944941,2.208588957055211
2026-09-08,PNC INFRATECH LTD.            ,PNCINFRA  ,EQ,N,181.71,181.9,182.05,175.6,177.06,177.0,-2.5590226184579854,6.450000000000017,3.549612019151404,-2.660802638812536
2026-09-08,P N GADGIL JEWELLERS LTD      ,PNGJL     ,EQ,N,618.95,621.9,632.45,615.0,627.45,627.0,1.373293480895064,17.450000000000045,2.8192907343081095,0.8924264351181972
2026-09-08,PNGS REVA DIAMOND JEWEL L     ,PNGSREVA  ,EQ,N,540.15,540.85,554.7,530.25,546.55,545.0,1.1848560585022638,24.450000000000045,4.5265204109969535,1.0538966441711994
2026-09-08,PONDY OXIDES & CHEM LTD       ,POCL      ,EQ,N,467.95,472.4,477.35,466.5,469.45,471.5,0.320547066994337,10.850000000000023,2.318623784592376,-0.6244707874682448
2026-09-08,PODDAR PIGMENTS LIMITED       ,PODDARMENT,EQ,N,277.85,280.0,333.4,280.0,311.45,313.9,12.092855857477042,53.39999999999998,19.2190030592046,11.232142857142852
2026-09-08,P O C L ENTERPRISES LTD.      ,POEL      ,EQ,N,145.39,149.5,149.5,143.52,144.12,143.62,-0.8735126212256564,5.97999999999999,4.1130751771098355,-3.5986622073578562
2026-09-08,POKARNA LIMITED               ,POKARNA   ,EQ,N,803.0,806.0,814.9,782.0,786.65,790.0,-2.0361145703611485,32.89999999999998,4.097135740971355,-2.4007444168734517
2026-09-08,PB FINTECH LIMITED            ,POLICYBZR ,EQ,N,1792.0,1787.0,1827.9,1775.9,1826.0,1826.0,1.8973214285714284,52.0,2.9017857142857144,2.182428651371013
2026-09-08,POLYCAB INDIA LIMITED         ,POLYCAB   ,EQ,N,8261.0,8301.0,8433.0,8301.0,8373.5,8373.5,1.3618206028325868,132.0,1.5978695073235687,0.8733887483435729
2026-09-08,POLY MEDICURE LIMITED         ,POLYMED   ,EQ,N,1701.1,1700.3,1751.0,1682.3,1730.1,1728.3,1.7047792604785141,68.70000000000005,4.038563282581862,1.7526318884902636
2026-09-08,POLYPLEX CORPORATION LTD      ,POLYPLEX  ,EQ,N,1180.0,1175.0,1177.6,1141.5,1149.6,1146.0,-2.5762711864406858,36.09999999999991,3.0593220338982974,-2.1617021276595825
2026-09-08,POLYSPIN EXPORTS LTD.         ,POLYSPIN  ,EQ,N,29.42,29.28,29.28,28.99,29.0,29.0,-1.427600271923867,0.2900000000000027,0.9857239972807704,-0.9562841530054683
2026-09-08,PONNIE SUGARS (ERODE) LTD     ,PONNIERODE,EQ,N,386.85,387.95,387.95,376.0,378.55,377.0,-2.1455344448752776,11.949999999999989,3.0890526043686153,-2.4229926536924804
2026-09-08,POONAWALLA FINCORP LTD        ,POONAWALLA,EQ,N,459.15,460.0,460.0,452.35,455.25,454.5,-0.8493956223456337,7.649999999999977,1.6661221822933634,-1.0326086956521738
2026-09-08,POWER GRID CORP. LTD.         ,POWERGRID ,EQ,N,266.45,265.65,267.25,263.0,265.75,265.75,-0.2627134546819248,4.25,1.5950459748545693,0.037643515904394034
2026-09-08,POWERICA LIMITED              ,POWERICA  ,EQ,N,512.1,512.1,533.1,509.0,530.7,530.0,3.632103104862336,24.100000000000023,4.706112087482918,3.632103104862336
2026-09-08,HITACHI ENERGY INDIA LTD      ,POWERINDIA,EQ,N,31775.0,31500.0,31570.0,30550.0,31135.0,31135.0,-2.014162077104642,1020.0,3.2100708103855236,-1.1587301587301586
2026-09-08,POWER MECH PROJECTS LTD.      ,POWERMECH ,EQ,N,2359.8,2359.8,2443.4,2351.0,2415.1,2429.0,2.3434189338079383,92.40000000000009,3.9155860666158184,2.3434189338079383
2026-09-08,PIRAMAL PHARMA LIMITED        ,PPLPHARMA ,EQ,N,219.66,220.65,231.93,220.37,226.62,226.0,3.16853318765365,11.560000000000002,5.262678685240828,2.705642420122365
2026-09-08,PRABHA ENERGY LIMITED         ,PRABHA    ,EQ,N,243.39,244.8,260.0,244.05,253.55,253.0,4.174370352109793,15.949999999999989,6.553268416943996,3.574346405228758
2026-09-08,PRAJAY ENG. SYN. LTD.         ,PRAENG    ,EQ,N,24.25,24.74,24.74,22.5,22.69,22.7,-6.4329896907216435,2.2399999999999984,9.23711340206185,-8.286176232821331
2026-09-08,PRAJ INDUSTRIES LTD           ,PRAJIND   ,EQ,N,336.55,336.5,340.0,334.0,338.85,340.0,0.6834051403951897,6.0,1.7827960184222256,0.6983655274888627
2026-09-08,PRAKASH INDUSTRIES LTD        ,PRAKASH   ,EQ,N,125.08,125.99,129.89,125.11,127.3,127.9,1.774864086984329,4.779999999999987,3.8215542053085922,1.0397650607191067
2026-09-08,PRAKASH STEELAGE LTD          ,PRAKASHSTL,EQ,N,3.75,3.83,3.94,3.68,3.75,3.79,0.0,0.2599999999999998,6.933333333333327,-2.088772845953004
2026-09-08,PRAVEG LTD.                   ,PRAVEG    ,EQ,N,264.55,264.55,279.0,259.2,270.75,272.0,2.343602343602339,19.80000000000001,7.484407484407489,2.343602343602339
2026-09-08,PRAXIS HOME RETAIL LTD        ,PRAXIS    ,EQ,N,4.66,4.74,4.84,4.65,4.69,4.68,0.64377682403434,0.1899999999999995,4.07725321888411,-1.0548523206751017
2026-09-08,PRECISION CAMSHAFTS LTD.      ,PRECAM    ,EQ,N,123.98,123.96,124.39,121.1,121.71,121.9,-1.8309404742700517,3.2900000000000063,2.6536538151314777,-1.815101645692159
2026-09-08,PRECOT LIMITED                ,PRECOT    ,EQ,N,693.9,693.0,702.45,676.05,682.9,678.25,-1.5852428303790171,26.40000000000009,3.8045827929096547,-1.4574314574314609
2026-09-08,PRECISION WIRES INDIA LTD     ,PRECWIRE  ,EQ,N,460.95,462.0,489.6,460.95,480.2,480.15,4.176157934700076,28.650000000000034,6.215424666449731,3.939393939393937
2026-09-08,PREMCO GLOBAL LTD.            ,PREMCO    ,EQ,N,391.95,391.95,392.9,385.1,392.0,392.0,0.012756729174642522,7.7999999999999545,1.9900497512437696,0.012756729174642522
2026-09-08,PREMIER EXPLOSIVES LTD        ,PREMEXPLN ,EQ,N,663.25,663.1,678.8,663.1,677.7,678.35,2.1786656615152724,15.699999999999932,2.3671315491895863,2.201779520434327
2026-09-08,PREMIER ENERGIES LIMITED      ,PREMIERENE,EQ,N,990.0,990.0,998.0,982.3,988.8,988.8,-0.12121212121212581,15.700000000000045,1.5858585858585905,-0.12121212121212581
2026-09-08,PREMIER POLYFILM LTD          ,PREMIERPOL,EQ,N,91.45,90.9,92.89,89.9,90.56,91.52,-0.9732094040459274,2.989999999999995,3.269546200109344,-0.3740374037403778
2026-09-08,PRESTIGE ESTATE LTD           ,PRESTIGE  ,EQ,N,1550.0,1549.1,1566.0,1532.0,1561.6,1561.6,0.7483870967741877,34.0,2.193548387096774,0.8069201471822348
2026-09-08,PRICOL LIMITED                ,PRICOLLTD ,EQ,N,779.35,782.0,782.2,755.05,758.6,760.0,-2.6624751395393593,27.15000000000009,3.4836722910117524,-2.9923273657288973
2026-09-08,PRIME SECURITIES LIMITED      ,PRIMESECU ,EQ,N,278.9,278.15,286.2,276.35,279.45,276.35,0.19720329867336372,9.849999999999966,3.531731803513792,0.46737371921625437
2026-09-08,PRIMO CHEMICALS LIMITED       ,PRIMO     ,EQ,N,20.87,20.88,21.14,19.26,20.41,20.63,-2.2041207474844313,1.879999999999999,9.008145663632003,-2.250957854406125
2026-09-08,PRINCE PIPES FITTINGS LTD     ,PRINCEPIPE,EQ,N,283.95,284.0,290.0,278.05,285.75,285.0,0.6339144215530943,11.949999999999989,4.208487409755235,0.6161971830985915
2026-09-08,PRISMX GLOBAL VENTURES L      ,PRISMX    ,EQ,N,0.54,0.54,0.57,0.54,0.55,0.57,1.8518518518518534,0.029999999999999916,5.555555555555539,1.8518518518518534
2026-09-08,PRIVI SPECIALITY CHE LTD      ,PRIVISCL  ,EQ,N,3382.6,3382.6,3497.0,3352.5,3469.6,3460.0,2.571986046236623,144.5,4.271861881393011,2.571986046236623
2026-09-08,PROSTARM INFO SYSTEMS LTD     ,PROSTARM  ,EQ,N,138.86,138.8,139.03,135.0,135.23,135.6,-2.6141437418983315,4.030000000000001,2.9022036583609396,-2.5720461095101017
2026-09-08,PROTEAN EGOV TECHNO LTD       ,PROTEAN   ,EQ,N,515.4,513.0,514.85,498.0,499.65,499.15,-3.0558789289871946,16.850000000000023,3.2693053938688448,-2.6023391812865544
2026-09-08,PROZONE REALTY LIMITED        ,PROZONER  ,EQ,N,48.01,48.0,49.4,47.5,48.92,48.99,1.8954384503228572,1.8999999999999986,3.9575088523224298,1.9166666666666703
2026-09-08,PRISM JOHNSON LIMITED         ,PRSMJOHNSN,EQ,N,112.21,112.1,113.99,111.35,112.27,112.5,0.053471170127441646,2.6400000000000006,2.352731485607344,0.15165031222123257
2026-09-08,PRUDENT CORP ADV SER LTD      ,PRUDENT   ,EQ,N,3367.7,3367.7,3390.0,3255.1,3277.5,3275.2,-2.678385841969291,134.9000000000001,4.005701220417499,-2.678385841969291
2026-09-08,PUNJAB & SIND BANK            ,PSB       ,EQ,N,22.98,22.9,23.01,22.77,22.86,22.86,-0.522193211488255,0.240000000000002,1.04438642297651,-0.17467248908296573
2026-09-08,PSP PROJECTS LIMITED          ,PSPPROJECT,EQ,N,869.05,870.0,886.45,858.85,875.4,873.5,0.7306829296358118,27.600000000000023,3.175881709913126,0.6206896551724111
2026-09-08,KOTAK PSU BANK                ,PSUBANK   ,EQ,N,84.42,84.43,84.99,83.9,84.22,84.24,-0.23691068467188206,1.0899999999999892,1.291163231461726,-0.2487267558924647
2026-09-08,DSPAMC - DSPPSBKETF           ,PSUBANKADD,EQ,N,85.39,85.06,85.4,84.9,85.12,85.25,-0.3161962759105235,0.5,0.5855486590935707,0.07053844345168384
2026-09-08,NIP IND ETF PSU BANK BEES     ,PSUBNKBEES,EQ,N,94.21,95.6,95.6,93.71,93.97,93.98,-0.2547500265364557,1.8900000000000006,2.006156458974632,-1.7050209205020876
2026-09-08,ICICIPRAMC - PSUBANKICI       ,PSUBNKIETF,EQ,N,85.42,85.65,85.67,85.0,85.1,85.2,-0.3746195270428557,0.6700000000000017,0.7843596347459632,-0.6421482778750862
2026-09-08,PTC INDIA LIMITED             ,PTC       ,EQ,N,154.78,155.36,155.45,153.33,154.2,154.35,-0.3747254167205146,2.119999999999976,1.3696860059439049,-0.7466529351184507
2026-09-08,PTC INDUSTRIES LIMITED        ,PTCIL     ,EQ,N,23755.0,23760.0,24085.0,23625.0,23730.0,23750.0,-0.10524100189433805,460.0,1.9364344348558198,-0.12626262626262627
2026-09-08,PTL ENTERPRISES LTD           ,PTL       ,EQ,N,38.69,38.82,38.93,38.11,38.43,38.4,-0.672008270871021,0.8200000000000003,2.1194107004393907,-1.0046367851622888
2026-09-08,PUNJAB CHEM & CROP PROT L     ,PUNJABCHEM,EQ,N,1098.4,1090.0,1105.8,1081.5,1094.9,1105.0,-0.3186453022578295,24.299999999999955,2.212308812818641,0.449541284403678
2026-09-08,PURAVANKARA LIMITED           ,PURVA     ,EQ,N,223.02,223.02,223.02,214.8,216.39,216.9,-2.972827549098746,8.219999999999999,3.685768092547753,-2.972827549098746
2026-09-08,PVP VENTURES LIMITED          ,PVP       ,EQ,N,65.16,63.37,67.22,62.51,64.07,64.1,-1.6728054020871754,4.710000000000001,7.228360957642728,1.1046236389458668
2026-09-08,PVR INOX LIMITED              ,PVRINOX   ,EQ,N,1156.5,1161.5,1243.0,1153.6,1231.3,1223.2,6.4677907479463865,89.40000000000009,7.730220492866414,6.0094705122686145
2026-09-08,POPULAR VEHICLES N SER L      ,PVSL      ,EQ,N,100.54,100.54,103.93,99.52,101.63,101.99,1.0841456136860843,4.410000000000011,4.386313904913478,1.0841456136860843
2026-09-08,ICICIPRAMC - ICICIBANKP       ,PVTBANIETF,EQ,N,28.02,27.92,28.0,27.75,27.8,27.89,-0.7851534618129867,0.25,0.8922198429693077,-0.429799426934101
2026-09-08,KOTAKMAMC - PVTBANK           ,PVTBANK   ,EQ,N,27.87,27.68,27.74,27.6,27.62,27.7,-0.897021887334051,0.13999999999999702,0.5023322569070579,-0.2167630057803422
2026-09-08,DSPAMC - DSPPVBKETF           ,PVTBANKADD,EQ,N,28.24,28.21,28.21,27.8,27.93,28.03,-1.0977337110481542,0.41000000000000014,1.4518413597733717,-0.9925558312655127
2026-09-08,GROWWAMC - PVTBKGROWW         ,PVTBKGROWW,EQ,N,27.9,28.19,28.19,27.55,27.7,27.73,-0.7168458781361982,0.6400000000000006,2.2939068100358444,-1.7382050372472577
2026-09-08,PHYSICSWALLAH LIMITED         ,PWL       ,EQ,N,129.67,129.67,129.67,126.16,126.63,126.42,-2.344412740032384,3.509999999999991,2.706871288655812,-2.344412740032384
2026-09-08,PYRAMID TECHNOPLAST LTD       ,PYRAMID   ,EQ,N,151.3,151.64,153.6,151.0,151.67,151.2,0.2445472571050734,2.5999999999999943,1.718440185062785,0.019783698232657045
2026-09-08,QUANTUM GOLD ETF              ,QGOLDHALF ,EQ,N,125.79,126.0,127.47,125.79,126.09,126.1,0.23849272597185558,1.6799999999999926,1.3355592654423982,0.07142857142857414
2026-09-08,QUANTUM NIFTY 50 ETF          ,QNIFTY    ,EQ,N,262.18,267.0,267.0,258.51,261.76,261.0,-0.16019528568159885,8.490000000000009,3.2382332748493434,-1.9625468164794042
2026-09-08,QUALITY POWER ELEC EQUP L     ,QPOWER    ,EQ,N,1482.5,1500.0,1525.0,1450.1,1519.7,1525.0,2.509274873524455,74.90000000000009,5.052276559865099,1.3133333333333364
2026-09-08,QUADRANT FUTURE TEK LTD       ,QUADFUTURE,EQ,N,415.65,418.9,444.0,415.0,441.0,442.4,6.098881270299537,29.0,6.97702393840972,5.2757221293864935
2026-09-08,ICICIPRAMC - ICICIQTY30       ,QUAL30IETF,EQ,N,20.82,20.76,21.0,20.76,20.9,20.85,0.38424591738711955,0.23999999999999844,1.1527377521613758,0.6743737957610646
2026-09-08,KOTAKMAMC - QUALITY30         ,QUALITY30 ,EQ,N,20.49,20.36,20.57,20.36,20.47,20.42,-0.09760858955587885,0.21000000000000085,1.0248901903367538,0.5402750491159107
2026-09-08,QUESS CORP LIMITED            ,QUESS     ,EQ,N,339.6,340.0,347.9,324.0,337.5,337.05,-0.6183745583038935,23.899999999999977,7.037691401648992,-0.7352941176470588
2026-09-08,QUICK HEAL TECH LTD           ,QUICKHEAL ,EQ,N,153.16,154.49,161.0,152.8,153.44,153.0,0.1828153564899459,8.199999999999989,5.353878297205529,-0.6796556411418287
2026-09-08,QUINT DIGITAL LTD.            ,QUINT     ,EQ,N,39.3,39.01,41.0,39.01,39.85,40.29,1.3994910941475935,1.990000000000002,5.063613231552169,2.153294027172529
2026-09-08,RACE ECO CHAIN LIMITED        ,RACE      ,EQ,N,99.92,101.92,101.92,96.25,97.5,98.0,-2.4219375500400337,5.670000000000002,5.674539631705366,-4.336734693877553
2026-09-08,RACL GEARTECH LIMITED         ,RACLGEAR  ,EQ,N,1573.7,1575.0,1580.8,1527.2,1540.2,1547.8,-2.1287411831988305,53.59999999999991,3.4059858931181233,-2.2095238095238066
2026-09-08,RADAAN MEDIAWORKS (I) LTD     ,RADAAN    ,EQ,N,3.0,3.0,3.03,2.92,2.98,2.97,-0.6666666666666672,0.10999999999999988,3.6666666666666625,-0.6666666666666672
2026-09-08,RADHIKA JEWELTECH LIMITED     ,RADHIKAJWE,EQ,N,94.28,94.21,97.5,86.37,87.96,88.0,-6.703436571913457,11.129999999999995,11.805260924904534,-6.634115274387008
2026-09-08,RADIANT CASH MGMT SER LTD     ,RADIANTCMS,EQ,N,42.72,43.0,43.39,41.03,41.24,41.3,-3.4644194756554234,2.3599999999999994,5.524344569288388,-4.093023255813949
2026-09-08,RADICO KHAITAN LTD            ,RADICO    ,EQ,N,4444.0,4450.1,4497.6,4424.0,4485.0,4485.0,0.9225922592259226,73.60000000000036,1.6561656165616643,0.784252039280008
2026-09-08,MUSIC BROADCAST LIMITED       ,RADIOCITY ,EQ,N,6.23,6.25,6.25,6.0,6.11,6.17,-1.9261637239165346,0.25,4.012841091492777,-2.239999999999995
2026-09-08,RAILTEL CORP OF IND LTD       ,RAILTEL   ,EQ,N,270.05,270.0,271.0,264.75,266.3,267.55,-1.3886317348639141,6.25,2.31438622477319,-1.3703703703703662
2026-09-08,RAIN INDUSTRIES LIMITED       ,RAIN      ,EQ,N,211.38,212.9,222.35,212.42,217.81,218.0,3.041915034534964,9.930000000000007,4.697700823162081,2.306247064349458
2026-09-08,RAINBOW CHILDRENS MED LTD     ,RAINBOW   ,EQ,N,1469.9,1469.9,1479.0,1444.7,1449.9,1450.0,-1.3606367780121096,34.299999999999955,2.3334920742907648,-1.3606367780121096
2026-09-08,RAJNANDINI METAL LIMITED      ,RAJMET    ,EQ,N,3.15,3.16,3.3,3.1,3.25,3.29,3.174603174603177,0.19999999999999973,6.349206349206341,2.84810126582278
2026-09-08,RAJAPALAYAM MILLS LTD.        ,RAJPALAYAM,EQ,N,775.65,779.5,786.0,770.4,785.0,785.0,1.2054405982079577,15.600000000000023,2.0112163991491037,0.7055805003207184
2026-09-08,RAJRATAN GLOBAL WIRE LTD      ,RAJRATAN  ,EQ,N,488.8,491.7,499.8,486.3,496.8,499.8,1.6366612111292964,13.5,2.761865793780687,1.0372178157413103
2026-09-08,RAJSHREE SUGAR & CHEMICAL     ,RAJSREESUG,EQ,N,35.68,35.5,36.3,35.03,35.49,35.51,-0.5325112107623254,1.269999999999996,3.559417040358733,-0.02816901408450144
2026-09-08,RAJ TV NETWORK LTD            ,RAJTV     ,EQ,N,8.47,8.83,8.84,8.36,8.64,8.69,2.007083825265642,0.4800000000000004,5.667060212514762,-2.151755379388443
2026-09-08,RALLIS INDIA LTD              ,RALLIS    ,EQ,N,206.15,206.2,206.91,204.68,205.29,204.7,-0.41717196216347985,2.2299999999999898,1.0817365995634198,-0.441319107662462
2026-09-08,SHREE RAMA NEWSPRINT LTD      ,RAMANEWS  ,EQ,N,32.64,32.89,34.3,32.66,33.74,33.7,3.3700980392156903,1.6400000000000006,5.02450980392157,2.5843721495895453
2026-09-08,RAMA PHOSPHATES LIMITED       ,RAMAPHO   ,EQ,N,124.2,125.88,125.88,124.0,124.74,125.6,0.4347826086956458,1.8799999999999955,1.5136876006441187,-0.9056244041944714
2026-09-08,ADVIT JEWELS LIMITED          ,RAMBHAJO  ,EQ,N,276.32,273.01,283.95,266.94,275.04,274.0,-0.4632310364794343,17.00999999999999,6.15590619571511,0.7435625068678912
2026-09-08,THE RAMCO CEMENTS LIMITED     ,RAMCOCEM  ,EQ,N,871.5,876.0,881.9,865.0,871.45,870.6,-0.005737234652892085,16.899999999999977,1.9391853126792857,-0.5194063926940587
2026-09-08,RAMCO INDUSTRIES LIMITED      ,RAMCOIND  ,EQ,N,323.05,322.0,324.35,318.75,321.5,320.0,-0.47980188825259595,5.600000000000023,1.733477789815825,-0.15527950310559005
2026-09-08,RAMCO SYSTEMS LTD.            ,RAMCOSYS  ,EQ,N,604.35,605.0,616.0,589.75,609.15,612.5,0.7942417473318366,26.25,4.343509555721022,0.6859504132231367
2026-09-08,RAMKY INFRA LTD               ,RAMKY     ,EQ,N,339.6,337.15,340.65,335.2,337.6,338.8,-0.5889281507656066,5.449999999999989,1.6048292108362745,0.13347174847991858
2026-09-08,RAM RATNA WIRES LIMITED       ,RAMRAT    ,EQ,N,527.2,527.65,536.9,509.1,531.25,530.0,0.768209408194225,27.799999999999955,5.273141122913496,0.682270444423391
2026-09-08,RANA SUGARS LTD.              ,RANASUG   ,EQ,N,14.99,15.1,15.15,14.9,14.9,14.94,-0.600400266844562,0.25,1.6677785190126753,-1.3245033112582734
2026-09-08,RANE HOLDINGS LIMITED         ,RANEHOLDIN,EQ,N,1673.0,1669.8,1738.0,1657.8,1691.8,1675.5,1.1237298266586941,80.20000000000005,4.793783622235508,1.3175230566534915
2026-09-08,RATEGAIN TRAVEL TECHN LTD     ,RATEGAIN  ,EQ,N,856.5,858.4,871.0,847.0,862.7,862.25,0.7238762405137239,24.0,2.8021015761821366,0.5009319664492158
2026-09-08,RATNAMANI MET & TUB LTD.      ,RATNAMANI ,EQ,N,2658.5,2680.0,2819.0,2640.0,2803.8,2815.0,5.465488057175106,179.0,6.733120180552943,4.619402985074634
2026-09-08,RATNAVEER PRECISION ENG L     ,RATNAVEER ,EQ,N,306.45,309.35,309.35,295.05,297.8,297.9,-2.8226464349812295,14.300000000000011,4.666340349159737,-3.733635041215455
2026-09-08,RAYMOND LTD                   ,RAYMOND   ,EQ,N,772.4,775.0,869.0,775.0,857.8,856.85,11.056447436561365,94.0,12.169860176074573,10.68387096774193
2026-09-08,RAYMOND LIFESTYLE LIMITED     ,RAYMONDLSL,EQ,N,672.9,672.0,727.7,667.85,696.85,697.0,3.559221281022447,59.85000000000002,8.894337940258586,3.69791666666667
2026-09-08,RAYMOND REALTY LIMITED        ,RAYMONDREL,EQ,N,553.7,554.3,592.2,549.3,582.5,583.5,5.2013725844319945,42.90000000000009,7.747877912226854,5.087497744903491
2026-09-08,RESTAURANT BRAND ASIA LTD     ,RBA       ,EQ,N,96.41,96.41,96.83,95.01,95.54,95.7,-0.9023960170106735,1.8199999999999932,1.8877709781142966,-0.9023960170106735
2026-09-08,RBL BANK LIMITED              ,RBLBANK   ,EQ,N,415.0,413.0,419.1,413.0,418.5,418.5,0.8433734939759037,6.100000000000023,1.4698795180722946,1.331719128329298
2026-09-08,RASHTRIYA CHEMICALS & FER     ,RCF       ,EQ,N,113.92,113.9,115.74,113.25,113.73,113.9,-0.16678370786516655,2.489999999999995,2.1857443820224676,-0.14925373134328507
2026-09-08,REC LIMITED                   ,RECLTD    ,EQ,N,316.4,316.8,318.0,314.0,317.85,317.85,0.45828065739571605,4.0,1.2642225031605563,0.33143939393939753
2026-09-08,REDINGTON LIMITED             ,REDINGTON ,EQ,N,378.2,379.0,379.9,369.6,373.55,374.0,-1.2295081967213055,10.299999999999955,2.7234267583289147,-1.4379947229551422
2026-09-08,REDTAPE LIMITED               ,REDTAPE   ,EQ,N,118.81,118.9,118.9,115.0,115.58,115.8,-2.7186263782509923,3.9000000000000057,3.282551973739589,-2.792262405382681
2026-09-08,REFEX INDUSTRIES LIMITED      ,REFEX     ,EQ,N,277.15,278.0,278.8,275.0,275.85,275.1,-0.46906007577122666,3.8000000000000114,1.3710986830236376,-0.7733812949640206
2026-09-08,REGAAL RESOURCES LIMITED      ,REGAAL    ,EQ,N,88.16,87.17,88.69,87.0,87.3,87.05,-0.975499092558983,1.6899999999999977,1.9169691470054422,0.1491338763335958
2026-09-08,REGENCY CERAMICS LTD.         ,REGENCERAM,EQ,N,35.0,34.46,36.8,34.1,34.23,34.14,-2.200000000000009,2.6999999999999957,7.714285714285703,-0.667440510737098
2026-09-08,RELAXO FOOT LTD.              ,RELAXO    ,EQ,N,338.05,338.0,341.9,331.15,333.7,335.0,-1.2867918946901413,10.75,3.180002958142287,-1.2721893491124294
2026-09-08,RELIANCE CHEMOTEX IND LTD     ,RELCHEMQ  ,EQ,N,113.33,112.25,116.99,112.25,114.09,113.5,0.6706079590576238,4.739999999999995,4.182475955175148,1.6391982182628093
2026-09-08,RELIABLE DATA SERVICE LTD     ,RELIABLE  ,EQ,N,138.12,140.16,142.0,134.93,140.67,140.85,1.8462206776715777,7.069999999999993,5.118737329858089,0.3638698630136922
2026-09-08,RELIANCE INDUSTRIES LTD       ,RELIANCE  ,EQ,N,1309.5,1304.1,1306.8,1288.0,1294.9,1294.9,-1.1149293623520358,18.799999999999955,1.4356624665902982,-0.7054673721340249
2026-09-08,RELIGARE ENTER. LTD.          ,RELIGARE  ,EQ,N,255.45,253.51,256.54,252.4,254.61,255.04,-0.328831473869632,4.140000000000015,1.6206694069289547,0.4339079326259409
2026-09-08,RAVINDRA ENERGY LIMITED       ,RELTD     ,EQ,N,159.21,158.39,160.58,154.26,155.39,154.35,-2.399346774700095,6.320000000000022,3.9695998995038133,-1.8940589683692153
2026-09-08,REMSONS INDUSTRIES LTD        ,REMSONSIND,EQ,N,97.86,98.68,102.0,96.25,97.26,97.22,-0.6131207847945987,5.75,5.875740854281627,-1.4389947304418338
2026-09-08,SHREE RENUKA SUGARS LTD       ,RENUKA    ,EQ,N,25.15,25.15,25.73,24.97,25.19,25.23,0.159045725646134,0.7600000000000016,3.0218687872763486,0.159045725646134
2026-09-08,REPCO HOME FINANCE LTD        ,REPCOHOME ,EQ,N,358.75,356.8,365.95,356.8,361.35,360.95,0.7247386759581945,9.149999999999977,2.5505226480836174,1.27522421524664
2026-09-08,REPRO INDIA LIMITED           ,REPRO     ,EQ,N,324.25,325.1,326.3,318.0,319.4,319.3,-1.4957594448727902,8.300000000000011,2.559753276792602,-1.7533066748692847
2026-09-08,RESPONSIVE INDUSTRIES LTD     ,RESPONIND ,EQ,N,148.15,147.0,149.45,142.98,148.23,148.2,0.05399932500842664,6.469999999999999,4.3671954100573736,0.8367346938775441
2026-09-08,JHS SVENDGAARD RETAIL V L     ,RETAIL    ,EQ,N,16.59,16.13,17.75,16.13,17.23,17.29,3.857745629897532,1.620000000000001,9.764918625678124,6.819590824550536
2026-09-08,RENAISSANCE GLOBAL LTD        ,RGL       ,EQ,N,153.1,151.61,153.09,146.1,150.0,149.5,-2.0248203788373575,6.990000000000009,4.5656433703461845,-1.0619352285469386
2026-09-08,RHETAN TMT LIMITED            ,RHETAN    ,EQ,N,26.68,28.01,28.01,28.0,28.0,28.01,4.9475262368815605,0.010000000000001563,0.0374812593703207,-0.03570153516601772
2026-09-08,RHI MAGNESITA INDIA LTD       ,RHIM      ,EQ,N,373.8,372.0,373.5,369.25,371.7,371.9,-0.5617977528089948,4.25,1.1369716425896201,-0.08064516129032563
2026-09-08,ROBUST HOTELS LIMITED         ,RHL       ,EQ,N,166.16,166.16,169.7,166.0,166.66,166.66,0.3009147809340395,3.6999999999999886,2.2267693789118854,0.3009147809340395
2026-09-08,RICO AUTO INDUSTRIES LTD      ,RICOAUTO  ,EQ,N,135.47,135.6,136.25,131.28,132.38,132.3,-2.280947811323543,4.969999999999999,3.6687089392485412,-2.3746312684365773
2026-09-08,RELIANCE INDUSTRIAL INFRA     ,RIIL      ,EQ,N,732.4,732.95,739.45,727.2,729.7,732.0,-0.36865101037683395,12.25,1.672583287820863,-0.44341360256497714
2026-09-08,RIR POWER ELECTRONICS L       ,RIR       ,EQ,N,191.95,191.16,193.01,179.07,183.84,183.0,-4.225058609012756,13.939999999999998,7.262307892680385,-3.829252981795351
2026-09-08,RISHABH INSTRUMENTS LTD       ,RISHABH   ,EQ,N,809.95,803.9,822.8,800.05,808.3,810.0,-0.20371627878265214,22.75,2.808815358972776,0.5473317576813008
2026-09-08,RITCO LOGISTICS LIMITED       ,RITCO     ,EQ,N,319.8,319.8,328.15,315.4,318.45,318.05,-0.42213883677299024,12.75,3.9868667917448404,-0.42213883677299024
2026-09-08,RITES LIMITED                 ,RITES     ,EQ,N,215.8,215.0,215.8,212.75,212.97,213.14,-1.3113994439295702,3.0500000000000114,1.4133456904541293,-0.9441860465116284
2026-09-08,RAVI KUMAR DIST. LTD.         ,RKDL      ,EQ,N,18.25,18.78,18.78,18.28,18.36,18.36,0.6027397260273941,0.5,2.73972602739726,-2.2364217252396257
2026-09-08,RKEC PROJECTS LIMITED         ,RKEC      ,EQ,N,20.3,20.88,20.88,19.55,20.45,19.96,0.7389162561576285,1.3299999999999983,6.551724137931025,-2.059386973180075
2026-09-08,RAMKRISHNA FORGINGS LTD       ,RKFORGE   ,EQ,N,706.25,706.25,709.8,695.1,701.3,701.3,-0.7008849557522189,14.699999999999932,2.08141592920353,-0.7008849557522189
2026-09-08,R K SWAMY LIMITED             ,RKSWAMY   ,EQ,N,93.66,93.57,96.0,93.21,94.34,95.96,0.7260303224428858,2.7900000000000063,2.9788597053171113,0.8229133269210327
2026-09-08,RMC SWITCHGEARS LIMITED       ,RMC       ,EQ,N,233.31,233.55,239.7,224.1,226.19,226.81,-3.0517337448030535,15.599999999999994,6.6863829240066845,-3.1513594519374926
2026-09-08,RANE (MADRAS) LIMITED         ,RML       ,EQ,N,1388.2,1351.0,1423.5,1350.9,1390.0,1395.0,0.12966431349949245,72.59999999999991,5.229793977812989,2.8867505551443373
2026-09-08,ROYAL ORCHID HOTELS LTD       ,ROHLTD    ,EQ,N,303.9,307.0,310.0,298.0,308.0,309.0,1.3491280026324526,12.0,3.948667324777888,0.32573289902280134
2026-09-08,ROLEX RINGS LIMITED           ,ROLEXRINGS,EQ,N,175.67,177.0,178.0,174.05,175.52,175.0,-0.08538737405361034,3.9499999999999886,2.2485341834120733,-0.8361581920903897
2026-09-08,RAJ OIL MILLS LIMITED         ,ROML      ,EQ,N,43.01,42.5,43.6,42.0,42.26,42.35,-1.743780516159033,1.6000000000000014,3.7200651011392734,-0.5647058823529459
2026-09-08,ROSSARI BIOTECH LIMITED       ,ROSSARI   ,EQ,N,458.5,458.55,458.95,453.5,454.6,454.95,-0.8505997818974869,5.449999999999989,1.1886586695746977,-0.8614109693599363
2026-09-08,ROSSELL INDIA LIMITED         ,ROSSELLIND,EQ,N,56.92,56.93,57.6,56.15,56.51,56.65,-0.7203092059030283,1.4500000000000028,2.5474349964863015,-0.7377481117161456
2026-09-08,ROSSELL TECHSYS LIMITED       ,ROSSTECH  ,EQ,N,1148.2,1160.0,1228.7,1151.0,1218.0,1213.7,6.079080299599369,77.70000000000005,6.767113743250308,5.0
2026-09-08,ROTO PUMPS LIMITED            ,ROTO      ,EQ,N,63.59,63.8,67.45,63.19,65.44,65.58,2.909262462651351,4.260000000000005,6.699166535618815,2.5705329153605025
2026-09-08,ROUTE MOBILE LIMITED          ,ROUTE     ,EQ,N,512.05,512.05,512.1,500.55,502.55,502.1,-1.855287569573273,11.550000000000011,2.255639097744363,-1.855287569573273
2026-09-08,RAGHAV PRODUCTIVITY ENH L     ,RPEL      ,EQ,N,1681.2,1689.0,1719.0,1679.1,1692.6,1692.3,0.6780870806566657,39.90000000000009,2.3733047822983635,0.21314387211367136
2026-09-08,RPG LIFE SCIENCES LTD         ,RPGLIFE   ,EQ,N,2673.4,2673.0,2870.0,2642.1,2802.6,2870.0,4.832797187102559,227.9000000000001,8.524725069200272,4.848484848484845
2026-09-08,RELIANCE POWER LTD.           ,RPOWER    ,EQ,N,21.94,22.02,22.04,21.57,21.71,21.71,-1.048313582497723,0.46999999999999886,2.142206016408381,-1.4078110808355981
2026-09-08,R.P.P INFRA PROJECTS LTD      ,RPPINFRA  ,EQ,N,54.28,54.2,55.86,53.5,53.68,53.5,-1.1053795136330167,2.3599999999999994,4.347826086956521,-0.9594095940959467
2026-09-08,RPSG VENTURES LIMITED         ,RPSGVENT  ,EQ,N,816.5,803.4,825.95,803.4,819.05,817.0,0.3123086344151812,22.550000000000068,2.7617881200245034,1.9479711227284016
2026-09-08,RASHI PERIPHERALS LIMITED     ,RPTECH    ,EQ,N,853.4,854.95,864.8,791.45,817.95,814.75,-4.153972345910468,73.34999999999991,8.595031638153259,-4.327738464237674
2026-09-08,RDB REAL ESTATE CONS L        ,RRECL     ,EQ,N,132.27,132.27,133.0,127.05,130.01,132.1,-1.7086262947002488,5.950000000000003,4.498374536932035,-1.7086262947002488
2026-09-08,R R I L LTD.                  ,RRIL      ,EQ,N,16.54,16.79,17.29,15.61,16.12,16.2,-2.5392986698911617,1.6799999999999997,10.157194679564691,-3.990470518165564
2026-09-08,R R KABEL LIMITED             ,RRKABEL   ,EQ,N,2387.1,2388.1,2468.0,2388.1,2448.5,2450.0,2.5721586862720494,79.90000000000009,3.3471576389761677,2.5292073196264853
2026-09-08,RAJPUTANA STAINLESS LTD       ,RSL       ,EQ,N,186.05,187.69,192.0,186.05,190.21,191.0,2.235958075786077,5.949999999999989,3.198065036280563,1.3426394586818746
2026-09-08,R. S. SOFTWARE (INDIA) LI     ,RSSOFTWARE,EQ,N,29.59,29.59,29.93,29.0,29.09,29.68,-1.6897600540723219,0.9299999999999997,3.1429537005745174,-1.6897600540723219
2026-09-08,R SYS INTERNATIONAL LTD       ,RSYSTEMS  ,EQ,N,250.72,251.44,251.44,245.0,245.89,245.3,-1.9264518187619706,6.439999999999998,2.568602425015953,-2.2072860324530748
2026-09-08,RATTANINDIA ENT LIMITED       ,RTNINDIA  ,EQ,N,28.14,28.14,28.3,27.62,28.05,28.13,-0.3198294243070357,0.6799999999999997,2.416488983653162,-0.3198294243070357
2026-09-08,RATTANINDIA POWER LIMITED     ,RTNPOWER  ,EQ,N,7.32,7.3,7.31,7.22,7.28,7.28,-0.5464480874316944,0.08999999999999986,1.2295081967213095,-0.2739726027397202
2026-09-08,R T S POWER CORPN. LTD.       ,RTSPOWR   ,EQ,N,89.68,93.0,93.0,87.31,88.17,90.99,-1.6837644959857325,5.689999999999998,6.344781445138266,-5.193548387096772
2026-09-08,RUBFILA INTERNATIONAL LTD     ,RUBFILA   ,EQ,N,70.96,70.96,71.39,69.53,70.18,70.0,-1.0992108229988542,1.8599999999999994,2.6211950394588497,-1.0992108229988542
2026-09-08,RUBICON RESEARCH LIMITED      ,RUBICON   ,EQ,N,1748.4,1751.0,1870.0,1741.9,1860.6,1856.0,6.41729581331502,128.0999999999999,7.3266986959505775,6.259280411193599
2026-09-08,THE RUBY MILLS LTD            ,RUBYMILLS ,EQ,N,457.0,447.7,458.8,439.55,450.3,458.8,-1.4660831509846803,19.25,4.212253829321663,0.5807460352914949
2026-09-08,RUCHI INFRASTRUCTURE LTD      ,RUCHINFRA ,EQ,N,5.62,5.71,5.76,5.55,5.63,5.63,0.17793594306049443,0.20999999999999996,3.7366548042704615,-1.4010507880910694
2026-09-08,RUCHIRA PAPERS LIMITED        ,RUCHIRA   ,EQ,N,107.88,108.0,113.97,108.0,112.17,112.58,3.976640711902119,5.969999999999999,5.533926585094549,3.8611111111111125
2026-09-08,RUDRA GLOBAL INFRA PROD L     ,RUDRA     ,EQ,N,20.04,20.04,20.78,19.55,19.77,19.57,-1.3473053892215547,1.2300000000000004,6.137724550898207,-1.3473053892215547
2026-09-08,RUPA & COMPANY LTD            ,RUPA      ,EQ,N,142.92,142.92,143.0,141.05,142.18,141.56,-0.5177721802406806,1.9499999999999886,1.3643996641477671,-0.5177721802406806
2026-09-08,RUSHIL DECOR LIMITED          ,RUSHIL    ,EQ,N,16.04,16.0,16.34,15.67,16.07,16.1,0.18703241895262557,0.6699999999999999,4.177057356608479,0.4375000000000018
2026-09-08,KEYSTONE REALTORS LIMITED     ,RUSTOMJEE ,EQ,N,366.9,367.0,369.0,351.05,357.55,358.9,-2.548378304715172,17.94999999999999,4.892341237394382,-2.5749318801089887
2026-09-08,RAVINDER HEIGHTS LIMITED      ,RVHL      ,EQ,N,40.2,40.8,40.8,39.6,39.99,39.9,-0.5223880597014946,1.1999999999999957,2.9850746268656607,-1.9852941176470473
2026-09-08,RAIL VIKAS NIGAM LIMITED      ,RVNL      ,EQ,N,210.05,210.05,211.3,207.0,207.5,207.5,-1.213996667460134,4.300000000000011,2.047131635324928,-1.213996667460134
2026-09-08,REVATHI EQUIPMENT INDIA L     ,RVTH      ,EQ,N,717.5,713.95,779.0,713.0,752.45,758.0,4.871080139372828,66.0,9.198606271777003,5.392534491210869
2026-09-08,S&S POWER SWITCHGEARS LTD     ,S&SPOWER  ,EQ,N,334.0,339.4,350.7,330.4,350.7,350.7,4.9999999999999964,20.30000000000001,6.077844311377248,3.329404832056574
2026-09-08,SAATVIK GREEN ENERGY LTD      ,SAATVIKGL ,EQ,N,421.0,416.6,421.95,412.2,415.95,420.0,-1.1995249406175799,9.75,2.315914489311164,-0.15602496399424726
2026-09-08,S A B INDUSTRIES LTD.         ,SAB       ,EQ,N,192.6,192.6,192.6,183.0,192.5,192.5,-0.05192107995846019,9.599999999999994,4.984423676012458,-0.05192107995846019
2026-09-08,SADBHAV ENGINEERING LTD       ,SADBHAV   ,EQ,N,8.02,8.03,8.07,7.85,7.99,7.96,-0.374064837905229,0.22000000000000064,2.743142144638412,-0.49813200498130944
2026-09-08,SAFARI IND (INDIA) LTD        ,SAFARI    ,EQ,N,1537.8,1530.0,1540.9,1510.4,1533.7,1530.0,-0.2666146442970418,30.5,1.9833528417219404,0.2418300653594801
2026-09-08,SAGARDEEP ALLOYS LIMITED      ,SAGARDEEP ,EQ,N,23.64,24.8,24.8,23.4,23.98,24.0,1.4382402707275799,1.4000000000000021,5.922165820642987,-3.3064516129032264
2026-09-08,SAGAR CEMENTS LIMITED         ,SAGCEM    ,EQ,N,153.64,153.64,155.5,151.1,151.82,151.5,-1.184587347045036,4.400000000000006,2.863837542306695,-1.184587347045036
2026-09-08,SAGILITY LIMITED              ,SAGILITY  ,EQ,N,45.95,45.9,46.05,45.19,45.7,45.7,-0.5440696409140369,0.8599999999999994,1.8715995647442858,-0.43572984749454413
2026-09-08,SHALIBHADRA FINANCE LTD       ,SAHLIBHFI ,EQ,N,86.54,86.54,88.48,84.0,84.95,85.0,-1.8373006702103112,4.480000000000004,5.17679685694477,-1.8373006702103112
2026-09-08,SAHYADRI INDUSTRIES LTD       ,SAHYADRI  ,EQ,N,394.55,391.3,395.0,373.05,385.0,383.4,-2.420479026739326,21.94999999999999,5.563299961982001,-1.6100178890876595
2026-09-08,SAI CAPITAL LTD.              ,SAICAPI   ,EQ,N,141.6,142.0,155.0,142.0,151.11,151.6,6.716101694915268,13.0,9.180790960451978,6.415492957746488
2026-09-08,STEEL AUTHORITY OF INDIA      ,SAIL      ,EQ,N,187.9,188.5,190.8,186.05,186.1,186.1,-0.9579563597658389,4.75,2.5279403938265035,-1.273209549071621
2026-09-08,SAI LIFE SCIENCES LIMITED     ,SAILIFE   ,EQ,N,1579.6,1579.6,1657.2,1574.0,1647.1,1650.0,4.273233730058243,83.20000000000005,5.267156242086608,4.273233730058243
2026-09-08,SAI PARENTERALS LIMITED       ,SAIPARENT ,EQ,N,516.45,520.75,534.0,518.0,529.7,532.35,2.565592022461032,16.0,3.098073385613321,1.7186749879980885
2026-09-08,SAKAR HEALTHCARE LIMITED      ,SAKAR     ,EQ,N,1109.2,1140.0,1211.0,1112.05,1157.85,1175.0,4.386043995672544,98.95000000000005,8.920843851424454,1.5657894736842026
2026-09-08,SAKTHI SUGARS LTD             ,SAKHTISUG ,EQ,N,19.96,19.88,20.24,19.65,19.93,19.81,-0.15030060120241048,0.5899999999999999,2.955911823647294,0.2515090543259593
2026-09-08,SAKSOFT LIMITED               ,SAKSOFT   ,EQ,N,151.77,150.52,151.98,149.2,149.98,150.0,-1.1794162219147528,2.780000000000001,1.831719048560322,-0.358756311453641
2026-09-08,SAKUMA EXPORTS LIMITED        ,SAKUMA    ,EQ,N,1.62,1.63,1.64,1.61,1.63,1.63,0.6172839506172707,0.029999999999999805,1.8518518518518396,0.0
2026-09-08,SALASAR TECHNO ENGG. LTD.     ,SALASAR   ,EQ,N,5.09,5.05,5.19,5.0,5.14,5.15,0.9823182711198394,0.1900000000000004,3.7328094302554105,1.7821782178217795
2026-09-08,SALONA COTSPIN LTD.           ,SALONA    ,EQ,N,263.45,260.8,263.75,251.95,259.3,261.95,-1.5752514708673286,11.800000000000011,4.4790282786107465,-0.5751533742331288
2026-09-08,S.A.L. STEEL LTD.             ,SALSTEEL  ,EQ,N,81.8,81.5,83.4,78.35,79.63,78.7,-2.6528117359413224,5.050000000000011,6.173594132029354,-2.294478527607368
2026-09-08,SALZER ELECTRONICS LTD        ,SALZERELEC,EQ,N,551.1,551.6,572.95,544.0,550.55,548.2,-0.09980039920160919,28.950000000000045,5.253130103429513,-0.19035532994925095
2026-09-08,SAMBANDAM SPINNING MILL L     ,SAMBANDAM ,EQ,N,120.4,119.99,120.0,118.0,118.0,118.0,-1.9933554817275794,2.0,1.661129568106312,-1.6584715392949372
2026-09-08,SAMBHAAV MEDIA LTD            ,SAMBHAAV  ,EQ,N,5.85,5.85,6.02,5.66,5.96,5.98,1.8803418803418859,0.35999999999999943,6.153846153846144,1.8803418803418859
2026-09-08,SAMBHV STEEL TUBES LTD        ,SAMBHV    ,EQ,N,133.53,134.75,134.83,126.98,128.67,128.99,-3.6396315434733872,7.8500000000000085,5.878828727626757,-4.512059369202236
2026-09-08,SAMHI HOTELS LIMITED          ,SAMHI     ,EQ,N,155.77,155.77,158.09,153.42,155.61,155.67,-0.1027155421454687,4.670000000000016,2.9980098863709417,-0.1027155421454687
2026-09-08,SAMMAAN CAPITAL LIMITED       ,SAMMAANCAP,EQ,N,155.92,155.0,155.33,152.67,153.0,153.1,-1.8727552591072265,2.660000000000025,1.706003078501812,-1.2903225806451613
2026-09-08,SAMPANN UTPADAN INDIA LTD     ,SAMPANN   ,EQ,N,24.54,24.54,24.74,23.81,24.35,24.49,-0.7742461287693468,0.9299999999999997,3.789731051344742,-0.7742461287693468
2026-09-08,SANATHAN TEXTILES LIMITED     ,SANATHAN  ,EQ,N,470.9,473.7,479.9,467.85,470.5,472.5,-0.08494372478232688,12.049999999999955,2.558929709067733,-0.6755330377876269
2026-09-08,SANDESH LTD                   ,SANDESH   ,EQ,N,1053.9,1053.9,1064.7,1051.0,1051.1,1051.0,-0.2656798557738098,13.700000000000045,1.2999335800360607,-0.2656798557738098
2026-09-08,SANDHAR TECHNOLOGIES LTD      ,SANDHAR   ,EQ,N,620.4,624.7,627.8,615.35,626.35,627.5,0.9590586718246367,12.449999999999932,2.006769825918751,0.2641267808548067
2026-09-08,SANDUR MANG & IRON ORES L     ,SANDUMA   ,EQ,N,195.17,196.45,198.85,195.39,196.57,196.89,0.717323359122819,3.460000000000008,1.7728134446892494,0.0610842453550545
2026-09-08,SANGAM (INDIA) LTD            ,SANGAMIND ,EQ,N,576.3,576.8,587.0,566.6,580.0,587.0,0.64202672219331,20.399999999999977,3.539823008849554,0.5547850208044461
2026-09-08,SANGHVI MOVERS LTD            ,SANGHVIMOV,EQ,N,438.6,437.95,445.85,428.45,441.2,441.5,0.5927952576379311,17.400000000000034,3.967168262653906,0.7420938463294896
2026-09-08,SANOFI INDIA LIMITED          ,SANOFI    ,EQ,N,3122.0,3130.0,3132.5,3111.0,3114.9,3120.0,-0.22741832158872224,21.5,0.6886611146700833,-0.4824281150159715
2026-09-08,SANOFI CONS HEALTHC IND L     ,SANOFICONR,EQ,N,4106.0,4106.0,4129.9,4040.5,4075.6,4052.0,-0.7403799318071138,89.39999999999964,2.1773015099853783,-0.7403799318071138
2026-09-08,SANSERA ENGINEERING LTD       ,SANSERA   ,EQ,N,3896.3,4020.0,4094.3,3957.7,4033.6,4025.0,3.5238559659163746,136.60000000000036,3.5058902035264317,0.3383084577114405
2026-09-08,SANSTAR LIMITED               ,SANSTAR   ,EQ,N,110.01,110.93,110.93,108.8,109.62,109.5,-0.35451322607035773,2.1300000000000097,1.9361876193073442,-1.1809249075993888
2026-09-08,SAPPHIRE FOODS INDIA LTD      ,SAPPHIRE  ,EQ,N,228.18,228.5,232.52,224.9,226.61,225.35,-0.6880532912612819,7.6200000000000045,3.339468840389168,-0.8271334792122479
2026-09-08,SHREE AJIT PULP & PAPER L     ,SAPPL     ,EQ,N,276.6,290.0,290.0,280.0,282.7,283.8,2.205350686912497,10.0,3.615328994938539,-2.5172413793103487
2026-09-08,SARDA ENERGY & MIN LTD        ,SARDAEN   ,EQ,N,512.5,512.5,524.0,510.4,519.85,519.0,1.434146341463419,13.600000000000023,2.6536585365853704,1.434146341463419
2026-09-08,SAREGAMA INDIA LIMITED        ,SAREGAMA  ,EQ,N,494.3,494.0,501.7,487.8,497.1,497.0,0.5664576168318858,13.899999999999977,2.8120574549868453,0.6275303643724742
2026-09-08,SARLA PERF. FIBERS LTD        ,SARLAPOLY ,EQ,N,101.78,100.96,102.19,100.0,101.47,101.5,-0.30457850265278275,2.1899999999999977,2.1516997445470603,0.5051505546751239
2026-09-08,SARVESHWAR FOODS LIMITED      ,SARVESHWAR,EQ,N,3.67,3.8,4.03,3.75,4.03,4.03,9.80926430517712,0.28000000000000025,7.629427792915538,6.05263157894738
2026-09-08,SASKEN TECHNOLOGIES LTD       ,SASKEN    ,EQ,N,1826.6,1840.1,1917.9,1825.0,1894.3,1880.0,3.7063396474323906,92.90000000000009,5.085952042045335,2.945492092821045
2026-09-08,SATIA INDUSTRIES LIMITED      ,SATIA     ,EQ,N,68.19,68.01,69.7,66.0,67.83,67.5,-0.527936647602287,3.700000000000003,5.426015544801295,-0.2646669607410775
2026-09-08,SATIN CREDIT NET LTD          ,SATIN     ,EQ,N,216.94,217.88,220.48,214.75,217.49,218.98,0.2535263206416573,5.72999999999999,2.641283304139389,-0.17899761336514888
2026-09-08,SAURASHTRA CEMENT LIMITED     ,SAURASHCEM,EQ,N,55.8,55.92,56.66,55.25,56.11,56.66,0.5555555555555597,1.4099999999999966,2.5268817204301017,0.33977110157367263
2026-09-08,SAYAJI HOTELS LTD.            ,SAYAJIHOTL,EQ,N,323.0,322.9,322.9,305.0,320.0,320.0,-0.9287925696594427,17.899999999999977,5.541795665634668,-0.8981108702384568
2026-09-08,SAYAJI INDUSTRIES LTD.        ,SAYAJIIND ,EQ,N,116.5,116.01,118.5,116.0,116.01,116.01,-0.42060085836909433,2.5,2.1459227467811157,0.0
2026-09-08,SBC EXPORTS LIMITED           ,SBC       ,EQ,N,46.87,46.99,47.58,46.62,46.77,46.8,-0.21335609131639494,0.9600000000000009,2.0482184766375098,-0.46818472015322166
2026-09-08,SHIVALIK BIMETAL CON. LTD     ,SBCL      ,EQ,N,1092.1,1092.1,1131.3,1066.2,1105.2,1107.6,1.1995238531270156,65.09999999999991,5.960992583096778,1.1995238531270156
2026-09-08,SBFC FINANCE LIMITED          ,SBFC      ,EQ,N,98.48,98.98,99.29,96.39,97.35,97.67,-1.1474411047928612,2.9000000000000057,2.9447603574329873,-1.6467973327945136
2026-09-08,SURATWWALA BUS GROUP LTD      ,SBGLP     ,EQ,N,23.81,24.01,24.95,23.81,23.81,23.82,0.0,1.1400000000000006,4.7879042419151645,-0.8329862557267923
2026-09-08,SBIAMC - SBIBPB               ,SBIBPB    ,EQ,N,49.08,49.32,49.32,48.7,48.87,48.99,-0.4278728606356985,0.6199999999999974,1.263243683781576,-0.9124087591240935
2026-09-08,SBI CARDS & PAY SER LTD       ,SBICARD   ,EQ,N,674.65,671.0,675.0,661.35,668.0,668.0,-0.9856962869636073,13.649999999999977,2.0232713258726713,-0.44709388971684055
2026-09-08,SBIAMC - SBIETFCON            ,SBIETFCON ,EQ,N,119.35,119.35,120.15,118.79,119.88,120.15,0.44407205697528374,1.3599999999999994,1.1395056556346876,0.44407205697528374
2026-09-08,SBIAMC - SBIETFIT             ,SBIETFIT  ,EQ,N,333.91,342.25,342.25,330.05,331.6,332.17,-0.6918031804977396,12.199999999999989,3.65367913509628,-3.1117604090576996
2026-09-08,SBIAMC - SBIETFPB             ,SBIETFPB  ,EQ,N,283.54,283.47,283.55,280.87,281.99,281.0,-0.5466600832334102,2.680000000000007,0.9451929181067951,-0.5221011041732875
2026-09-08,SBIAMC - SBIETFQLTY           ,SBIETFQLTY,EQ,N,219.42,219.37,220.73,219.37,219.53,219.53,0.050132166621098186,1.3599999999999852,0.6198158782244031,0.07293613529652943
2026-09-08,SBI FUNDS MANAGEMENT LTD      ,SBIFUNDS  ,EQ,N,557.8,557.8,558.5,553.05,555.7,555.5,-0.3764790247400339,5.4500000000000455,0.9770527070634718,-0.3764790247400339
2026-09-08,SBI LIFE INSURANCE CO LTD     ,SBILIFE   ,EQ,N,1732.0,1734.6,1739.9,1696.6,1696.6,1696.6,-2.0438799076212524,43.30000000000018,2.5000000000000107,-2.1907067911910527
2026-09-08,SBIAMC - SBILIQETF            ,SBILIQETF ,EQ,N,1054.91,1055.02,1055.04,1055.02,1055.03,1055.04,0.011375377994320923,0.01999999999998181,0.0018958963323868205,0.0009478493298696618
2026-09-08,SBIAMC - SBIMIDMOM            ,SBIMIDMOM ,EQ,N,63.53,63.54,64.17,63.54,64.09,64.08,0.8814733196914879,0.6300000000000026,0.9916574846529238,0.8655964746616371
2026-09-08,STATE BANK OF INDIA           ,SBIN      ,EQ,N,1005.9,1004.9,1011.2,1002.1,1008.0,1008.0,0.20876826722338432,9.100000000000023,0.9046624913013245,0.3084884068066497
2026-09-08,SBIAMC - SBINEQWETF           ,SBINEQWETF,EQ,N,32.93,32.93,32.94,32.75,32.88,32.93,-0.15183723048890727,0.18999999999999773,0.5769814758578734,-0.15183723048890727
2026-09-08,SBIAMC - SBINMID150           ,SBINMID150,EQ,N,23.15,23.41,23.41,23.08,23.17,23.18,0.08639308855292928,0.33000000000000185,1.425485961123118,-1.0252029047415567
2026-09-08,SBIAMC - SBISILVER            ,SBISILVER ,EQ,N,225.27,227.6,229.64,225.55,226.79,227.0,0.67474586052292,4.089999999999975,1.8155990589070783,-0.3558875219683666
2026-09-08,SBIAMC - SBISMLETF            ,SBISMLETF ,EQ,N,18.5,18.59,18.64,18.41,18.57,18.64,0.37837837837837995,0.23000000000000043,1.2432432432432454,-0.10758472296933606
2026-09-08,SBIAMC - SBIVALETF            ,SBIVALETF ,EQ,N,14.6,14.65,14.66,14.57,14.57,14.66,-0.20547945205479015,0.08999999999999986,0.6164383561643826,-0.5460750853242325
2026-09-08,SCHAEFFLER INDIA LIMITED      ,SCHAEFFLER,EQ,N,3999.6,3991.2,4000.5,3911.7,3954.6,3952.0,-1.125112511251125,88.80000000000018,2.220222022202225,-0.9170174383643994
2026-09-08,S CHAND AND COMPANY LTD       ,SCHAND    ,EQ,N,133.34,133.95,138.0,133.01,136.64,136.0,2.4748762561871778,4.990000000000009,3.742312884355789,2.008212019410226
2026-09-08,SCHNEIDER ELECTRIC INFRA      ,SCHNEIDER ,EQ,N,1193.6,1193.6,1235.3,1186.4,1229.7,1224.6,3.024463806970521,48.899999999999864,4.096849865951731,3.024463806970521
2026-09-08,SHIPPING CORP OF INDIA LT     ,SCI       ,EQ,N,293.75,293.6,294.8,288.05,288.75,289.4,-1.702127659574468,6.75,2.297872340425532,-1.6519073569482365
2026-09-08,SHIPPING CORP OF ILA LTD      ,SCILAL    ,EQ,N,39.27,39.1,39.49,37.0,38.77,38.94,-1.2732365673542143,2.490000000000002,6.340718105423992,-0.8439897698209674
2026-09-08,SCODA TUBES LIMITED           ,SCODATUBES,EQ,N,130.33,130.3,131.2,128.61,129.85,129.51,-0.36829586434437056,2.589999999999975,1.9872631013580715,-0.3453568687644029
2026-09-08,SOM DIST & BREW LTD           ,SDBL      ,EQ,N,75.02,75.02,75.17,72.1,72.39,72.2,-3.505731804852034,3.0700000000000074,4.092242068781668,-3.505731804852034
2026-09-08,SEAMEC LIMITED                ,SEAMECLTD ,EQ,N,1779.9,1791.6,1799.0,1740.0,1782.6,1785.0,0.15169391538849475,59.0,3.31479296589696,-0.5023442732752846
2026-09-08,SECMARK CONSULTANCY LTD       ,SECMARK   ,EQ,N,143.24,142.8,144.3,133.06,139.33,139.4,-2.7296844456855602,11.240000000000009,7.846970120078196,-2.429971988795517
2026-09-08,SECUREKLOUD TECH LIMITED      ,SECURKLOUD,EQ,N,17.12,17.49,17.49,16.7,16.99,17.0,-0.7593457943925382,0.7899999999999991,4.614485981308406,-2.858776443682104
2026-09-08,SEDEMAC MECHATRONICS LTD      ,SEDEMAC   ,EQ,N,2876.2,2890.0,2930.0,2850.0,2867.5,2868.0,-0.3024824421111125,80.0,2.781447743550518,-0.7785467128027681
2026-09-08,SHANTI EDU INITIATIVES L      ,SEIL      ,EQ,N,200.17,203.89,203.89,197.1,198.59,197.36,-0.7893290702902453,6.789999999999992,3.3921167008043125,-2.5994408749815996
2026-09-08,SEJAL GLASS LIMITED           ,SEJALLTD  ,EQ,N,666.05,669.65,672.45,646.1,651.35,646.1,-2.207041513399885,26.350000000000023,3.956159447488931,-2.7327708504442554
2026-09-08,SAINT GOBAIN SEKUR IND L      ,SEKURITIND,EQ,N,114.16,114.7,114.84,112.7,113.19,113.89,-0.8496846531184293,2.1400000000000006,1.8745620182200426,-1.3164777680906756
2026-09-08,MIRAEAMC - SELECTIPO          ,SELECTIPO ,EQ,N,48.47,48.59,48.9,48.39,48.88,48.84,0.8458840519909299,0.509999999999998,1.0521972354033382,0.596830623585098
2026-09-08,SEL MANUFACTURING CO LTD      ,SELMC     ,EQ,N,26.83,28.42,29.5,26.5,28.81,29.2,7.379798732761836,3.0,11.181513231457323,1.3722730471498839
2026-09-08,SEMAC CONSTRUCTION LTD        ,SEMAC     ,EQ,N,282.0,294.95,294.95,279.0,285.95,281.45,1.4007092198581519,15.949999999999989,5.656028368794322,-3.05136463807425
2026-09-08,SENCO GOLD LIMITED            ,SENCO     ,EQ,N,365.1,368.0,369.5,359.05,361.85,360.5,-0.8901670775130102,10.449999999999989,2.862229526157214,-1.6711956521739069
2026-09-08,SENORES PHARMACEUTICALS L     ,SENORES   ,EQ,N,1497.5,1504.0,1532.0,1486.0,1509.8,1510.9,0.8213689482470754,46.0,3.0717863105175294,0.3856382978723374
2026-09-08,DSPAMC - DSPSENXETF           ,SENSEXADD ,EQ,N,78.54,78.45,78.54,77.91,78.31,78.32,-0.29284441049147436,0.6300000000000097,0.8021390374331673,-0.17845761631612564
2026-09-08,AXISAMC-SENSEXAXIS            ,SENSEXAXIS,EQ,N,78.99,79.77,79.77,78.5,78.74,78.75,-0.31649575895683,1.269999999999996,1.6077984555006912,-1.2912122351761328
2026-09-08,UTIAMC-SENSEXBETA             ,SENSEXBETA,EQ,N,843.38,843.5,844.0,839.0,841.3,843.6,-0.24662666887998777,5.0,0.5928525694230359,-0.26081802015412514
2026-09-08,MIRAEAMC - SENSEXETF          ,SENSEXETF ,EQ,N,78.59,78.98,78.98,78.0,78.19,78.17,-0.508970606947456,0.980000000000004,1.2469779870212545,-1.0002532286654928
2026-09-08,ICICI PRUD SENSEX ETF         ,SENSEXIETF,EQ,N,876.69,873.01,876.37,871.0,872.03,874.51,-0.5315447877813231,5.3700000000000045,0.6125312254046474,-0.11225530062656994
2026-09-08,SEPC LIMITED                  ,SEPC      ,EQ,N,5.41,5.37,5.4,5.32,5.34,5.36,-1.2939001848428888,0.08000000000000007,1.478743068391868,-0.5586592178770996
2026-09-08,SERVOTECH REN POW SYS LTD     ,SERVOTECH ,EQ,N,79.03,79.03,79.9,77.85,79.06,79.9,0.03796026825256375,2.0500000000000114,2.593951663925106,0.03796026825256375
2026-09-08,SESHASAYEE PAPER & BOARDS     ,SESHAPAPER,EQ,N,242.37,243.8,249.2,240.0,243.98,244.0,0.6642736312249805,9.199999999999989,3.7958493212856323,0.07383100902378113
2026-09-08,SBIAMC - SETF10GILT           ,SETF10GILT,EQ,N,263.32,264.63,265.32,263.0,265.02,265.02,0.6456023089776655,2.319999999999993,0.8810572687224645,0.14737558099988146
2026-09-08,SBI-ETF GOLD                  ,SETFGOLD  ,EQ,N,129.56,130.5,130.66,129.25,129.84,129.93,0.21611608521148587,1.4099999999999966,1.0882988576721184,-0.505747126436779
2026-09-08,SBI-ETF NIFTY 50              ,SETFNIF50 ,EQ,N,256.36,256.73,256.73,255.03,255.36,255.4,-0.39007645498517707,1.700000000000017,0.6631299734748077,-0.5336345577065417
2026-09-08,SBI-ETF NIFTY BANK            ,SETFNIFBK ,EQ,N,587.34,602.02,602.02,583.0,584.23,583.62,-0.5295059079919661,19.019999999999982,3.2383287363367015,-2.955051327198426
2026-09-08,SBI-ETF NIFTY NEXT 50         ,SETFNN50  ,EQ,N,780.05,778.2,783.9,778.18,781.42,780.0,0.17562976732260813,5.720000000000027,0.7332863277995036,0.4137753790799169
2026-09-08,STANDARD ENGNG TCNLGY LTD     ,SETL      ,EQ,N,388.55,388.55,407.0,384.1,404.5,405.6,4.105005790760517,22.899999999999977,5.89370737356839,4.105005790760517
2026-09-08,SHEELA FOAM LIMITED           ,SFL       ,EQ,N,642.7,652.0,707.0,645.45,675.95,677.0,5.173486852341683,61.549999999999955,9.57678543644001,3.67331288343559
2026-09-08,SG FINSERVE LIMITED           ,SGFIN     ,EQ,N,677.6,675.05,685.45,668.55,676.15,675.5,-0.2139905548996525,16.90000000000009,2.4940968122786438,0.1629508925264829
2026-09-08,SYNERGY GREEN IND. LTD        ,SGIL      ,EQ,N,600.85,605.5,606.55,585.05,588.5,586.0,-2.0554214862278477,21.5,3.578264125821752,-2.8075970272502064
2026-09-08,STL GLOBAL LIMITED            ,SGL       ,EQ,N,9.83,10.03,10.39,9.75,9.87,10.06,0.4069175991861561,0.6400000000000006,6.5106815869786425,-1.5952143569292139
2026-09-08,SGL RESOURCES LIMITED         ,SGLRES    ,EQ,N,2.5,2.62,2.62,2.4,2.52,2.56,0.8000000000000007,0.2200000000000002,8.800000000000008,-3.8167938931297747
2026-09-08,SG MART LIMITED               ,SGMART    ,EQ,N,810.4,810.4,830.45,806.0,809.5,806.4,-0.11105626850937528,24.450000000000045,3.01702862783811,-0.11105626850937528
2026-09-08,SHREE GANESH REMEDIES LTD     ,SGRL      ,EQ,N,714.2,715.0,722.0,685.0,696.0,707.95,-2.54830579669561,37.0,5.180621674600952,-2.6573426573426575
2026-09-08,SHADOWFAX TECHNOLOGIES L      ,SHADOWFAX ,EQ,N,250.2,248.9,255.85,244.75,249.75,250.1,-0.17985611510790914,11.099999999999994,4.436450839328535,0.34150261149055616
2026-09-08,SHAH METACORP LIMITED         ,SHAH      ,EQ,N,3.46,3.49,3.49,3.34,3.36,3.4,-2.890173410404627,0.15000000000000036,4.335260115606947,-3.724928366762187
2026-09-08,SHAILY ENG PLASTICS LTD       ,SHAILY    ,EQ,N,3348.7,3347.0,3419.9,3308.1,3407.8,3408.0,1.764863977065738,111.80000000000018,3.3386090124525993,1.8165521362414159
2026-09-08,SHAKTI PUMPS (I) LTD          ,SHAKTIPUMP,EQ,N,466.95,467.0,477.45,466.95,473.0,473.15,1.295641931684337,10.5,2.24863475746868,1.284796573875803
2026-09-08,SHALBY LIMITED                ,SHALBY    ,EQ,N,151.24,152.04,153.01,149.2,149.82,149.36,-0.9389050515736682,3.8100000000000023,2.519174821475801,-1.4601420678768737
2026-09-08,SHANKARA BLDG PRODUCT LTD     ,SHANKARA  ,EQ,N,148.26,147.5,148.73,147.5,148.34,148.26,0.053959260758136056,1.2299999999999898,0.8296236341562051,0.569491525423731
2026-09-08,SHANKESH JEWELLERS LTD        ,SHANKESH  ,EQ,N,102.37,103.5,106.7,93.22,94.89,94.05,-7.306828172316111,13.480000000000004,13.167920289147213,-8.318840579710145
2026-09-08,SHANTI OVERSEAS INDIA LTD     ,SHANTI    ,EQ,N,6.5,6.6,6.67,6.15,6.46,6.55,-0.6153846153846159,0.5199999999999996,7.999999999999993,-2.1212121212121167
2026-09-08,SHANTHI GEARS LTD             ,SHANTIGEAR,EQ,N,640.0,638.85,704.0,632.15,704.0,704.0,10.0,71.85000000000002,11.226562500000004,10.198012052907563
2026-09-08,SHANTI GOLD INTERNATION L     ,SHANTIGOLD,EQ,N,270.72,273.0,273.97,260.02,264.26,266.0,-2.386229314420817,13.950000000000045,5.15292553191491,-3.2014652014652047
2026-09-08,SHARDA CROPCHEM LTD.          ,SHARDACROP,EQ,N,767.45,770.2,803.25,764.3,795.9,796.5,3.707081894585958,38.950000000000045,5.07524920190241,3.336795637496745
2026-09-08,SHARDA MOTOR INDS LTD         ,SHARDAMOTR,EQ,N,890.05,890.05,897.9,882.0,890.75,886.05,0.07864726700747661,15.899999999999977,1.7864164934554214,0.07864726700747661
2026-09-08,SHARE IND. SECURITIES LTD     ,SHAREINDIA,EQ,N,171.86,171.74,172.59,168.62,170.91,171.3,-0.5527755149540422,3.969999999999999,2.310019783544745,-0.4832886922091606
2026-09-08,NIP IND ETF SHARIAH BEES      ,SHARIABEES,EQ,N,447.05,447.05,447.05,444.41,446.23,447.0,-0.18342467285538377,2.6399999999999864,0.5905379711441642,-0.18342467285538377
2026-09-08,SHRI BAJRANG ALLIANCE L       ,SHBAJRG   ,EQ,N,161.97,161.99,163.66,155.11,155.89,156.0,-3.7537815644872587,8.549999999999983,5.278755325060186,-3.7656645471942847
2026-09-08,SHERVANI INDUSTRIAL SYN L     ,SHERVANI  ,EQ,N,305.15,325.0,325.15,324.1,324.9,324.9,6.4722267737178445,1.0499999999999545,0.3440930689824528,-0.030769230769237762
2026-09-08,SHILCHAR TECHNOLOGIES LTD     ,SHILCTECH ,EQ,N,4187.0,4187.0,4247.8,4153.4,4212.5,4206.0,0.6090279436350609,94.40000000000055,2.2545975638882383,0.6090279436350609
2026-09-08,SHILP GRAVURES LTD.           ,SHILGRAVQ ,EQ,N,150.25,151.95,156.0,149.0,150.21,149.9,-0.026622296173039628,7.0,4.658901830282862,-1.1451135241855748
2026-09-08,SHILPA MEDICARE LTD           ,SHILPAMED ,EQ,N,939.5,949.85,965.0,937.1,959.9,961.0,2.171367748802552,27.899999999999977,2.9696647152740794,1.0580617992314527
2026-09-08,SHARAT INDUSTRIES LTD.        ,SHINDL    ,EQ,N,162.77,164.0,167.0,159.03,160.65,161.95,-1.3024513116667717,7.969999999999999,4.896479695275541,-2.042682926829265
2026-09-08,SHIPROCKET LIMITED            ,SHIPROCKET,EQ,N,135.21,139.5,144.5,132.61,134.77,133.9,-0.3254197174765163,11.889999999999986,8.793728274535896,-3.390681003584222
2026-09-08,SHIVA GLOBAL AGRO INDS. L     ,SHIVAAGRO ,EQ,N,41.41,45.0,45.0,40.12,42.96,43.23,3.743057232552534,4.880000000000003,11.784593093455694,-4.533333333333331
2026-09-08,SHIVA CEMENT LTD.             ,SHIVACEM  ,EQ,N,16.07,16.07,16.2,15.9,16.12,16.14,0.31113876789048356,0.29999999999999893,1.8668326073428683,0.31113876789048356
2026-09-08,SHIVALIK RASAYAN LIMITED      ,SHIVALIK  ,EQ,N,316.85,315.0,323.9,308.65,320.75,321.9,1.2308663405396802,15.25,4.813002998264163,1.8253968253968256
2026-09-08,SHIVAM AUTO.LTD               ,SHIVAMAUTO,EQ,N,17.33,17.87,17.87,17.0,17.03,17.0,-1.7311021350259501,0.870000000000001,5.02019619157531,-4.700615556799104
2026-09-08,SHIVA MILLS LIMITED           ,SHIVAMILLS,EQ,N,60.99,62.99,63.49,59.75,62.63,63.49,2.688965404164618,3.740000000000002,6.132152811936386,-0.5715192887759952
2026-09-08,SHIVA TEXYARN LIMITED         ,SHIVATEX  ,EQ,N,179.46,184.49,184.49,174.01,177.7,174.57,-0.9807199375905601,10.480000000000018,5.839741446561917,-3.680416282725362
2026-09-08,SHIV AUM STEELS LIMITED       ,SHIVAUM   ,EQ,N,453.7,460.0,470.0,451.5,461.2,460.0,1.6530747189772976,18.5,4.077584306810668,0.26086956521738885
2026-09-08,S H KELKAR AND CO. LTD.       ,SHK       ,EQ,N,148.0,147.82,149.89,144.1,145.59,149.65,-1.628378378378376,5.789999999999992,3.912162162162157,-1.5085915302394737
2026-09-08,SHOPPERS STOP LIMITED         ,SHOPERSTOP,EQ,N,376.3,378.0,397.95,374.05,380.8,382.0,1.1958543715120915,23.899999999999977,6.351315439808657,0.7407407407407437
2026-09-08,SHRADDHA PRIME PROJECTS L     ,SHRADDHA  ,EQ,N,154.92,158.7,158.7,151.14,154.75,154.75,-0.10973405628710788,7.560000000000002,4.879938032532922,-2.488972904851915
2026-09-08,SHRADHA REALTY LIMITED        ,SHRADHA   ,EQ,N,31.47,31.6,32.0,30.15,30.65,30.65,-2.605656180489356,1.8500000000000014,5.878614553543062,-3.0063291139240595
2026-09-08,SHREE DIGVIJAY CEM CO LTD     ,SHREDIGCEM,EQ,N,72.04,72.9,73.22,71.0,72.6,73.0,0.7773459189339089,2.219999999999999,3.0816213214880603,-0.4115226337448715
2026-09-08,SHREE CEMENT LIMITED          ,SHREECEM  ,EQ,N,23365.0,23500.0,23560.0,23130.0,23160.0,23160.0,-0.8773806976246523,430.0,1.8403595120907341,-1.446808510638298
2026-09-08,SHREEJI SHIPPING GLOBAL L     ,SHREEJISPG,EQ,N,699.8,702.8,710.3,695.0,698.2,696.1,-0.22863675335808936,15.299999999999955,2.186338953986847,-0.6545247581104026
2026-09-08,SHRE PUSH CHEM & FERT LTD     ,SHREEPUSHK,EQ,N,514.9,528.0,545.2,505.1,510.05,508.55,-0.9419304719362918,40.10000000000002,7.787919984463007,-3.39962121212121
2026-09-08,SHREE RAMA MULTI TECH LTD     ,SHREERAMA ,EQ,N,43.84,43.57,43.7,41.43,42.27,42.3,-3.581204379562044,2.270000000000003,5.177919708029203,-2.9837043837502804
2026-09-08,SHREYANS INDUSTRIES LTD       ,SHREYANIND,EQ,N,134.2,132.21,136.45,132.21,133.0,133.0,-0.8941877794336728,4.239999999999981,3.1594634873323257,0.5975342258528039
2026-09-08,SHRI KRISHNA DEVCON LTD.      ,SHRIKRISH ,EQ,N,39.22,39.6,39.95,36.0,37.15,37.47,-5.277919428862826,3.950000000000003,10.071392146863852,-6.186868686868694
2026-09-08,SHRINGAR HOU OF MANGALS L     ,SHRINGARMS,EQ,N,218.59,218.8,219.8,216.5,217.44,216.5,-0.5260990896198389,3.3000000000000114,1.509675648474318,-0.6215722120658197
2026-09-08,SPR AUTO TECHNOLOGIES LTD     ,SHRIPISTON,EQ,N,4491.5,4488.0,4513.5,4428.2,4438.2,4440.0,-1.1866859623733759,85.30000000000018,1.8991428253367513,-1.1096256684492019
2026-09-08,SHRIRAM FINANCE LIMITED       ,SHRIRAMFIN,EQ,N,1037.0,1030.0,1031.9,1017.2,1029.0,1029.0,-0.7714561234329798,14.700000000000045,1.4175506268081046,-0.0970873786407767
2026-09-08,SHRIRAM PROPERTIES LTD        ,SHRIRAMPPS,EQ,N,75.5,75.5,75.75,74.26,74.63,74.6,-1.1523178807947079,1.4899999999999949,1.9735099337748276,-1.1523178807947079
2026-09-08,SHRI JAGDAMBA POLYMERS L      ,SHRJAGP   ,EQ,N,644.1,650.0,680.0,630.0,638.1,637.0,-0.9315323707498836,50.0,7.76276975624903,-1.8307692307692272
2026-09-08,SHUKRA PHARMACEUTICALS L      ,SHUKRAPHAR,EQ,N,53.07,53.37,56.0,52.21,54.11,54.15,1.9596758997550388,3.789999999999999,7.14151121160731,1.3865467491099908
2026-09-08,SHYAM METALICS AND ENGY L     ,SHYAMMETL ,EQ,N,1082.3,1082.5,1099.0,1076.7,1081.9,1085.9,-0.03695832948349474,22.299999999999955,2.0604268687055303,-0.055427251732093216
2026-09-08,SHYAM TELECOM LIMITED         ,SHYAMTEL  ,EQ,N,11.0,11.43,11.68,11.01,11.47,11.47,4.272727272727279,0.6699999999999999,6.090909090909091,0.3499562554680746
2026-09-08,SICAGEN INDIA LIMITED         ,SICAGEN   ,EQ,N,58.53,59.45,59.9,57.11,57.84,57.15,-1.1788826242952293,2.789999999999999,4.766786263454637,-2.708158116063918
2026-09-08,SUPERIOR INDUSTRIAL ENT L     ,SIEL      ,EQ,N,30.79,30.94,30.94,29.3,30.2,30.2,-1.9162065605716136,1.6400000000000006,5.326404676843133,-2.3917259211376924
2026-09-08,SIEMENS LTD                   ,SIEMENS   ,EQ,N,3927.0,3911.0,3998.8,3911.0,3951.3,3951.3,0.6187929717341528,87.80000000000018,2.2358034122740054,1.030427000767072
2026-09-08,SIGACHI INDUSTRIES LTD        ,SIGACHI   ,EQ,N,34.41,34.25,35.82,33.62,34.7,34.74,0.8427782621331191,2.200000000000003,6.393490264458015,1.3138686131386945
2026-09-08,SIGMA SOLVE LIMITED           ,SIGMA     ,EQ,N,47.45,48.29,48.29,47.0,47.21,47.34,-0.5057955742887291,1.2899999999999991,2.7186512118018946,-2.236487885690616
2026-09-08,SIGNATUREGLOBAL INDIA LTD     ,SIGNATURE ,EQ,N,799.95,795.0,802.0,780.5,785.2,792.0,-1.8438652415775987,21.5,2.687667979248703,-1.2327044025157174
2026-09-08,SIGNPOST INDIA LIMITED        ,SIGNPOST  ,EQ,N,269.5,266.8,276.25,261.0,264.55,266.0,-1.8367346938775466,15.25,5.658627087198516,-0.843328335832084
2026-09-08,SIKA INTERPLANT SYSTEMS L     ,SIKA      ,EQ,N,986.1,986.1,1025.2,978.1,1015.15,1014.2,2.9459486867457616,47.10000000000002,4.776391846668697,2.9459486867457616
2026-09-08,STANDARD INDUSTRIES LTD.      ,SIL       ,EQ,N,19.17,19.17,19.48,18.97,19.1,19.2,-0.3651538862806483,0.5100000000000016,2.660406885759006,-0.3651538862806483
2026-09-08,SILGO RETAIL LIMITED          ,SILGO     ,EQ,N,73.15,73.76,73.76,71.2,71.49,71.3,-2.269309637730705,2.5600000000000023,3.499658236500345,-3.0775488069414454
2026-09-08,SIL INVESTMENTS LIMITED       ,SILINV    ,EQ,N,472.05,469.9,479.9,460.0,462.4,462.5,-2.044274970871737,19.899999999999977,4.215655121279521,-1.5960842732496279
2026-09-08,SILLY MONKS ENTERTAIN LTD     ,SILLYMONKS,EQ,N,15.94,16.4,16.5,16.0,16.29,16.08,2.195734002509408,0.5,3.136762860727729,-0.6707317073170698
2026-09-08,BIRLASLAMC - SILVER           ,SILVER    ,EQ,N,229.65,231.76,233.6,229.8,231.1,231.6,0.6313956020030431,3.799999999999983,1.654691922490739,-0.2847773558853972
2026-09-08,QUANT_AMC - SILVER001         ,SILVER001 ,EQ,N,23.35,23.8,23.99,23.17,23.28,23.33,-0.2997858672376885,0.8199999999999967,3.5117773019271805,-2.18487394957983
2026-09-08,KOTAKMAMC - KOTAKSILVE        ,SILVER1   ,EQ,N,22.32,22.6,22.7,22.32,22.46,22.45,0.6272401433691782,0.379999999999999,1.7025089605734722,-0.6194690265486751
2026-09-08,360ONEAMC - SILVER360         ,SILVER360 ,EQ,N,226.55,227.01,229.95,226.2,227.28,228.45,0.3222246744647935,3.75,1.655263738689031,0.11893749174045648
2026-09-08,DSPAMC - DSPSILVETF           ,SILVERADD ,EQ,N,22.15,22.6,22.6,22.18,22.3,22.29,0.6772009029345469,0.4200000000000017,1.8961625282167123,-1.3274336283185872
2026-09-08,MIRAEAMC - MASILVER           ,SILVERAG  ,EQ,N,223.98,227.9,227.9,224.11,225.22,225.47,0.5536208590052725,3.789999999999992,1.6921153674435183,-1.175954365949981
2026-09-08,AXISAMC-SILVERAXIS            ,SILVERAXIS,EQ,N,228.63,233.44,233.44,228.71,229.96,229.9,0.5817259327297435,4.72999999999999,2.068844858505004,-1.4907470870459174
2026-09-08,NIPPONAMC - NETFSILVER        ,SILVERBEES,EQ,N,219.96,222.3,223.65,220.01,221.17,221.31,0.5501000181851153,3.640000000000015,1.6548463356974061,-0.5083220872694664
2026-09-08,UTIAMC-SILVERBETA             ,SILVERBETA,EQ,N,222.04,223.66,226.0,222.19,223.41,223.61,0.6170059448747994,3.8100000000000023,1.7159070437758974,-0.11177680407761781
2026-09-08,BANDHANAMC - SILVERBND        ,SILVERBND ,EQ,N,230.34,233.89,234.36,230.8,231.9,232.14,0.6772597030476697,3.5600000000000023,1.545541373621604,-0.8508273119842579
2026-09-08,ZERODHAAMC - SILVERCASE       ,SILVERCASE,EQ,N,23.31,23.59,23.76,23.32,23.45,23.48,0.6006006006006032,0.4400000000000013,1.8876018876018932,-0.5934718100890233
2026-09-08,ICICIPRAMC - ICICISILVE       ,SILVERIETF,EQ,N,229.68,232.0,233.65,229.8,230.88,231.0,0.5224660397074141,3.8499999999999943,1.6762452107279668,-0.48275862068965714
2026-09-08,SILVER TOUCH TECHNO LTD       ,SILVERTUC ,EQ,N,163.56,163.5,165.21,160.2,161.1,161.4,-1.504035216434341,5.010000000000019,3.0630961115187203,-1.4678899082568844
2026-09-08,SIMPLEX INFRASTRUCTURES L     ,SIMPLEXINF,EQ,N,260.35,258.3,264.7,256.0,257.4,257.5,-1.1330900710582081,8.699999999999989,3.3416554637987277,-0.3484320557491421
2026-09-08,SIMPLEX REALTY LTD.           ,SIMPLXREA ,EQ,N,141.7,140.5,140.5,134.62,134.62,134.62,-4.996471418489756,5.8799999999999955,4.1496118560338715,-4.1850533807829144
2026-09-08,SINCLAIRS HOTELS LIMITED      ,SINCLAIR  ,EQ,N,84.45,86.0,86.79,83.56,84.03,84.25,-0.49733570159858104,3.230000000000004,3.8247483718176483,-2.2906976744186034
2026-09-08,SINDHU TRADE LINKS LTD        ,SINDHUTRAD,EQ,N,25.25,25.25,25.44,24.87,25.0,25.0,-0.9900990099009901,0.5700000000000003,2.2574257425742585,-0.9900990099009901
2026-09-08,SINGER INDIA LIMITED          ,SINGERIND ,EQ,N,74.97,75.04,77.98,73.65,75.75,76.0,1.040416166466588,4.329999999999998,5.775643590769639,0.9461620469083072
2026-09-08,SINTERCOM INDIA LIMITED       ,SINTERCOM ,EQ,N,81.43,81.44,84.9,78.0,79.2,79.2,-2.738548446518487,6.900000000000006,8.473535552007865,-2.750491159135554
2026-09-08,SIRCA PAINT INDIA LIMITED     ,SIRCA     ,EQ,N,436.85,437.0,438.25,432.5,434.4,432.5,-0.5608332379535413,5.75,1.3162412727480828,-0.5949656750572134
2026-09-08,SIS LIMITED                   ,SIS       ,EQ,N,428.65,428.65,435.9,426.5,427.75,428.45,-0.20996150705703426,9.399999999999977,2.1929312959290743,-0.20996150705703426
2026-09-08,SIYARAM SILK MILLS LTD        ,SIYSIL    ,EQ,N,563.55,564.05,569.25,551.2,554.05,552.25,-1.6857421701712358,18.049999999999955,3.2029101233253408,-1.7728924740714476
2026-09-08,SJS ENTERPRISES LIMITED       ,SJS       ,EQ,N,2332.3,2332.3,2351.3,2258.2,2286.8,2289.0,-1.9508639540367876,93.10000000000036,3.9917677828752884,-1.9508639540367876
2026-09-08,SJVN LTD                      ,SJVN      ,EQ,N,65.56,65.56,66.19,64.75,65.87,66.06,0.47284929835265754,1.4399999999999977,2.196461256863938,0.47284929835265754
2026-09-08,SKF INDIA LTD                 ,SKFINDIA  ,EQ,N,1546.6,1554.8,1554.9,1524.7,1534.8,1536.8,-0.7629639208586548,30.200000000000045,1.9526703737230082,-1.2863390789812195
2026-09-08,SKF IND (INDUSTRIAL) LTD      ,SKFINDUS  ,EQ,N,3016.1,3024.0,3048.0,2916.6,2953.8,2979.0,-2.0655813799277123,131.4000000000001,4.356619475481585,-2.3214285714285654
2026-09-08,SKIPPER LIMITED               ,SKIPPER   ,EQ,N,604.4,605.0,614.0,595.0,604.7,604.8,0.04963600264726476,19.0,3.1436135009927204,-0.04958677685949662
2026-09-08,SKM EGG PROD EXPORT(I) LT     ,SKMEGGPROD,EQ,N,246.85,246.5,256.9,246.5,253.35,253.1,2.633178043346162,10.399999999999977,4.21308486935385,2.778904665314399
2026-09-08,SKY GOLD AND DIAMONDS LTD     ,SKYGOLD   ,EQ,N,788.15,789.05,833.25,789.05,820.0,821.0,4.041108925965872,44.200000000000045,5.608069529911825,3.9224383752613967
2026-09-08,SKYWAYS AIR SERVICES LTD      ,SKYWAYS   ,EQ,N,113.91,114.44,115.72,106.82,110.22,109.25,-3.239399525941531,8.900000000000006,7.813185848476873,-3.687521845508562
2026-09-08,MIRAEAMC - SMALL250           ,SMALL250  ,EQ,N,18.56,18.6,18.62,18.48,18.58,18.62,0.10775862068965288,0.14000000000000057,0.7543103448275894,-0.10752688172044692
2026-09-08,DSPAMC - SMALLADD             ,SMALLADD  ,EQ,N,18.57,18.69,18.69,18.53,18.62,18.62,0.26925148088314865,0.16000000000000014,0.8616047388260643,-0.374531835205994
2026-09-08,MIRAEAMC - SMALLCAP           ,SMALLCAP  ,EQ,N,49.27,49.49,49.49,49.17,49.45,49.45,0.3653338745687025,0.3200000000000003,0.6494824436776948,-0.08082440897150767
2026-09-08,GROWWAMC - SMALLGROWW         ,SMALLGROWW,EQ,N,49.22,49.22,49.64,49.13,49.55,49.6,0.6704591629418901,0.509999999999998,1.036164160910195,0.6704591629418901
2026-09-08,ICICIPRAMC - SMALLIETF        ,SMALLIETF ,EQ,N,18.54,18.54,18.61,18.48,18.59,18.6,0.2696871628910502,0.129999999999999,0.7011866235167152,0.2696871628910502
2026-09-08,SMARTWORKS COWORKING SP L     ,SMARTWORKS,EQ,N,538.95,534.55,555.0,531.1,552.65,554.0,2.5419797754893647,23.899999999999977,4.434548659430369,3.386025629033771
2026-09-08,SMC GLOBAL SECURITIES LTD     ,SMCGLOBAL ,EQ,N,84.95,86.0,86.77,83.39,85.31,85.0,0.4237786933490282,3.3799999999999955,3.978811065332543,-0.8023255813953462
2026-09-08,ZERODHAAMC - SML100CASE       ,SML100CASE,EQ,N,11.44,11.72,11.72,11.23,11.46,11.51,0.17482517482518664,0.4900000000000002,4.283216783216785,-2.2184300341296908
2026-09-08,SML MAHINDRA LIMITED          ,SMLMAH    ,EQ,N,6393.5,6360.5,6360.5,6260.5,6313.5,6328.0,-1.2512708219285211,100.0,1.5640885274106515,-0.738935618269004
2026-09-08,SARTHAK METALS LIMITED        ,SMLT      ,EQ,N,63.84,64.75,65.49,61.31,62.17,62.1,-2.615914786967421,4.179999999999993,6.547619047619035,-3.984555984555982
2026-09-08,SMS PHARMACEUTICALS LTD.      ,SMSPHARMA ,EQ,N,397.95,402.7,409.4,394.15,399.15,398.3,0.30154542027892667,15.25,3.8321397160447295,-0.8815495406009465
2026-09-08,SNOWMAN LOGISTICS LTD.        ,SNOWMAN   ,EQ,N,36.67,36.69,37.26,36.0,36.83,36.95,0.43632397054812266,1.259999999999998,3.436051268066534,0.3815753611338255
2026-09-08,NIPPONAMC - SNXT30BEES        ,SNXT30BEES,EQ,N,42.36,42.35,42.48,42.22,42.25,42.22,-0.2596789423984878,0.259999999999998,0.6137865911236969,-0.2361275088547849
2026-09-08,UTIAMC-SNXT50BETA             ,SNXT50BETA,EQ,N,94.03,94.5,95.44,92.9,94.36,94.21,0.350951823885992,2.539999999999992,2.701265553546732,-0.14814814814814875
2026-09-08,SOBHA LIMITED                 ,SOBHA     ,EQ,N,1250.1,1255.0,1262.4,1242.0,1255.6,1256.5,0.43996480281577477,20.40000000000009,1.6318694504439717,0.0478087649402318
2026-09-08,SOFTTECH ENGINEERS LTD        ,SOFTTECH  ,EQ,N,432.45,421.0,447.0,421.0,438.0,440.95,1.2833853624696523,26.0,6.012255752110071,4.038004750593824
2026-09-08,SOLARA ACTIVE PHA SCI LTD     ,SOLARA    ,EQ,N,697.05,708.0,719.0,683.05,701.8,700.0,0.681443225019726,35.950000000000045,5.157449250412459,-0.875706214689272
2026-09-08,SOLAR INDUSTRIES (I) LTD      ,SOLARINDS ,EQ,N,21950.0,22130.0,22495.0,21925.0,22455.0,22455.0,2.3006833712984056,570.0,2.5968109339407746,1.4685946678716675
2026-09-08,SOLARWORLD ENERGY SOL LTD     ,SOLARWORLD,EQ,N,147.9,152.88,153.0,147.56,147.99,149.2,0.06085192697768994,5.439999999999998,3.6781609195402285,-3.1985871271585467
2026-09-08,SOLEX ENERGY LIMITED          ,SOLEX     ,EQ,N,718.45,720.15,729.5,710.6,725.05,729.5,0.9186443037093617,18.899999999999977,2.6306632333495688,0.6804138026799941
2026-09-08,SOMANY CERAMICS LIMITED       ,SOMANYCERA,EQ,N,559.4,556.95,564.0,555.4,562.65,563.6,0.5809796210225242,8.600000000000023,1.5373614587057602,1.0234311877188134
2026-09-08,SOMA TEXTILES & INDUST LT     ,SOMATEX   ,EQ,N,86.72,89.62,89.62,84.01,85.27,85.26,-1.6720479704797082,5.609999999999999,6.469095940959408,-4.853827270698514
2026-09-08,SOMI CONVEYOR BELT. LTD.      ,SOMICONVEY,EQ,N,92.37,94.0,94.0,91.06,91.64,91.5,-0.7902998809137208,2.9399999999999977,3.1828515751867466,-2.51063829787234
2026-09-08,SONA BLW PRECISION FRGS L     ,SONACOMS  ,EQ,N,788.0,785.95,805.9,778.2,804.0,804.0,2.030456852791878,27.699999999999932,3.5152284263959306,2.296583752147077
2026-09-08,SONAL MERCANTILE LTD.         ,SONAL     ,EQ,N,88.98,88.98,88.98,88.5,88.85,88.95,-0.1461002472465831,0.480000000000004,0.5394470667565789,-0.1461002472465831
2026-09-08,SONATA SOFTWARE LTD           ,SONATSOFTW,EQ,N,283.85,284.5,284.8,273.0,274.25,274.35,-3.38206799365863,11.800000000000011,4.157125242205393,-3.6028119507908607
2026-09-08,SAVITA OIL TECHNOLO. LTD      ,SOTL      ,EQ,N,705.75,713.5,713.55,678.0,681.35,680.75,-3.457314913212891,35.549999999999955,5.037194473963861,-4.505956552207425
2026-09-08,THE SOUTH INDIAN BANK LTD     ,SOUTHBANK ,EQ,N,46.54,46.6,46.99,46.4,46.82,46.87,0.6016330038676432,0.5900000000000034,1.2677266867211074,0.47210300429184304
2026-09-08,SOUTH WEST PINNACLE LTD       ,SOUTHWEST ,EQ,N,222.26,222.46,234.4,217.35,230.38,230.0,3.653378925582653,17.05000000000001,7.671195896697566,3.560190596062208
2026-09-08,S. P. APPARELS LIMITED        ,SPAL      ,EQ,N,1065.9,1056.0,1080.6,1038.2,1048.9,1041.0,-1.5948963317384368,42.399999999999864,3.9778590862182064,-0.6723484848484762
2026-09-08,SPANDANA SPHOORTY FIN LTD     ,SPANDANA  ,EQ,N,238.88,238.88,240.75,236.22,239.74,237.9,0.360013395847293,4.530000000000001,1.8963496316142001,0.360013395847293
2026-09-08,SUN PHARMA ADV.RES.CO.LTD     ,SPARC     ,EQ,N,205.87,205.87,206.96,201.25,203.27,203.0,-1.26293291883227,5.710000000000008,2.7735949871278027,-1.26293291883227
2026-09-08,SPACENET ENTERS IND LTD       ,SPCENET   ,EQ,N,3.56,3.56,3.65,3.5,3.61,3.59,1.404494382022467,0.1499999999999999,4.2134831460674125,1.404494382022467
2026-09-08,SPEL SEMICONDUCTOR LTD        ,SPELS     ,EQ,N,147.64,147.64,149.5,145.21,146.6,146.0,-0.704416147385527,4.289999999999992,2.905716607965316,-0.704416147385527
2026-09-08,SPENCER S RETAIL LIMITED      ,SPENCERS  ,EQ,N,28.78,28.45,29.7,28.45,29.41,29.15,2.1890201528839435,1.25,4.343293954134816,3.374340949033395
2026-09-08,SPIC LTD                      ,SPIC      ,EQ,N,71.02,70.92,72.5,70.58,71.07,71.11,0.07040270346380902,1.9200000000000017,2.7034638130104223,0.21150592216580863
2026-09-08,SPL INDUSTRIES LIMITED        ,SPLIL     ,EQ,N,31.09,30.8,30.99,30.8,30.8,30.8,-0.9327758121582476,0.18999999999999773,0.611128980379536,0.0
2026-09-08,SUPREME PETROCHEM LIMITED     ,SPLPETRO  ,EQ,N,802.5,809.0,831.1,783.15,828.4,824.0,3.2274143302180653,47.950000000000045,5.975077881619943,2.3980222496909738
2026-09-08,SPML INFRA LIMITED            ,SPMLINFRA ,EQ,N,180.21,180.21,183.44,175.0,176.31,176.5,-2.1641418345263888,8.439999999999998,4.683424893180177,-2.1641418345263888
2026-09-08,SPORTKING INDIA LIMITED       ,SPORTKING ,EQ,N,221.85,224.0,224.0,208.71,215.6,216.0,-2.817218841559612,15.289999999999992,6.892044173991432,-3.7500000000000027
2026-09-08,SHANKAR LAL RAMPAL LTD        ,SRD       ,EQ,N,39.01,39.62,40.08,39.14,39.39,39.5,0.9741092027685275,0.9399999999999977,2.409638554216862,-0.5805148914689472
2026-09-08,SREELEATHERS LIMITED          ,SREEL     ,EQ,N,279.4,279.4,292.0,276.0,287.51,292.0,2.9026485325697977,16.0,5.726556907659271,2.9026485325697977
2026-09-08,SRF LTD                       ,SRF       ,EQ,N,2546.0,2546.0,2546.0,2517.0,2522.0,2522.0,-0.9426551453260016,29.0,1.1390416339355853,-0.9426551453260016
2026-09-08,SRG HOUSING FINANCE L         ,SRGHFL    ,EQ,N,245.85,242.1,243.75,233.1,236.65,235.05,-3.7421191783607846,10.650000000000006,4.331909701037221,-2.251135894258566
2026-09-08,SREE RAYALSEEMA HHP LTD.      ,SRHHYPOLTD,EQ,N,531.6,525.1,540.0,525.1,527.9,528.35,-0.6960120391271718,14.899999999999977,2.802859292701275,0.5332317653780145
2026-09-08,SRM CONTRACTORS LIMITED       ,SRM       ,EQ,N,460.05,462.9,465.0,450.15,461.05,461.15,0.2173676774263667,14.850000000000023,3.2279100097815503,-0.3996543529919996
2026-09-08,SHREE RAM TWISTEX LIMITED     ,SRTL      ,EQ,N,37.98,37.69,38.1,37.06,37.61,37.5,-0.9741969457609202,1.0399999999999991,2.738283307003684,-0.21225789334040407
2026-09-08,SARASWATI SAREE DEPOT LTD     ,SSDL      ,EQ,N,57.11,56.2,57.99,56.2,57.12,57.32,0.017510068289262846,1.7899999999999991,3.134302223778671,1.637010676156574
2026-09-08,STEEL STRIPS WHEELS LTD.      ,SSWL      ,EQ,N,371.3,375.0,376.9,360.65,373.1,372.15,0.48478319418260474,16.25,4.37651494748182,-0.5066666666666606
2026-09-08,STANLEY LIFESTYLES LTD        ,STANLEY   ,EQ,N,137.16,137.0,141.8,135.53,138.59,139.99,1.0425780110819531,6.27000000000001,4.571303587051626,1.1605839416058419
2026-09-08,STRIDES PHARMA SCI LTD        ,STAR      ,EQ,N,1178.8,1169.0,1206.9,1155.3,1187.4,1187.0,0.729555480149316,51.600000000000136,4.377332880895838,1.5739948674080488
2026-09-08,STAR CEMENT LIMITED           ,STARCEMENT,EQ,N,194.4,195.0,196.34,193.7,194.83,194.5,0.22119341563786357,2.640000000000015,1.3580246913580323,-0.08717948717948076
2026-09-08,STAR HEALTH & AL INS CO L     ,STARHEALTH,EQ,N,565.95,565.95,573.9,558.05,572.1,571.25,1.086668433607205,15.850000000000023,2.800600759784437,1.086668433607205
2026-09-08,STAR PAPER MILLS LTD          ,STARPAPER ,EQ,N,162.61,163.0,166.0,158.57,159.33,161.9,-2.017096119549844,7.430000000000007,4.569214685443704,-2.2515337423312807
2026-09-08,STARTECK FINANCE LIMITED      ,STARTECK  ,EQ,N,247.2,247.0,247.0,246.7,246.9,246.9,-0.12135922330096399,0.30000000000001137,0.12135922330097548,-0.04048582995951187
2026-09-08,THE STATE TRADING CORPN       ,STCINDIA  ,EQ,N,114.27,114.02,114.68,113.15,113.72,114.03,-0.48131618097488155,1.5300000000000011,1.338934103439224,-0.26311173478336886
2026-09-08,STEELCAST LIMITED             ,STEELCAS  ,EQ,N,326.85,329.95,332.8,319.35,331.6,332.8,1.4532660241701085,13.449999999999989,4.115037478965883,0.5000757690559279
2026-09-08,STEEL CITY SECURITIES LTD     ,STEELCITY ,EQ,N,84.99,85.0,85.0,82.5,83.22,83.4,-2.082597952700313,2.5,2.9415225320625957,-2.094117647058825
2026-09-08,STEEL EXCHANGE INDIA LTD      ,STEELXIND ,EQ,N,11.23,11.22,12.08,11.02,11.53,11.48,2.671415850400703,1.0600000000000005,9.439002671415855,2.762923351158634
2026-09-08,STEL HOLDINGS LIMITED         ,STEL      ,EQ,N,596.7,615.1,615.1,597.2,601.4,597.2,0.787665493547835,17.899999999999977,2.9998324115971133,-2.2272801170541445
2026-09-08,STL NETWORKS LIMITED          ,STLNETWORK,EQ,N,30.31,31.82,31.82,30.5,31.62,31.4,4.322005938634122,1.3200000000000003,4.354998350379414,-0.6285355122564402
2026-09-08,STEEL STRIPS INFRA L          ,STLSTRINF ,EQ,N,19.07,18.76,19.75,18.06,18.11,18.78,-5.034084950183539,1.6900000000000013,8.862087047718937,-3.464818763326237
2026-09-08,STOVE KRAFT LIMITED           ,STOVEKRAFT,EQ,N,849.25,855.0,864.95,829.1,839.45,839.5,-1.153959375919924,35.85000000000002,4.221371798645867,-1.8187134502923923
2026-09-08,STUDDS ACCESSORIES LTD        ,STUDDS    ,EQ,N,419.95,419.95,429.95,418.85,421.85,422.0,0.452434813668302,11.099999999999966,2.643171806167393,0.452434813668302
2026-09-08,SESHAASAI TECHNOLOGIES L      ,STYL      ,EQ,N,380.2,384.65,394.15,377.0,383.35,385.0,0.828511309836937,17.149999999999977,4.510783798001046,-0.3379695827375418
2026-09-08,STYLAM INDUSTRIES LIMITED     ,STYLAMIND ,EQ,N,3370.7,3360.0,3400.0,3328.1,3349.9,3360.0,-0.6170825051176233,71.90000000000009,2.133088082594123,-0.3005952380952354
2026-09-08,BAAZAR STYLE RETAIL LTD       ,STYLEBAAZA,EQ,N,399.5,401.3,401.45,386.05,387.3,386.2,-3.053817271589484,15.399999999999977,3.854818523153937,-3.4886618489907795
2026-09-08,STYRENIX PERFORMANCE LTD      ,STYRENIX  ,EQ,N,2063.7,2067.0,2145.0,2063.0,2114.9,2111.0,2.4809807627077713,82.0,3.9734457527741442,2.3173681664247745
2026-09-08,SUBEX LTD                     ,SUBEXLTD  ,EQ,N,16.74,16.72,19.58,16.7,19.23,19.07,14.874551971326177,2.879999999999999,17.204301075268813,15.01196172248805
2026-09-08,SUBROS LIMITED                ,SUBROS    ,EQ,N,704.75,703.3,708.25,695.0,697.85,697.55,-0.9790705924086522,13.25,1.8800993260021284,-0.7749182425707283
2026-09-08,SUDARSHAN COLORNT IND LTD     ,SUDARCOLOR,EQ,N,386.8,386.9,390.0,380.0,385.35,388.0,-0.37487073422957307,10.0,2.5853154084798344,-0.40062031532694614
2026-09-08,SUDARSHAN CHEMICAL INDS L     ,SUDARSCHEM,EQ,N,1239.8,1240.1,1249.5,1213.3,1221.7,1219.8,-1.4599128891756663,36.200000000000045,2.919825778351351,-1.4837513103781845
2026-09-08,SUDEEP PHARMA LIMITED         ,SUDEEPPHRM,EQ,N,1323.3,1327.0,1362.9,1311.1,1344.2,1345.0,1.5793848711554517,51.80000000000018,3.9144562835336045,1.296156744536552
2026-09-08,SUKHJIT STARCH & CHEM LTD     ,SUKHJITS  ,EQ,N,160.55,160.88,163.0,157.55,160.49,159.0,-0.037371535347245265,5.449999999999989,3.394581127374642,-0.24241670810541172
2026-09-08,SULA VINEYARDS LIMITED        ,SULA      ,EQ,N,147.09,146.51,147.99,145.25,146.5,146.88,-0.4011149636277132,2.740000000000009,1.862805085321918,-0.006825472663975774
2026-09-08,SUMEDHA FISCAL SERVICES L     ,SUMEDHA   ,EQ,N,39.7,39.7,40.25,38.6,38.72,38.6,-2.468513853904292,1.6499999999999986,4.156171284634757,-2.468513853904292
2026-09-08,SUMEET IND LIMITED            ,SUMEETINDS,EQ,N,11.29,11.35,11.7,11.25,11.39,11.49,0.8857395925598002,0.4499999999999993,3.985828166519038,0.35242290748899496
2026-09-08,SUMITOMO CHEM INDIA LTD       ,SUMICHEM  ,EQ,N,487.9,489.95,495.95,481.5,486.7,488.5,-0.245952039352324,14.449999999999989,2.9616724738675937,-0.6633329931625677
2026-09-08,SUMIT WOODS LIMITED           ,SUMIT     ,EQ,N,51.31,52.87,52.87,47.7,49.06,49.0,-4.385110114987332,5.169999999999995,10.076008575326437,-7.206355210894638
2026-09-08,SUMMIT SECURITIES LTD         ,SUMMITSEC ,EQ,N,1419.8,1435.3,1436.8,1400.0,1404.1,1402.3,-1.1057895478236404,36.799999999999955,2.591914354134382,-2.1737615829443353
2026-09-08,SUNDARAM CLAYTON LIMITED      ,SUNCLAY   ,EQ,N,1299.4,1291.0,1313.5,1288.1,1293.4,1290.0,-0.46175157765122365,25.40000000000009,1.9547483453901868,0.1859024012393564
2026-09-08,SUNDARAM MULTI PAP LTD        ,SUNDARAM  ,EQ,N,1.2,1.22,1.23,1.2,1.21,1.22,0.8333333333333341,0.030000000000000027,2.500000000000002,-0.8196721311475417
2026-09-08,SUNDARAM FINANCE LTD          ,SUNDARMFIN,EQ,N,4708.3,4708.3,4739.9,4650.1,4712.7,4718.2,0.09345198904062264,89.79999999999927,1.9072701399655771,0.09345198904062264
2026-09-08,SUNDRAM FASTENERS LTD         ,SUNDRMFAST,EQ,N,1200.5,1200.4,1278.0,1199.0,1255.0,1249.6,4.539775093710953,79.0,6.580591420241566,4.5484838387204185
2026-09-08,SUNDROP BRANDS LIMITED        ,SUNDROP   ,EQ,N,659.45,665.0,665.0,655.15,659.3,661.0,-0.02274622791721752,9.850000000000023,1.4936689665630483,-0.857142857142864
2026-09-08,SUNFLAG IRON AND STEEL CO     ,SUNFLAG   ,EQ,N,338.4,342.9,342.9,336.5,338.3,340.0,-0.02955082742315777,6.399999999999977,1.8912529550827357,-1.3414989792942449
2026-09-08,SUNIL HEALTHCARE LTD.         ,SUNLOC    ,EQ,N,79.98,79.98,80.0,76.97,79.72,77.25,-0.32508127031758577,3.030000000000001,3.7884471117779457,-0.32508127031758577
2026-09-08,SUN PHARMACEUTICAL IND L      ,SUNPHARMA ,EQ,N,1895.0,1892.0,1895.6,1876.8,1885.9,1885.9,-0.4802110817941904,18.799999999999955,0.9920844327176758,-0.32241014799153855
2026-09-08,SUNRAKSHAKK INDUS IND L       ,SUNRAKSHAK,EQ,N,370.15,370.15,375.0,361.05,373.75,375.0,0.972578684317175,13.949999999999989,3.7687424017290256,0.972578684317175
2026-09-08,SUNSHIELD CHEMICALS LTD.      ,SUNSHIEL  ,EQ,N,1268.6,1268.6,1284.8,1230.0,1239.4,1255.0,-2.3017499605864593,54.799999999999955,4.319722528771871,-2.3017499605864593
2026-09-08,SUNSHINE PICTURES LIMITED     ,SUNSHINE  ,EQ,N,486.3,486.5,495.9,471.5,489.15,490.0,0.5860579888957363,24.399999999999977,5.017478922475833,0.5447070914696767
2026-09-08,SUNTECK REALTY LIMITED        ,SUNTECK   ,EQ,N,294.0,294.4,297.3,290.3,295.9,295.1,0.6462585034013528,7.0,2.380952380952381,0.5095108695652174
2026-09-08,SUN TV NETWORK LIMITED        ,SUNTV     ,EQ,N,452.85,453.1,458.85,449.0,453.5,454.2,0.14353538699348067,9.850000000000023,2.1751131721320576,0.08828073273007664
2026-09-08,SUPERHOUSE LIMITED            ,SUPERHOUSE,EQ,N,170.62,170.62,172.0,167.02,170.7,172.0,0.046887820888514876,4.97999999999999,2.9187668503106257,0.046887820888514876
2026-09-08,SUPRAJIT ENGINEERING LTD      ,SUPRAJIT  ,EQ,N,473.2,473.2,477.4,468.55,475.6,476.4,0.5071851225697451,8.849999999999966,1.8702451394759017,0.5071851225697451
2026-09-08,SUPREME HOLDIN N HOSP I L     ,SUPREME   ,EQ,N,37.41,37.23,38.0,36.54,37.16,37.06,-0.6682705159048383,1.4600000000000009,3.9026998128842583,-0.1880204136449108
2026-09-08,SUPREME INDUSTRIES LTD        ,SUPREMEIND,EQ,N,3598.0,3598.0,3598.0,3521.7,3553.0,3553.0,-1.2506948304613674,76.30000000000018,2.12062256809339,-1.2506948304613674
2026-09-08,SUPREME INFRA. LTD.           ,SUPREMEINF,EQ,N,85.77,85.07,86.21,83.15,85.1,85.23,-0.7811589133729763,3.059999999999988,3.5676810073452114,0.03526507581991435
2026-09-08,SUPRIYA LIFESCIENCE LTD       ,SUPRIYA   ,EQ,N,909.1,910.0,925.1,898.5,915.65,916.0,0.7204927950720442,26.600000000000023,2.925970740292599,0.6208791208791185
2026-09-08,SURAJ ESTATE DEVELOPERS L     ,SURAJEST  ,EQ,N,176.09,176.9,178.8,173.01,173.92,175.35,-1.2323243795786336,5.7900000000000205,3.288091316940213,-1.6845675522894392
2026-09-08,SURAJ LIMITED                 ,SURAJLTD  ,EQ,N,200.0,200.0,207.98,198.25,200.2,198.25,0.09999999999999432,9.72999999999999,4.864999999999995,0.09999999999999432
2026-09-08,SURAKSHA DIAGNOSTIC LTD       ,SURAKSHA  ,EQ,N,338.9,338.0,345.0,335.05,340.1,341.5,0.3540867512540707,9.949999999999989,2.935969312481555,0.6213017751479357
2026-09-08,SURANA SOLAR LIMITED          ,SURANASOL ,EQ,N,25.86,25.86,26.23,25.62,26.03,25.96,0.6573859242072765,0.6099999999999994,2.358855375096672,0.6573859242072765
2026-09-08,SURANA TELECOM AND POW LT     ,SURANAT&P ,EQ,N,16.43,16.25,16.6,16.25,16.42,16.29,-0.06086427267192946,0.3500000000000014,2.1302495435179636,1.0461538461538566
2026-09-08,SURYALATA SPINNING MILL L     ,SURYALA   ,EQ,N,421.4,410.05,410.1,409.95,410.0,410.0,-2.705268153773132,0.1500000000000341,0.035595633602286215,-0.01219363492257319
2026-09-08,SURYALAKSHMI COT MIL LTD      ,SURYALAXMI,EQ,N,58.85,59.0,59.29,56.31,58.32,58.32,-0.9005947323704352,2.979999999999997,5.063721325403563,-1.1525423728813555
2026-09-08,SURYA ROSHNI LTD              ,SURYAROSNI,EQ,N,215.81,215.6,220.08,215.0,216.02,215.55,0.09730781706130762,5.0800000000000125,2.3539224317686913,0.1948051948052022
2026-09-08,SURYODAY SMALL FIN BK LTD     ,SURYODAY  ,EQ,N,152.21,151.22,157.17,151.22,154.86,155.88,1.7410157019906745,5.949999999999989,3.9090729912620645,2.4070890093903023
2026-09-08,SUVEN LIFE SCIENCES LTD       ,SUVEN     ,EQ,N,377.15,376.45,380.0,368.0,369.9,370.0,-1.9223120774227762,12.0,3.1817579212514913,-1.739938902908756
2026-09-08,SUVIDHAA INFOSERVE LTD        ,SUVIDHAA  ,EQ,N,2.21,2.23,2.38,2.05,2.31,2.38,4.524886877828059,0.33000000000000007,14.932126696832581,3.587443946188344
2026-09-08,SUYOG TELEMATICS LIMITED      ,SUYOG     ,EQ,N,718.5,724.8,740.0,705.55,713.65,707.0,-0.6750173973556051,34.450000000000045,4.794711203897014,-1.5383554083885178
2026-09-08,SUZLON ENERGY LIMITED         ,SUZLON    ,EQ,N,45.55,45.47,45.77,45.27,45.5,45.5,-0.10976948408341856,0.5,1.0976948408342482,0.06597756762700932
2026-09-08,S V GLOBAL MILL LTD.          ,SVGLOBAL  ,EQ,N,151.09,154.0,159.0,140.1,152.87,154.4,1.178105764775962,18.900000000000006,12.509100536104311,-0.7337662337662307
2026-09-08,SVP GLOBAL TEXTILES LTD       ,SVPGLOB   ,EQ,N,3.6,3.67,3.67,3.48,3.51,3.55,-2.5000000000000084,0.18999999999999995,5.277777777777777,-4.359673024523165
2026-09-08,SWAN CORP LIMITED             ,SWANCORP  ,EQ,N,278.1,279.45,280.4,275.25,276.8,277.5,-0.4674577490111511,5.149999999999977,1.8518518518518434,-0.9482912864555295
2026-09-08,SWARAJ ENGINES LTD            ,SWARAJENG ,EQ,N,3648.0,3650.0,3664.9,3603.1,3632.6,3630.8,-0.42214912280702005,61.80000000000018,1.694078947368426,-0.4767123287671258
2026-09-08,SWARNSARITA JEWELS IND L      ,SWARNSAR  ,EQ,N,37.58,39.2,44.38,38.0,41.62,41.8,10.750399148483233,6.380000000000003,16.977115486961157,6.173469387755088
2026-09-08,SWELECT ENERGY SYS LTD        ,SWELECTES ,EQ,N,572.35,573.6,608.0,573.6,583.8,580.4,2.000524154800372,34.39999999999998,6.0103083777408886,1.7782426778242557
2026-09-08,SWIGGY LIMITED                ,SWIGGY    ,EQ,N,276.45,276.45,280.0,274.6,275.7,275.7,-0.27129679869777534,5.399999999999977,1.9533369506239746,-0.27129679869777534
2026-09-08,STRLNG & WIL REN ENE LTD      ,SWSOLAR   ,EQ,N,185.13,185.0,186.64,183.5,184.08,184.01,-0.5671690163668681,3.1399999999999864,1.69610543942094,-0.49729729729729055
2026-09-08,SYMBIOTEC PHARMALAB LTD       ,SYMBIOTEC ,EQ,N,1098.7,1105.0,1108.6,1071.1,1094.1,1093.0,-0.4186766178210737,37.5,3.4131246018021297,-0.9864253393665241
2026-09-08,SYMPHONY LIMITED              ,SYMPHONY  ,EQ,N,573.4,587.4,653.0,585.2,613.05,606.2,6.9148936170212725,67.79999999999995,11.824206487617712,4.366700715015318
2026-09-08,SYNCOM FORMU (I) LTD          ,SYNCOMF   ,EQ,N,20.27,20.4,21.5,20.4,20.97,21.0,3.4533793783917086,1.1000000000000014,5.4267390231869825,2.794117647058825
2026-09-08,SYNGENE INTERNATIONAL LTD     ,SYNGENE   ,EQ,N,389.3,389.3,390.65,383.5,387.55,387.25,-0.44952478808117136,7.149999999999977,1.8366298484459227,-0.44952478808117136
2026-09-08,SYRMA SGS TECHNOLOGY LTD      ,SYRMA     ,EQ,N,1634.8,1627.0,1660.0,1592.2,1639.2,1639.9,0.2691460729141235,67.79999999999995,4.14729630535845,0.7498463429625105
2026-09-08,TAAL TECH LTD.                ,TAALTECH  ,EQ,N,4439.1,4499.0,4550.0,4437.1,4532.2,4525.0,2.0972719695433635,112.89999999999964,2.54330832826473,0.7379417648366263
2026-09-08,TAINWALA CHEMICAL AND PLA     ,TAINWALCHM,EQ,N,208.48,207.44,218.0,207.44,212.34,214.8,1.851496546431319,10.560000000000002,5.065234075211053,2.3621288083301226
2026-09-08,TAJ GVK HOTELS & RESORTS      ,TAJGVK    ,EQ,N,329.2,329.35,338.4,326.9,332.75,333.8,1.0783718104495783,11.5,3.493317132442284,1.0323364202216416
2026-09-08,TAKE LIMITED                  ,TAKE      ,EQ,N,14.51,15.23,15.23,14.79,15.23,15.23,4.962095106822885,0.4400000000000013,3.032391454169547,0.0
2026-09-08,TALBROS AUTO. COMP. LTD       ,TALBROAUTO,EQ,N,431.8,431.8,431.8,420.0,424.0,426.0,-1.8063918480778165,11.800000000000011,2.7327466419638746,-1.8063918480778165
2026-09-08,TANEJA AEROSPACE & AVIA L     ,TANAA     ,EQ,N,282.0,284.45,286.4,272.8,276.95,275.0,-1.7907801418439755,13.599999999999966,4.822695035460981,-2.636667252592723
2026-09-08,TANLA PLATFORMS LIMITED       ,TANLA     ,EQ,N,520.2,519.0,520.2,510.8,512.95,513.2,-1.3936947327950786,9.400000000000034,1.8069973087274191,-1.1657032755298564
2026-09-08,TARA CHAND INFRA SOLN LTD     ,TARACHAND ,EQ,N,47.43,48.7,49.0,47.5,47.68,47.86,0.5270925574530887,1.5,3.1625553447185326,-2.094455852156064
2026-09-08,TARAPUR TRANSFORMERS LTD      ,TARAPUR   ,EQ,N,12.71,12.65,13.49,12.55,12.83,12.96,0.9441384736427947,0.9399999999999995,7.395751376868604,1.4229249011857685
2026-09-08,TARC LIMITED                  ,TARC      ,EQ,N,134.9,136.49,136.49,130.6,131.53,134.0,-2.49814677538918,5.890000000000015,4.366197183098603,-3.6339658583046432
2026-09-08,TRANS & RECTI. LTD            ,TARIL     ,EQ,N,299.65,298.4,299.9,295.5,297.15,298.2,-0.8343066911396629,4.399999999999977,1.4683797764057993,-0.41890080428954424
2026-09-08,TARMAT LIMITED                ,TARMAT    ,EQ,N,61.91,61.91,66.0,61.6,62.25,62.14,0.5491842997900234,4.399999999999999,7.107090938459051,0.5491842997900234
2026-09-08,TARSONS PRODUCTS LIMITED      ,TARSONS   ,EQ,N,328.55,326.6,330.2,321.15,325.15,327.0,-1.034850098919505,9.050000000000011,2.754527469182776,-0.443968156766701
2026-09-08,TASTY BITE EATABLES LTD       ,TASTYBITE ,EQ,N,9901.0,9883.0,9947.0,9826.0,9853.0,9826.0,-0.4847995152004848,121.0,1.222098777901222,-0.30355155317211374
2026-09-08,TATA CAPITAL LIMITED          ,TATACAP   ,EQ,N,369.95,368.05,369.2,365.15,368.05,367.5,-0.5135829166103466,4.050000000000011,1.0947425327747025,0.0
2026-09-08,TATA CHEMICALS LTD            ,TATACHEM  ,EQ,N,613.35,611.6,614.95,605.5,607.7,607.8,-0.9211706203635733,9.450000000000045,1.5407190022010344,-0.6376716808371448
2026-09-08,TATA COMMUNICATIONS LTD       ,TATACOMM  ,EQ,N,1738.5,1746.9,1760.0,1718.2,1752.8,1756.0,0.8225481737129683,41.799999999999955,2.404371584699451,0.3377411414505618
2026-09-08,TATA CONSUMER PRODUCT LTD     ,TATACONSUM,EQ,N,1015.0,1015.0,1018.7,1007.9,1014.1,1014.1,-0.08866995073891401,10.800000000000068,1.0640394088670018,-0.08866995073891401
2026-09-08,TATA ELXSI LIMITED            ,TATAELXSI ,EQ,N,3497.0,3505.0,3505.3,3462.2,3492.0,3492.0,-0.14297969688304263,43.100000000000364,1.2324849871318377,-0.37089871611982883
2026-09-08,TATAAML-TATAGOLD              ,TATAGOLD  ,EQ,N,14.76,14.78,14.89,14.73,14.79,14.8,0.2032520325203209,0.16000000000000014,1.084010840108402,0.0676589986468186
2026-09-08,TATA INVESTMENT CORP LTD      ,TATAINVEST,EQ,N,627.8,626.9,626.9,621.0,622.05,624.0,-0.9158967824147818,5.899999999999977,0.9397897419560333,-0.7736481097463747
2026-09-08,TATA POWER CO LTD             ,TATAPOWER ,EQ,N,365.7,364.65,367.2,362.25,365.55,365.55,-0.04101722723543267,4.949999999999989,1.3535684987694803,0.24681201151790325
2026-09-08,TATA STEEL LIMITED            ,TATASTEEL ,EQ,N,185.61,185.9,186.5,183.61,184.15,184.15,-0.786595549808743,2.8899999999999864,1.557028177361126,-0.9413663259817107
2026-09-08,TATA TECHNOLOGIES LIMITED     ,TATATECH  ,EQ,N,785.1,785.0,803.6,781.75,798.5,798.7,1.7067889440835533,21.850000000000023,2.783084957330279,1.7197452229299364
2026-09-08,TATAAML-TATSILV               ,TATSILV   ,EQ,N,22.31,22.53,22.73,22.34,22.44,22.48,0.5826983415508855,0.39000000000000057,1.748095024652625,-0.39946737683089145
2026-09-08,TATVA CHIN PHARM CHEM LTD     ,TATVA     ,EQ,N,1695.8,1715.0,1732.0,1656.0,1680.2,1673.0,-0.9199198018634219,76.0,4.4816605731807995,-2.0291545189504347
2026-09-08,TBO TEK LIMITED               ,TBOTEK    ,EQ,N,1705.4,1690.0,1702.5,1669.6,1694.5,1700.0,-0.639146241351008,32.90000000000009,1.9291661780227565,0.2662721893491124
2026-09-08,TRIB BHIMJI ZAVERI LTD        ,TBZ       ,EQ,N,528.9,555.3,555.3,555.3,555.3,555.3,4.991491775382866,0.0,0.0,0.0
2026-09-08,TCC CONCEPT LIMITED           ,TCC       ,EQ,N,41.08,41.0,49.29,39.37,49.07,49.29,19.449853943524836,9.920000000000002,24.14800389483934,19.682926829268293
2026-09-08,TRANSPORT CORPN OF INDIA      ,TCI       ,EQ,N,863.95,863.0,880.0,860.0,872.5,868.0,0.9896406042016267,20.0,2.3149487817582033,1.100811123986095
2026-09-08,TCI EXPRESS LIMITED           ,TCIEXP    ,EQ,N,549.1,549.1,556.85,545.35,550.45,546.0,0.24585685667456247,11.5,2.094336186486979,0.24585685667456247
2026-09-08,TCPL PACKAGING LIMITED        ,TCPLPACK  ,EQ,N,3862.4,3919.8,3920.3,3802.2,3874.7,3876.2,0.3184548467274163,118.10000000000036,3.05768434134218,-1.1505689065768754
2026-09-08,TATA CONSULTANCY SERV LT      ,TCS       ,EQ,N,2270.0,2270.0,2274.5,2244.0,2255.5,2255.5,-0.6387665198237885,30.5,1.3436123348017621,-0.6387665198237885
2026-09-08,TD POWER SYSTEMS LTD.         ,TDPOWERSYS,EQ,N,734.15,736.0,778.85,736.0,768.8,774.0,4.719743921541916,42.85000000000002,5.836681877000617,4.456521739130428
2026-09-08,TEAM INDIA GUARANTY LTD       ,TEAMGTY   ,EQ,N,235.03,243.0,243.0,235.0,235.02,235.0,-0.004254775986040465,8.0,3.4038207888354677,-3.283950617283946
2026-09-08,TEAMLEASE SERVICES LTD.       ,TEAMLEASE ,EQ,N,1279.2,1285.0,1285.6,1243.8,1256.5,1264.0,-1.7745465916197658,41.799999999999955,3.2676672920575323,-2.217898832684825
2026-09-08,BIRLASLAMC - TECH             ,TECH      ,EQ,N,32.78,32.85,33.01,32.6,32.79,32.89,0.030506406345326448,0.4099999999999966,1.2507626601586228,-0.18264840182649092
2026-09-08,TECH MAHINDRA LIMITED         ,TECHM     ,EQ,N,1564.0,1556.1,1569.9,1541.4,1559.0,1559.0,-0.319693094629156,28.5,1.8222506393861895,0.18636334425808695
2026-09-08,TECHNOCRAFT VENTURES LTD      ,TECHNOCRAF,EQ,N,388.95,393.25,406.95,389.1,403.85,404.85,3.83082658439389,17.849999999999966,4.589278827612795,2.695486331849974
2026-09-08,TECHNO ELEC & ENG CO. LTD     ,TECHNOE   ,EQ,N,962.5,962.5,970.0,960.55,964.7,968.25,0.2285714285714333,9.450000000000045,0.9818181818181865,0.2285714285714333
2026-09-08,TECHNVISION VENTURES LTD.     ,TECHNVISN ,EQ,N,4792.5,4770.5,4956.0,4680.0,4797.5,4956.0,0.10432968179447052,276.0,5.758998435054774,0.5659784089718058
2026-09-08,TECIL CHEMICALS               ,TECILCHEM ,EQ,N,9.5,9.54,9.7,9.21,9.26,9.26,-2.5263157894736867,0.48999999999999844,5.157894736842089,-2.935010482180287
2026-09-08,TEGA INDUSTRIES LIMITED       ,TEGA      ,EQ,N,1603.5,1613.0,1695.0,1593.0,1632.4,1631.0,1.8023074524477762,102.0,6.361085126286249,1.202727836329826
2026-09-08,TEJAS NETWORKS LIMITED        ,TEJASNET  ,EQ,N,593.6,595.7,604.95,583.4,590.05,591.0,-0.5980458221024374,21.550000000000068,3.6303908355795262,-0.9484639919422679
2026-09-08,TEMBO GLOBAL IND LTD          ,TEMBO     ,EQ,N,58.43,59.4,59.62,58.0,58.17,58.0,-0.44497689543042623,1.6199999999999974,2.7725483484511337,-2.0707070707070656
2026-09-08,TEMPSENS INST (INDIA) LTD     ,TEMPSENS  ,EQ,N,546.2,546.0,573.75,537.35,571.35,572.5,4.604540461369457,36.39999999999998,6.664225558403511,4.642857142857147
2026-09-08,TENNECO CLEAN AIR INDIA L     ,TENNIND   ,EQ,N,515.45,517.0,530.0,515.05,525.7,525.35,1.9885536909496553,14.950000000000045,2.9003783102143843,1.6827852998065853
2026-09-08,TERAI TEA CO. LTD.            ,TERAI     ,EQ,N,130.7,130.0,130.0,130.0,130.0,130.0,-0.5355776587605116,0.0,0.0,0.0
2026-09-08,TERA SOFTWARE LIMITED         ,TERASOFT  ,EQ,N,273.25,273.25,280.05,270.4,272.35,271.5,-0.32936870997254425,9.650000000000034,3.531564501372382,-0.32936870997254425
2026-09-08,TEXMACO INFRA & HOLDG LTD     ,TEXINFRA  ,EQ,N,119.26,121.0,121.3,117.5,120.03,120.01,0.6456481636759986,3.799999999999997,3.186315612946501,-0.8016528925619826
2026-09-08,TEXMO PIPE & PRODUCTS LTD     ,TEXMOPIPES,EQ,N,54.18,54.95,54.95,52.05,52.52,52.45,-3.063861203396081,2.9000000000000057,5.352528608342572,-4.422202001819835
2026-09-08,TEXMACO RAIL & ENG. LTD.      ,TEXRAIL   ,EQ,N,119.46,119.88,121.87,117.71,118.26,118.6,-1.0045203415369066,4.160000000000011,3.482337183994652,-1.3513513513513433
2026-09-08,TOURISM FINANCE CORP. OF      ,TFCILTD   ,EQ,N,140.9,140.51,143.85,139.33,140.89,141.18,-0.007097232079502715,4.519999999999982,3.207948899929015,0.27044338481246566
2026-09-08,TRANSWARRANTY FIN. LTD.       ,TFL       ,EQ,N,11.91,12.11,12.4,11.94,12.06,11.98,1.2594458438287184,0.46000000000000085,3.862300587741401,-0.4128819157720804
2026-09-08,TGB BANQUETS&HOTELS LTD       ,TGBHOTELS ,EQ,N,9.56,9.6,9.79,9.06,9.21,9.45,-3.661087866108783,0.7299999999999986,7.635983263598312,-4.062499999999988
2026-09-08,T G V SRAAC LTD.              ,TGVSL     ,EQ,N,110.52,110.91,111.85,108.62,109.47,109.35,-0.9500542888165012,3.2299999999999898,2.922547955121236,-1.2983500135244772
2026-09-08,THACKER & CO. LTD.            ,THACKER   ,EQ,N,1016.0,1017.0,1017.0,1017.0,1017.0,1017.0,0.09842519685039369,0.0,0.0,0.0
2026-09-08,THAKKERS DEVELOPERS LTD.      ,THAKDEV   ,EQ,N,149.99,148.0,148.0,148.0,148.0,148.0,-1.3267551170078065,0.0,0.0,0.0
2026-09-08,THANGAMAYIL JEWELLERY LTD     ,THANGAMAYL,EQ,N,5474.0,5462.5,5507.0,5336.0,5366.5,5389.5,-1.9638290098648155,171.0,3.123858238947753,-1.7574370709382152
2026-09-08,THE INVEST TRUST OF IND L     ,THEINVEST ,EQ,N,97.89,96.51,98.99,95.05,96.28,95.52,-1.6447032383287357,3.9399999999999977,4.0249259372765325,-0.23831727282147339
2026-09-08,THEJO ENGINEERING LIMITED     ,THEJO     ,EQ,N,2160.2,2160.2,2168.9,2130.0,2134.1,2132.0,-1.2082214609758315,38.90000000000009,1.8007591889639893,-1.2082214609758315
2026-09-08,LEELA PALACES HOTEL LTD       ,THELEELA  ,EQ,N,543.5,550.0,550.4,538.55,542.5,543.65,-0.18399264029438822,11.850000000000023,2.1803127874885044,-1.3636363636363635
2026-09-08,THEMIS MEDICARE LTD.          ,THEMISMED ,EQ,N,133.07,132.0,134.9,129.01,132.17,132.1,-0.6763357631321903,5.890000000000015,4.42624182760954,0.12878787878786932
2026-09-08,THERMAX LTD                   ,THERMAX   ,EQ,N,3622.0,3593.0,3655.2,3580.5,3629.6,3630.0,0.20982882385422166,74.69999999999982,2.0623964660408562,1.0186473698858867
2026-09-08,THOMAS COOK (INDIA) LTD       ,THOMASCOOK,EQ,N,112.52,112.0,112.53,108.8,109.91,109.5,-2.319587628865979,3.730000000000004,3.3149662282260968,-1.8660714285714315
2026-09-08,THOMAS SCOTT (INDIA) LTD      ,THOMASCOTT,EQ,N,259.65,261.85,261.85,253.0,255.3,260.9,-1.6753321779318184,8.850000000000023,3.4084344309647694,-2.5014321176245984
2026-09-08,THYROCARE TECH LTD            ,THYROCARE ,EQ,N,573.15,573.1,577.0,566.6,569.45,570.7,-0.6455552647648839,10.399999999999977,1.8145337171770006,-0.6368871052172356
2026-09-08,TILAKNAGAR INDUSTRIES LTD     ,TI        ,EQ,N,533.25,532.0,542.0,531.15,540.35,540.4,1.331458040318804,10.850000000000023,2.0346929207688746,1.5695488721804554
2026-09-08,TIGER LOGISTICS (INDIA) L     ,TIGERLOGS ,EQ,N,28.08,28.32,28.76,27.59,27.82,27.77,-0.9259259259259189,1.1700000000000017,4.166666666666672,-1.765536723163842
2026-09-08,TECHNOCRAFT IND LTD           ,TIIL      ,EQ,N,3166.4,3198.0,3239.0,3109.0,3141.0,3150.0,-0.8021728145528073,130.0,4.105608893380495,-1.7823639774859286
2026-09-08,TUBE INVEST OF INDIA LTD      ,TIINDIA   ,EQ,N,2683.0,2683.4,2683.4,2626.2,2638.7,2638.7,-1.6511367871785383,57.20000000000027,2.1319418561312067,-1.6657971230528534
2026-09-08,TIME TECHNOPLAST LTD.         ,TIMETECHNO,EQ,N,184.53,184.2,188.0,183.16,186.54,187.82,1.0892537798731865,4.840000000000003,2.622879748550373,1.270358306188927
2026-09-08,TIMEX GROUP INDIA LTD.        ,TIMEX     ,EQ,N,628.3,633.0,637.0,599.0,607.1,608.0,-3.3741843068597697,38.0,6.048066210409041,-4.0916271721958895
2026-09-08,TIMKEN INDIA LTD.             ,TIMKEN    ,EQ,N,3098.7,3085.0,3120.0,3080.2,3098.9,3106.0,0.0064543195533698925,39.80000000000018,1.2844095911188622,0.45056726094003535
2026-09-08,TINNA RUBBER AND INFR LTD     ,TINNARUBR ,EQ,N,1012.9,1027.45,1027.45,997.0,1019.0,1024.7,0.6022312172968727,30.450000000000045,3.006219765031103,-0.8224244488782954
2026-09-08,TIPS FILMS LIMITED            ,TIPSFILMS ,EQ,N,328.15,328.15,336.0,325.0,331.1,333.2,0.8989791253999834,11.0,3.3521255523388693,0.8989791253999834
2026-09-08,TIPS MUSIC LIMITED            ,TIPSMUSIC ,EQ,N,643.7,643.7,663.8,641.15,644.9,643.2,0.18642224638805838,22.649999999999977,3.518719900574798,0.18642224638805838
2026-09-08,THIRUMALAI CHEMICALS LTD      ,TIRUMALCHM,EQ,N,154.98,155.5,159.8,153.0,157.9,158.5,1.884114079236041,6.800000000000011,4.387662924248298,1.543408360128621
2026-09-08,TITAGARH RAIL SYSTEMS LTD     ,TITAGARH  ,EQ,N,896.45,897.0,897.9,874.0,880.8,883.3,-1.745775001394399,23.899999999999977,2.666071727369064,-1.8060200668896371
2026-09-08,TITAN COMPANY LIMITED         ,TITAN     ,EQ,N,4995.0,4975.0,5015.5,4969.0,4987.0,4987.0,-0.16016016016016016,46.5,0.9309309309309309,0.2412060301507538
2026-09-08,TAMILNAD MERCA BANK LTD       ,TMB       ,EQ,N,936.45,936.45,936.8,920.15,926.8,929.9,-1.0304874793101704,16.649999999999977,1.7779913503123475,-1.0304874793101704
2026-09-08,TATA MOTORS LIMITED           ,TMCV      ,EQ,N,459.65,459.0,460.45,453.25,456.05,457.0,-0.7832046122049312,7.199999999999989,1.5664092244098746,-0.6427015250544638
2026-09-08,TATA MOTORS PASS VEH LTD      ,TMPV      ,EQ,N,307.0,306.1,306.65,302.45,306.45,306.45,-0.17915309446254443,4.199999999999989,1.3680781758957619,0.11434171839267099
2026-09-08,TATAAML - TNIDETF             ,TNIDETF   ,EQ,N,89.81,89.8,90.69,89.29,89.67,90.05,-0.15588464536243243,1.3999999999999915,1.5588464536243085,-0.14476614699331344
2026-09-08,TAMILNADU PETROPRODUCTS L     ,TNPETRO   ,EQ,N,131.73,131.51,146.99,130.25,139.18,140.1,5.65550747741594,16.74000000000001,12.707811432475527,5.832256102197563
2026-09-08,TAMILNADU NEWSPRT & PAPER     ,TNPL      ,EQ,N,159.5,160.55,164.8,158.41,161.41,161.56,1.1974921630094024,6.390000000000015,4.006269592476499,0.5356586733104859
2026-09-08,TAMILNADU TELECOMMUNICATI     ,TNTELE    ,EQ,N,8.97,8.97,9.08,8.69,8.99,9.0,0.22296544035673993,0.39000000000000057,4.347826086956528,0.22296544035673993
2026-09-08,TOKYO PLAST INTL LTD          ,TOKYOPLAST,EQ,N,75.99,73.0,78.5,73.0,78.5,78.5,3.303066192920128,5.5,7.237794446637716,7.534246575342466
2026-09-08,TOLINS TYRES LIMITED          ,TOLINS    ,EQ,N,92.26,92.26,94.94,91.11,92.23,92.39,-0.0325168003468471,3.8299999999999983,4.151311510947321,-0.0325168003468471
2026-09-08,ZERODHAAMC - TOP100CASE       ,TOP100CASE,EQ,N,10.47,10.62,10.62,10.41,10.43,10.41,-0.3820439350525398,0.20999999999999908,2.005730659025779,-1.7890772128060217
2026-09-08,DSPAMC - TOP10ADD             ,TOP10ADD  ,EQ,N,87.19,87.15,87.15,86.55,86.63,86.55,-0.6422754903085243,0.6000000000000085,0.6881523110448544,-0.5966724039013314
2026-09-08,ICICIPRAMC - TOP15IETF        ,TOP15IETF ,EQ,N,9.74,9.77,9.77,9.67,9.68,9.7,-0.6160164271047278,0.09999999999999964,1.0266940451745343,-0.921187308085976
2026-09-08,MIRAEAMC - TOP20              ,TOP20     ,EQ,N,8.83,8.81,8.81,8.77,8.78,8.78,-0.5662514156285471,0.040000000000000924,0.4530011325028417,-0.3405221339387189
2026-09-08,TORRENT PHARMACEUTICALS L     ,TORNTPHARM,EQ,N,4914.0,4900.0,4983.5,4887.0,4960.0,4960.0,0.9361009361009361,96.5,1.9637769637769638,1.2244897959183674
2026-09-08,TORRENT POWER LTD             ,TORNTPOWER,EQ,N,1275.7,1275.0,1283.9,1257.6,1270.2,1277.0,-0.43113584698596846,26.300000000000182,2.0616132319511,-0.37647058823529056
2026-09-08,TOTAL TRANSPORT SYS LTD       ,TOTAL     ,EQ,N,74.14,72.03,74.12,72.03,73.72,74.0,-0.5664958187213404,2.0900000000000034,2.8189910979228534,2.3462446202970955
2026-09-08,TOUCHWOOD ENTERTAIN LTD.      ,TOUCHWOOD ,EQ,N,62.0,64.99,64.99,60.2,61.06,60.51,-1.516129032258061,4.789999999999992,7.725806451612891,-6.04708416679488
2026-09-08,TOYAM SPORTS LTD.             ,TOYAMSL   ,EQ,N,0.61,0.62,0.64,0.61,0.62,0.64,1.6393442622950833,0.030000000000000027,4.9180327868852505,0.0
2026-09-08,TPL PLASTECH LIMITED          ,TPLPLASTEH,EQ,N,68.61,68.98,69.33,66.07,67.69,67.2,-1.3409124034397342,3.260000000000005,4.751493951319057,-1.87010727747174
2026-09-08,TRACXN TECHNOLOGIES LTD       ,TRACXN    ,EQ,N,29.68,29.5,30.0,28.3,29.01,29.25,-2.2574123989218267,1.6999999999999993,5.7277628032345,-1.661016949152537
2026-09-08,TRANSCORP INTERNATIONAL L     ,TRANSCOR  ,EQ,N,25.14,26.0,26.0,24.35,24.99,25.53,-0.5966587112171923,1.6499999999999986,6.563245823389016,-3.8846153846153904
2026-09-08,TRANSRAIL LIGHTING LTD        ,TRANSRAILL,EQ,N,419.55,419.55,423.55,416.05,419.0,419.0,-0.13109283756405943,7.5,1.787629603146228,-0.13109283756405943
2026-09-08,TRAVEL FOOD SERVICES LTD      ,TRAVELFOOD,EQ,N,1285.3,1285.0,1304.0,1275.1,1295.5,1303.0,0.7935890453590636,28.90000000000009,2.2485022951840112,0.8171206225680935
2026-09-08,TREE HOUSE EDU LTD            ,TREEHOUSE ,EQ,N,6.1,6.02,6.36,6.02,6.07,6.14,-0.49180327868851414,0.34000000000000075,5.573770491803291,0.830564784053168
2026-09-08,TREJHARA SOLUTIONS LTD        ,TREJHARA  ,EQ,N,147.19,147.19,149.8,146.01,149.11,149.38,1.3044364426931288,3.7900000000000205,2.574903186357783,1.3044364426931288
2026-09-08,TRANSINDIA REAL ESTATE L      ,TREL      ,EQ,N,27.18,26.7,27.75,26.0,26.72,26.36,-1.6924208977189141,1.75,6.438557763061074,0.07490636704119691
2026-09-08,TRENT LTD                     ,TRENT     ,EQ,N,2814.5,2800.5,2812.8,2770.4,2793.6,2793.6,-0.7425830520518775,42.40000000000009,1.5064842778468677,-0.24638457418318482
2026-09-08,TRF LIMITED                   ,TRF       ,EQ,N,235.13,238.0,238.0,230.42,230.98,234.98,-1.7649810742993262,7.5800000000000125,3.2237485646238304,-2.9495798319327773
2026-09-08,TRIDENT LIMITED               ,TRIDENT   ,EQ,N,23.98,23.98,23.98,23.81,23.86,23.87,-0.5004170141784862,0.1700000000000017,0.7089241034195234,-0.5004170141784862
2026-09-08,TRIGYN TECHNOLOGIES LTD       ,TRIGYN    ,EQ,N,59.88,59.05,59.83,56.06,56.92,56.45,-4.943219772879093,3.769999999999996,6.295925183700728,-3.6071126164267495
2026-09-08,TRITON VALVES LTD.            ,TRITONV   ,EQ,N,1140.5,1159.0,1159.0,1113.7,1124.6,1125.0,-1.3941253836036904,45.299999999999955,3.97194213064445,-2.968075927523735
2026-09-08,TRIVENI TURBINE LIMITED       ,TRITURBINE,EQ,N,568.75,567.9,585.0,566.0,580.6,583.4,2.0835164835164877,19.0,3.3406593406593412,2.2363092093678545
2026-09-08,TRIVENI ENGG. & INDS. LTD     ,TRIVENI   ,EQ,N,276.1,277.1,278.2,269.85,272.75,272.9,-1.2133285041651656,8.349999999999966,3.0242665700832903,-1.5698303861421952
2026-09-08,TRUCAP FINANCE LIMITED        ,TRU       ,EQ,N,4.1,4.01,4.15,3.97,4.06,4.09,-0.9756097560975618,0.18000000000000016,4.390243902439029,1.246882793017452
2026-09-08,TRUALT BIOENERGY LIMITED      ,TRUALT    ,EQ,N,424.1,424.0,425.5,410.85,415.7,417.85,-1.980664937514745,14.649999999999977,3.4543739684036727,-1.9575471698113234
2026-09-08,TSF INVESTMENTS LIMITED       ,TSFINV    ,EQ,N,403.6,403.6,429.2,403.6,422.3,423.7,4.63330029732408,25.599999999999966,6.342913776015849,4.63330029732408
2026-09-08,TTK HEALTHCARE LIMITED        ,TTKHLTCARE,EQ,N,1091.1,1092.5,1213.1,1090.0,1191.0,1195.0,9.155897717899377,123.09999999999991,11.282192283017132,9.016018306636155
2026-09-08,TTK PRESTIGE LTD              ,TTKPRESTIG,EQ,N,548.0,550.0,561.3,545.0,549.2,548.9,0.21897810218978933,16.299999999999955,2.9744525547445173,-0.14545454545453718
2026-09-08,T T LIMITED                   ,TTL       ,EQ,N,6.74,6.79,7.15,6.61,6.83,7.15,1.3353115727002947,0.54,8.011869436201781,0.5891016200294555
2026-09-08,TATA TELESERV(MAHARASTRA)     ,TTML      ,EQ,N,37.35,37.3,37.31,36.3,36.49,36.69,-2.302543507362783,1.0100000000000051,2.7041499330656094,-2.1715817694369846
2026-09-08,TURTLEMINT FINTECH SOLS L     ,TURTLEMINT,EQ,N,142.42,140.86,141.91,137.0,139.86,139.6,-1.797500351074269,4.909999999999997,3.4475495014745094,-0.7099247479767143
2026-09-08,TUTICORIN ALKAL CH & FE L     ,TUTIALKA  ,EQ,N,59.74,61.0,61.0,59.01,59.91,60.35,0.28456645463675023,1.990000000000002,3.3311014395714795,-1.786885245901645
2026-09-08,TVS ELECTRONICS LTD           ,TVSELECT  ,EQ,N,418.8,417.1,424.95,410.3,411.75,410.3,-1.6833810888252174,14.649999999999977,3.498089780324732,-1.2826660273315806
2026-09-08,TVS HOLDINGS LIMITED          ,TVSHLTD   ,EQ,N,13748.0,13743.0,13743.0,13300.0,13377.0,13400.0,-2.69857433808554,443.0,3.2222868780913587,-2.6631739794804625
2026-09-08,TVS MOTOR COMPANY  LTD        ,TVSMOTOR  ,EQ,N,4132.0,4139.0,4156.8,4078.0,4133.2,4133.2,0.029041626331070138,78.80000000000018,1.9070667957405658,-0.1401304662962112
2026-09-08,TVS SUPPLY CHAIN SOL L        ,TVSSCS    ,EQ,N,129.05,128.1,128.68,126.75,127.23,127.5,-1.410306082913605,1.9300000000000068,1.4955443626501408,-0.6791569086650979
2026-09-08,TVS SRICHAKRA LIMITED         ,TVSSRICHAK,EQ,N,5305.0,5341.0,5500.0,5280.0,5340.0,5280.0,0.6597549481621112,220.0,4.147031102733271,-0.01872308556450103
2026-09-08,TV TODAY NETWORK LTD          ,TVTODAY   ,EQ,N,110.68,110.74,113.43,110.18,110.99,111.69,0.28008673653775573,3.25,2.936393205637875,0.2257540184215279
2026-09-08,WEALTH - TWCGOLDETF           ,TWCGOLDETF,EQ,N,151.22,158.9,158.9,151.04,151.52,151.24,0.19838645681788877,7.860000000000014,5.197725168628498,-4.64443045940843
2026-09-08,UNITED BREWERIES LTD          ,UBL       ,EQ,N,1291.0,1291.0,1293.9,1245.9,1252.5,1248.3,-2.982184353214562,48.0,3.7180480247869867,-2.982184353214562
2026-09-08,UCO BANK                      ,UCOBANK   ,EQ,N,24.42,24.42,24.45,24.14,24.18,24.2,-0.9828009828009909,0.3099999999999987,1.269451269451264,-0.9828009828009909
2026-09-08,UDAY JEWELLERY INDS. LTD.     ,UDAYJEW   ,EQ,N,167.58,169.8,175.8,155.0,167.17,166.0,-0.2446592672156731,20.80000000000001,12.411982336794372,-1.5488810365135592
2026-09-08,UPDATER SERVICES LIMITED      ,UDS       ,EQ,N,217.84,216.76,221.0,206.21,215.77,217.0,-0.9502387073081129,14.789999999999992,6.789386705839144,-0.4567263332718125
2026-09-08,UJAAS ENERGY LIMITED          ,UEL       ,EQ,N,229.52,218.05,218.05,218.05,218.05,218.05,-4.997385848727779,0.0,0.0,0.0
2026-09-08,UFLEX LIMITED                 ,UFLEX     ,EQ,N,682.7,683.55,695.0,663.35,686.75,690.0,0.5932327523070096,31.649999999999977,4.636004101362234,0.4681442469460969
2026-09-08,UFO MOVIEZ INDIA LTD.         ,UFO       ,EQ,N,64.51,65.3,65.79,63.7,64.83,65.0,0.4960471244768147,2.0900000000000034,3.23980778173927,-0.7197549770290947
2026-09-08,THE UGAR SUGAR WORKS LTD      ,UGARSUGAR ,EQ,N,54.19,54.49,54.85,52.66,53.29,53.66,-1.6608230300793478,2.190000000000005,4.041336039859762,-2.2022389429253124
2026-09-08,UGRO CAPITAL LIMITED          ,UGROCAP   ,EQ,N,85.42,85.5,85.89,84.64,85.06,85.15,-0.42144696792320235,1.25,1.4633575275111215,-0.514619883040933
2026-09-08,UJJIVAN SMALL FINANC BANK     ,UJJIVANSFB,EQ,N,65.09,64.93,65.47,63.71,64.86,64.86,-0.3533568904593701,1.759999999999998,2.7039483791673034,-0.10780840905591774
2026-09-08,ULTRATECH CEMENT LIMITED      ,ULTRACEMCO,EQ,N,11175.0,11175.0,11215.0,10995.0,11009.0,11009.0,-1.4854586129753915,220.0,1.9686800894854588,-1.4854586129753915
2026-09-08,ULTRAMARINE & PIGMENTS L      ,ULTRAMAR  ,EQ,N,429.4,429.4,438.5,419.2,421.45,423.0,-1.8514205868653912,19.30000000000001,4.494643688868191,-1.8514205868653912
2026-09-08,USHA MARTIN EDU & SOL LTD     ,UMESLTD   ,EQ,N,5.09,5.14,5.18,5.0,5.08,5.09,-0.1964636542239644,0.17999999999999972,3.5363457760314283,-1.1673151750972686
2026-09-08,UMIYA BUILDCON LIMITED        ,UMIYA-MRO ,EQ,N,104.82,105.82,105.82,98.0,98.93,99.3,-5.619156649494358,7.819999999999993,7.46040831902308,-6.511056511056498
2026-09-08,UNICHEM LABORATORIES LTD      ,UNICHEMLAB,EQ,N,569.75,567.0,575.2,552.4,555.6,554.0,-2.4835454146555467,22.800000000000068,4.001755155770086,-2.0105820105820063
2026-09-08,UNICOMMERCE ESOLUTIONS L      ,UNIECOM   ,EQ,N,85.36,85.36,85.7,83.26,84.13,83.84,-1.4409559512652343,2.4399999999999977,2.858481724461103,-1.4409559512652343
2026-09-08,UNIPHOS ENTERPRISES LTD       ,UNIENTER  ,EQ,N,92.85,93.9,95.45,93.26,93.55,93.92,0.7539041464728088,2.1899999999999977,2.3586429725363467,-0.37273695420661185
2026-09-08,UNIINFO TELECOM SERVI LTD     ,UNIINFO   ,EQ,N,11.06,11.06,11.2,10.85,11.05,11.2,-0.0904159132007214,0.34999999999999964,3.1645569620253133,-0.0904159132007214
2026-09-08,UNIMECH AEROSPACE N MFG L     ,UNIMECH   ,EQ,N,1495.7,1514.0,1640.0,1494.2,1629.6,1628.0,8.952330012703074,145.79999999999995,9.747944106438453,7.635402906208713
2026-09-08,UNION BANK OF INDIA           ,UNIONBANK ,EQ,N,186.04,184.41,185.15,181.4,183.22,183.22,-1.5158030531068551,3.75,2.015695549344227,-0.6453012309527671
2026-09-08,UNIONAMC - UNIONGOLD          ,UNIONGOLD ,EQ,N,148.75,149.55,150.25,148.45,148.85,149.35,0.0672268907562987,1.8000000000000114,1.210084033613453,-0.46807087930459174
2026-09-08,UNIPARTS INDIA LIMITED        ,UNIPARTS  ,EQ,N,902.1,903.95,907.0,890.0,898.0,894.4,-0.454495067065738,17.0,1.8844917414920739,-0.6582222468056911
2026-09-08,UNITED SPIRITS LIMITED        ,UNITDSPR  ,EQ,N,1440.0,1431.8,1441.9,1426.9,1440.0,1440.0,0.0,15.0,1.0416666666666665,0.5727056851515606
2026-09-08,UNITECH LTD                   ,UNITECH   ,EQ,N,4.22,4.25,4.25,4.01,4.04,4.07,-4.265402843601889,0.2400000000000002,5.6872037914692,-4.941176470588235
2026-09-08,UNITED POLYFAB GUJ. LTD.      ,UNITEDPOLY,EQ,N,42.88,42.99,43.0,41.5,42.78,42.8,-0.2332089552238839,1.5,3.4981343283582085,-0.48848569434752465
2026-09-08,UNITED NILGIRI TEA LTD        ,UNITEDTEA ,EQ,N,441.95,442.0,446.1,440.1,441.85,444.35,-0.022626994003838875,6.0,1.3576196402307954,-0.03393665158370526
2026-09-08,UNIVERSAL CABLES LTD          ,UNIVCABLES,EQ,N,1487.6,1480.4,1556.8,1480.4,1524.7,1535.0,2.493949986555535,76.39999999999986,5.135789190642637,2.9924344771683296
2026-09-08,UNO MINDA LIMITED             ,UNOMINDA  ,EQ,N,1241.7,1240.0,1241.0,1221.0,1237.0,1237.0,-0.3785133285012519,20.0,1.6106950148989287,-0.24193548387096775
2026-09-08,U P HOTELS LTD.               ,UPHOT     ,EQ,N,1330.0,1350.0,1396.5,1350.0,1396.5,1396.5,5.0,46.5,3.496240601503759,3.4444444444444446
2026-09-08,UPL LIMITED                   ,UPL       ,EQ,N,573.0,575.5,576.75,569.95,576.75,576.75,0.6544502617801047,6.7999999999999545,1.1867364746945819,0.2172024326672459
2026-09-08,URBAN COMPANY LIMITED         ,URBANCO   ,EQ,N,176.06,176.06,177.0,169.52,171.77,172.0,-2.436669317278196,7.47999999999999,4.248551630126088,-2.436669317278196
2026-09-08,URJA GLOBAL LIMITED           ,URJA      ,EQ,N,9.12,9.06,9.14,9.06,9.08,9.12,-0.4385964912280609,0.08000000000000007,0.8771929824561412,0.22075055187637496
2026-09-08,USHA MARTIN LTD.              ,USHAMART  ,EQ,N,500.3,497.1,508.45,497.1,499.85,502.6,-0.08994603238056938,11.349999999999966,2.2686388167099674,0.5532086099376382
2026-09-08,UDAYSHIVAKUMAR INFRA LTD      ,USK       ,EQ,N,20.9,21.0,21.15,20.56,20.88,20.94,-0.09569377990430418,0.5899999999999999,2.822966507177033,-0.5714285714285762
2026-09-08,UTI ASSET MNGMT CO LTD        ,UTIAMC    ,EQ,N,889.95,889.95,905.4,889.9,900.45,901.0,1.1798415641328164,15.5,1.7416708803865384,1.1798415641328164
2026-09-08,UTKARSH SMALL FIN BANK L      ,UTKARSHBNK,EQ,N,15.03,15.29,16.49,14.94,15.69,15.64,4.39121756487026,1.549999999999999,10.31270791749833,2.6160889470242013
2026-09-08,FUJIYAMA POWER SYSTEMS L      ,UTLSOLAR  ,EQ,N,417.3,410.2,440.0,410.2,435.2,434.0,4.289479990414565,29.80000000000001,7.1411454589024705,6.094588005850805
2026-09-08,UTTAM SUGAR MILLS LTD.        ,UTTAMSUGAR,EQ,N,284.0,285.4,289.9,281.05,287.55,289.7,1.250000000000004,8.849999999999966,3.1161971830985795,0.7533286615276924
2026-09-08,V2 RETAIL LIMITED             ,V2RETAIL  ,EQ,N,222.42,222.2,223.62,218.5,220.17,220.05,-1.0115996762881037,5.1200000000000045,2.301951263375598,-0.9135913591359142
2026-09-08,VADILAL INDUSTRIES LTD        ,VADILALIND,EQ,N,7505.5,7450.0,7575.0,7375.5,7534.5,7480.0,0.3863833188994737,199.5,2.658050762773966,1.1342281879194631
2026-09-08,VADILAL ENTERPRISES LTD.      ,VADILENT  ,EQ,N,10730.0,10999.0,10999.0,10225.0,10364.0,10480.0,-3.410997204100653,774.0,7.213420316868594,-5.77325211382853
2026-09-08,VAIBHAV GLOBAL LIMITED        ,VAIBHAVGBL,EQ,N,216.49,216.6,217.95,214.5,215.98,217.95,-0.23557670100236466,3.4499999999999886,1.593607095015931,-0.28624192059095316
2026-09-08,VAISHALI PHARMA LIMITED       ,VAISHALI  ,EQ,N,8.37,8.54,8.56,8.3,8.34,8.4,-0.35842293906809275,0.2599999999999998,3.1063321385902007,-2.341920374707252
2026-09-08,VAKRANGEE LIMITED             ,VAKRANGEE ,EQ,N,5.66,5.69,5.7,5.58,5.62,5.64,-0.7067137809187285,0.1200000000000001,2.1201413427561855,-1.2302284710017624
2026-09-08,ICICIPRAMC - VAL30IETF        ,VAL30IETF ,EQ,N,15.06,15.06,15.06,14.99,15.0,15.0,-0.39840637450199534,0.07000000000000028,0.46480743691899257,-0.39840637450199534
2026-09-08,MIRAEAMC - VALUE              ,VALUE     ,EQ,N,16.04,16.04,16.06,15.96,15.98,16.0,-0.374064837905229,0.09999999999999787,0.6234413965087149,-0.374064837905229
2026-09-08,AXISAMC-VALUEAXIS             ,VALUEAXIS ,EQ,N,32.8,32.2,33.03,32.2,32.62,32.68,-0.5487804878048772,0.8299999999999983,2.5304878048780437,1.3043478260869397
2026-09-08,VEDANTA ALUMINIUM METAL L     ,VAML      ,EQ,N,438.9,440.15,443.9,435.5,436.6,435.95,-0.524037366142619,8.399999999999977,1.9138755980861195,-0.8065432239009326
2026-09-08,VARDHMAN POLYTEX LTD.         ,VARDMNPOLY,EQ,N,5.89,5.94,6.0,5.8,5.89,5.86,0.0,0.20000000000000018,3.395585738539901,-0.8417508417508537
2026-09-08,VARROC ENGINEERING LTD.       ,VARROC    ,EQ,N,827.05,829.95,861.0,815.8,849.45,857.0,2.7084214980956522,45.200000000000045,5.465207665800139,2.3495391288631846
2026-09-08,VASCON ENGINEERS LTD          ,VASCONEQ  ,EQ,N,30.09,29.94,30.15,29.76,29.87,29.99,-0.7311399135925519,0.389999999999997,1.296111665004975,-0.23380093520374176
2026-09-08,SHRI VASUPRADA PLANTATI L     ,VASUPRADA ,EQ,N,108.0,103.0,103.0,103.0,103.0,103.0,-4.62962962962963,0.0,0.0,0.0
2026-09-08,VASWANI IND LTD               ,VASWANI   ,EQ,N,45.85,44.79,47.0,44.79,46.5,46.55,1.4176663031624832,2.210000000000001,4.8200654307524555,3.8178164768921654
2026-09-08,VARUN BEVERAGES LIMITED       ,VBL       ,EQ,N,405.95,405.0,408.4,403.65,405.7,405.7,-0.0615839389087326,4.75,1.1700948392659194,0.1728395061728367
2026-09-08,VEDAVAAG SYSTEMS LTD.         ,VEDAVAAG  ,EQ,N,18.15,18.16,19.4,17.25,18.83,18.89,3.7465564738292,2.1499999999999986,11.845730027548203,3.68942731277532
2026-09-08,VEDANTA LIMITED               ,VEDL      ,EQ,N,268.0,269.3,272.8,269.15,272.0,272.0,1.4925373134328357,3.650000000000034,1.3619402985074753,1.0025993316004413
2026-09-08,VEDANTA POWER LIMITED         ,VEDPOWER  ,EQ,N,34.12,34.3,34.82,34.15,34.28,34.29,0.4689331770222852,0.6700000000000017,1.9636576787807791,-0.058309037900863045
2026-09-08,VEEDOL CORPORATION LTD        ,VEEDOL    ,EQ,N,1456.3,1450.0,1462.8,1450.0,1454.0,1452.0,-0.15793449151960137,12.799999999999955,0.8789397788917087,0.27586206896551724
2026-09-08,VENKY S (INDIA) LIMITED       ,VENKEYS   ,EQ,N,1648.3,1648.3,1742.0,1644.5,1709.0,1707.9,3.682582054237702,97.5,5.915185342474064,3.682582054237702
2026-09-08,VENTIVE HOSPITALITY LTD       ,VENTIVE   ,EQ,N,580.55,585.15,585.6,567.35,571.5,572.4,-1.5588665920247964,18.25,3.1435707518732237,-2.3327351961035596
2026-09-08,VENUS PIPES & TUBES LTD       ,VENUSPIPES,EQ,N,1805.4,1825.0,1987.0,1785.0,1949.9,1942.0,8.00376647834275,202.0,11.188656253461836,6.843835616438361
2026-09-08,VERANDA LEARNING SOL LTD      ,VERANDA   ,EQ,N,241.81,241.6,243.14,229.66,232.73,231.5,-3.75501426740003,13.47999999999999,5.574624705347169,-3.6713576158940415
2026-09-08,VERTOZ LIMITED                ,VERTOZ    ,EQ,N,37.04,38.0,38.97,37.1,38.38,38.8,3.6177105831533574,1.8699999999999974,5.048596112311008,1.0000000000000069
2026-09-08,VESUVIUS INDIA LTD            ,VESUVIUS  ,EQ,N,419.55,417.7,422.4,416.1,421.85,422.25,0.5482064116315127,6.2999999999999545,1.501608866642821,0.993536030644011
2026-09-08,VIBRANT GLOBAL CAPITAL L      ,VGCL      ,EQ,N,50.98,51.0,52.99,49.25,50.66,50.58,-0.627697136131817,3.740000000000002,7.336210278540609,-0.6666666666666734
2026-09-08,VARVEE GLOBAL LIMITED         ,VGL       ,EQ,N,53.52,53.0,53.67,52.5,53.26,53.37,-0.4857997010463473,1.1700000000000017,2.1860986547085233,0.4905660377358453
2026-09-08,V-GUARD IND LTD.              ,VGUARD    ,EQ,N,332.55,330.35,332.65,327.3,330.05,329.0,-0.7517666516313336,5.349999999999966,1.6087806344910436,-0.09081277433025922
2026-09-08,VARDHMAN HOLDINGS LIMITED     ,VHL       ,EQ,N,3620.8,3576.0,3680.0,3576.0,3631.4,3665.0,0.292752982766237,104.0,2.8722934158197084,1.549217002237139
2026-09-08,VIDHI SPCLTY F INGRDNTS L     ,VIDHIING  ,EQ,N,349.0,350.85,360.0,335.1,356.45,360.0,2.134670487106014,24.899999999999977,7.134670487106011,1.596123699586708
2026-09-08,VIDYA WIRES LIMITED           ,VIDYAWIRES,EQ,N,88.15,87.5,90.89,86.66,89.09,88.8,1.0663641520136107,4.230000000000004,4.798638684061263,1.817142857142861
2026-09-08,VIJAYA DIAGNOSTIC CEN LTD     ,VIJAYA    ,EQ,N,1497.5,1495.0,1520.0,1486.1,1503.0,1504.0,0.36727879799666113,33.90000000000009,2.263772954924881,0.5351170568561873
2026-09-08,VIJAY SOLVEX LTD.             ,VIJSOLX   ,EQ,N,682.1,685.15,716.0,656.8,663.9,692.0,-2.6682304647412467,59.200000000000045,8.679079313883602,-3.101510618112822
2026-09-08,VIKAS ECOTECH LIMITED         ,VIKASECO  ,EQ,N,1.07,1.07,1.08,1.05,1.05,1.05,-1.8691588785046744,0.030000000000000027,2.803738317757012,-1.8691588785046744
2026-09-08,VIKAS LIFECARE LIMITED        ,VIKASLIFE ,EQ,N,1.29,1.29,1.3,1.28,1.28,1.29,-0.7751937984496131,0.020000000000000018,1.5503875968992262,-0.7751937984496131
2026-09-08,VIKRAM SOLAR LIMITED          ,VIKRAMSOLR,EQ,N,165.81,166.0,169.8,165.1,169.28,169.75,2.0927567697967544,4.700000000000017,2.8345696881973446,1.975903614457832
2026-09-08,VIKRAN ENGINEERING LTD        ,VIKRAN    ,EQ,N,60.6,60.46,60.46,59.02,59.14,59.18,-2.4092409240924106,1.4399999999999977,2.3762376237623726,-2.1832616606020516
2026-09-08,VIMTA LABS LIMITED            ,VIMTALABS ,EQ,N,640.65,642.2,647.7,622.0,625.8,627.0,-2.31795832357762,25.700000000000045,4.011550768750495,-2.553721582061677
2026-09-08,VINATI ORGANICS LTD           ,VINATIORGA,EQ,N,1298.9,1303.5,1368.0,1299.2,1347.8,1348.0,3.764723997228413,68.79999999999995,5.296789591192544,3.398542385884155
2026-09-08,VINTAGE COFFEE N BVRGS L      ,VINCOFE   ,EQ,N,178.88,178.9,181.8,175.28,178.34,178.38,-0.30187835420393117,6.52000000000001,3.644901610017895,-0.3130240357741768
2026-09-08,VINDHYA TELELINKS LTD         ,VINDHYATEL,EQ,N,2765.0,2789.0,2824.5,2690.0,2793.7,2796.5,1.0379746835442971,134.5,4.864376130198915,0.1685191825026826
2026-09-08,VINEET LABORATORIES LTD       ,VINEETLAB ,EQ,N,37.28,37.9,38.3,35.66,36.94,37.26,-0.9120171673819834,2.6400000000000006,7.081545064377684,-2.5329815303430103
2026-09-08,VINNY OVERSEAS LIMITED        ,VINNY     ,EQ,N,1.01,1.01,1.01,0.99,1.0,1.01,-0.990099009900991,0.020000000000000018,1.980198019801982,-0.990099009900991
2026-09-08,VINYL CHEMICALS (I) LTD.      ,VINYLINDIA,EQ,N,228.68,231.0,231.5,221.0,224.57,225.95,-1.797271296134342,10.5,4.591569004722756,-2.7835497835497867
2026-09-08,VIP CLOTHING LIMITED          ,VIPCLOTHNG,EQ,N,20.16,20.36,20.55,19.94,20.26,20.5,0.4960317460317531,0.6099999999999994,3.025793650793648,-0.491159135559911
2026-09-08,VIP INDUSTRIES LTD            ,VIPIND    ,EQ,N,320.5,321.0,321.05,308.1,309.6,309.85,-3.4009360374414905,12.949999999999989,4.040561622464895,-3.5514018691588713
2026-09-08,VIRAT INDUSTRIES LTD.         ,VIRAT     ,EQ,N,433.2,445.0,476.5,420.05,460.35,451.4,6.26731301939059,56.44999999999999,13.030932594644504,3.4494382022471957
2026-09-08,VIRINCHI LIMITED              ,VIRINCHI  ,EQ,N,14.31,14.3,14.74,13.75,14.05,14.05,-1.8169112508735135,0.9900000000000002,6.918238993710693,-1.7482517482517481
2026-09-08,VISA CHROME LIMITED           ,VISACHROME,EQ,N,36.73,36.99,37.61,36.1,36.93,36.1,0.5445140212360546,1.509999999999998,4.111080860332148,-0.16220600162206616
2026-09-08,VISAKA INDUSTRIES LIMITED     ,VISAKAIND ,EQ,N,92.17,92.4,94.8,91.2,93.12,93.0,1.030704133666055,3.5999999999999943,3.905826190734506,0.7792207792207779
2026-09-08,VISHAL FABRICS LTD.           ,VISHAL    ,EQ,N,18.24,18.4,18.75,18.25,18.39,18.3,0.8223684210526433,0.5,2.741228070175439,-0.054347826086945716
2026-09-08,VISHNU CHEMICALS LIMITED      ,VISHNU    ,EQ,N,726.5,736.5,742.0,712.6,731.55,729.0,0.695113558155534,29.399999999999977,4.0467997247074985,-0.6720977596741405
2026-09-08,VISHWARAJ SUGAR IND LTD       ,VISHWARAJ ,EQ,N,5.96,5.98,6.04,5.82,5.86,5.85,-1.6778523489932826,0.21999999999999975,3.691275167785231,-2.006688963210704
2026-09-08,VEDANTA IRON AND STEEL L      ,VISL      ,EQ,N,34.64,34.8,35.41,33.8,33.97,33.91,-1.9341801385681343,1.6099999999999994,4.647806004618936,-2.3850574712643633
2026-09-08,VITAL CHEMTECH LIMITED        ,VITAL     ,EQ,N,56.59,55.11,59.0,55.1,55.4,56.39,-2.1028450256229103,3.8999999999999986,6.891676974730515,0.5262202866993271
2026-09-08,VIVIANA POWER TECH LTD        ,VIVIANA   ,EQ,N,776.55,794.9,794.9,725.1,740.85,735.0,-4.597257098705806,69.79999999999995,8.988474663576069,-6.799597433639446
2026-09-08,VISAGAR POLYTEX LTD           ,VIVIDHA   ,EQ,N,0.51,0.53,0.54,0.52,0.52,0.53,1.960784313725492,0.020000000000000018,3.921568627450984,-1.8867924528301903
2026-09-08,VIVO BIO TECH LTD.            ,VIVOBIOT  ,EQ,N,18.99,19.0,19.98,18.56,19.01,19.03,0.10531858873092748,1.4200000000000017,7.477619799894692,0.05263157894737665
2026-09-08,VIYASH SCIENTIFIC LIMITED     ,VIYASH    ,EQ,N,263.65,264.0,264.8,260.8,261.95,261.95,-0.6447942347809553,4.0,1.517162905366964,-0.7765151515151558
2026-09-08,VL E GOV AND IT SOL LTD       ,VLEGOV    ,EQ,N,10.47,10.33,10.69,10.26,10.36,10.47,-1.0506208213944719,0.4299999999999997,4.1069723018147055,0.2904162633107392
2026-09-08,VLS FINANCE LTD               ,VLSFINANCE,EQ,N,244.43,245.01,248.8,244.75,246.08,247.9,0.6750398887206994,4.050000000000011,1.6569160904962612,0.43671686869924564
2026-09-08,VMART RETAIL LTD              ,VMART     ,EQ,N,826.2,834.4,834.4,823.5,824.65,823.5,-0.18760590656016318,10.899999999999977,1.319293149358506,-1.1685043144774687
2026-09-08,VISHAL MEGA MART LIMITED      ,VMM       ,EQ,N,104.0,104.5,105.01,103.05,103.9,103.9,-0.09615384615384068,1.960000000000008,1.8846153846153921,-0.5741626794258319
2026-09-08,VMS TMT LIMITED               ,VMSTMT    ,EQ,N,44.58,44.45,45.37,44.2,44.83,45.15,0.5607895917451773,1.1699999999999946,2.6244952893674176,0.8548931383576951
2026-09-08,VIRTUOSO OPTOELECTRONIC L     ,VOEPL     ,EQ,N,543.15,543.0,554.75,524.6,549.7,550.0,1.2059283807419807,30.149999999999977,5.550952775476384,1.233885819521187
2026-09-08,VEDANTA OIL AND GAS LTD       ,VOGL      ,EQ,N,36.94,37.1,37.29,36.5,36.65,36.62,-0.7850568489442317,0.7899999999999991,2.1386031402273935,-1.2129380053908432
2026-09-08,VOITH PAPER FABRICS IND L     ,VOITHPAPR ,EQ,N,1475.5,1480.0,1493.0,1465.0,1490.8,1492.0,1.036936631650285,28.0,1.8976618095560827,0.7297297297297267
2026-09-08,VOLTAMP TRANSFORMERS LTD      ,VOLTAMP   ,EQ,N,11067.0,11098.0,11401.0,11031.0,11365.0,11401.0,2.6926899792174934,370.0,3.3432727929881634,2.40583888989007
2026-09-08,VOLTAS LTD                    ,VOLTAS    ,EQ,N,1167.2,1165.0,1169.2,1141.3,1144.8,1144.8,-1.9191226867717692,27.90000000000009,2.390335846470193,-1.7339055793991456
2026-09-08,VISHNU PRAKASH R PUNGLI L     ,VPRPL     ,EQ,N,34.27,35.46,37.9,34.61,36.35,36.49,6.06944849722789,3.289999999999999,9.600233440326814,2.50987027636774
2026-09-08,VRAJ IRON AND STEEL LTD       ,VRAJ      ,EQ,N,122.14,123.7,123.7,121.0,121.44,122.68,-0.5731128213525486,2.700000000000003,2.2105780252169667,-1.8270008084074414
2026-09-08,VRL LOGISTICS LIMITED         ,VRLLOG    ,EQ,N,292.75,294.0,296.9,292.8,293.75,294.65,0.3415883859948762,4.099999999999966,1.4005123825789805,-0.08503401360544217
2026-09-08,VARDHMAN SPC STEEL LTD        ,VSSL      ,EQ,N,356.45,354.0,363.3,351.3,356.6,358.65,0.04208163837846377,12.0,3.3665310702763365,0.7344632768361646
2026-09-08,VST INDUSTRIES LTD            ,VSTIND    ,EQ,N,206.96,206.96,207.5,205.5,206.74,207.5,-0.10630073444143741,2.0,0.9663703131039814,-0.10630073444143741
2026-09-08,VIBHOR STEEL TUBES LTD        ,VSTL      ,EQ,N,121.75,122.9,126.0,120.99,124.44,123.5,2.209445585215604,5.010000000000005,4.114989733059553,1.2530512611879512
2026-09-08,VST TILLERS TRACTORS LTD      ,VSTTILLERS,EQ,N,4131.9,4145.9,4163.9,4119.2,4127.5,4139.7,-0.10648854038092977,44.69999999999982,1.0818267625063487,-0.4438119588026638
2026-09-08,VARDHMAN TEXTILES LIMITED     ,VTL       ,EQ,N,590.2,587.0,590.0,582.5,584.4,584.1,-0.98271772280584,7.5,1.2707556760420196,-0.44293015332198
2026-09-08,V T M LTD.                    ,VTMLTD    ,EQ,N,56.49,56.88,57.0,55.35,56.58,57.0,0.1593202336696695,1.6499999999999986,2.920870950610725,-0.5274261603375602
2026-09-08,WAAREE ENERGIES LIMITED       ,WAAREEENER,EQ,N,2593.0,2593.0,2613.5,2570.0,2571.0,2571.0,-0.8484381025838797,43.5,1.6775935210181256,-0.8484381025838797
2026-09-08,INDOSOLAR LIMITED             ,WAAREEINDO,EQ,N,265.55,267.4,267.4,261.2,262.05,262.0,-1.3180192054227073,6.199999999999989,2.3347768781773635,-2.0007479431563073
2026-09-08,WAAREE RENEWABLE TECH LTD     ,WAAREERTL ,EQ,N,852.6,848.35,852.6,843.0,845.25,843.5,-0.862068965517244,9.600000000000023,1.1259676284306852,-0.36541521777568486
2026-09-08,VA TECH WABAG LTD             ,WABAG     ,EQ,N,2008.0,2018.0,2019.0,1995.1,2008.4,2003.1,0.019920318725104132,23.90000000000009,1.1902390438247057,-0.47571853320118485
2026-09-08,WAKEFIT INNOVATIONS LTD       ,WAKEFIT   ,EQ,N,155.34,156.01,156.89,152.0,153.05,152.72,-1.4741856572679233,4.889999999999986,3.1479335650830347,-1.8973142747259661
2026-09-08,WALCHANDNAGAR INDUSTRIES      ,WALCHANNAG,EQ,N,223.36,226.0,227.98,214.85,219.1,218.7,-1.907234957020066,13.129999999999995,5.8784025787965595,-3.0530973451327457
2026-09-08,WANBURY LIMITED               ,WANBURY   ,EQ,N,250.55,250.8,256.7,246.6,247.7,247.25,-1.1374975054879355,10.099999999999994,4.031131510676509,-1.2360446570972976
2026-09-08,WARDWIZARD INNO & MOB L       ,WARDINMOBI,EQ,N,5.77,5.89,5.91,5.64,5.77,5.82,0.0,0.27000000000000046,4.679376083188917,-2.037351443123941
2026-09-08,WATERBASE LTD.                ,WATERBASE ,EQ,N,48.49,48.05,49.8,47.3,48.03,47.7,-0.9486492060218619,2.5,5.1557022066405445,-0.04162330905306144
2026-09-08,WESTERN CARRIERS (IND) L      ,WCIL      ,EQ,N,82.78,82.88,83.39,81.76,82.48,82.31,-0.3624063783522556,1.6299999999999955,1.9690746557139351,-0.4826254826254724
2026-09-08,WEALTH FRST PORT. MG. LTD     ,WEALTH    ,EQ,N,839.25,839.3,844.8,831.6,835.75,835.0,-0.41703902293714623,13.199999999999932,1.5728328865058008,-0.4229715238889497
2026-09-08,WEBSOL ENERGY SYSTEM LTD      ,WEBELSOLAR,EQ,N,75.21,75.0,76.12,74.3,75.01,75.4,-0.26592208482912993,1.8200000000000074,2.41989097194523,0.013333333333340153
2026-09-08,WEIZMANN LTD                  ,WEIZMANIND,EQ,N,73.37,73.4,75.0,73.29,73.61,73.61,0.32710917268637707,1.7099999999999937,2.330652855390478,0.2861035422343239
2026-09-08,WONDER ELECTRICALS LTD        ,WEL       ,EQ,N,72.23,72.19,72.19,68.62,69.39,69.4,-3.9318842586183074,3.569999999999993,4.942544649037786,-3.8786535531236974
2026-09-08,WELSPUN CORP LIMITED          ,WELCORP   ,EQ,N,2597.9,2611.1,2641.7,2575.5,2599.5,2600.0,0.061588205858574586,66.19999999999982,2.548212017398661,-0.4442572096051438
2026-09-08,WELSPUN ENTERPRISES LTD.      ,WELENT    ,EQ,N,783.5,791.95,800.0,778.8,790.0,788.3,0.8296107211231653,21.200000000000045,2.7058072750478677,-0.2462276658880037
2026-09-08,WELSPUN SPECIALTY SOL L       ,WELSPLSOL ,EQ,N,58.99,59.0,59.28,56.55,57.11,57.8,-3.1869808442108876,2.730000000000004,4.627903034412619,-3.2033898305084754
2026-09-08,WELSPUN LIVING LIMITED        ,WELSPUNLIV,EQ,N,211.95,212.0,212.8,204.52,207.87,208.8,-1.9249823071479049,8.280000000000001,3.906581740976646,-1.9481132075471677
2026-09-08,WENDT (INDIA) LIMITED         ,WENDT     ,EQ,N,8340.0,8350.0,8578.0,8290.0,8419.0,8450.0,0.9472422062350119,288.0,3.4532374100719423,0.8263473053892215
2026-09-08,WESTLIFE FOODWORLD LTD        ,WESTLIFE  ,EQ,N,533.05,533.0,541.45,523.0,538.25,534.25,0.9755182440671692,18.450000000000045,3.461213769815223,0.9849906191369606
2026-09-08,WE WIN LIMITED                ,WEWIN     ,EQ,N,41.97,41.97,42.85,41.5,41.85,41.79,-0.28591851322372513,1.3500000000000014,3.2165832737669797,-0.28591851322372513
2026-09-08,WEWORK INDIA MANAGEMENT L     ,WEWORK    ,EQ,N,675.35,669.8,677.35,663.5,667.35,664.0,-1.1845709632042642,13.850000000000023,2.050788480047386,-0.36578083009852674
2026-09-08,W H BRADY & CO. LTD.          ,WHBRADY   ,EQ,N,495.5,484.3,493.0,480.0,481.5,486.1,-2.825428859737639,13.0,2.6236125126135215,-0.5781540367540804
2026-09-08,WHEELS INDIA LTD              ,WHEELS    ,EQ,N,1755.4,1760.9,2106.4,1760.9,2106.4,2106.4,19.995442634157456,345.5,19.682123732482623,19.620648532000683
2026-09-08,WHIRLPOOL OF INDIA LTD        ,WHIRLPOOL ,EQ,N,815.35,816.0,818.25,796.1,805.0,803.8,-1.2693935119887192,22.149999999999977,2.7166247623719846,-1.3480392156862746
2026-09-08,WILLIAMSON MAGOR              ,WILLAMAGOR,EQ,N,23.76,25.35,25.35,23.6,23.73,24.82,-0.12626262626263104,1.75,7.365319865319865,-6.390532544378702
2026-09-08,WINDLAS BIOTECH LIMITED       ,WINDLAS   ,EQ,N,1154.75,1164.0,1164.0,1123.25,1146.1,1150.0,-0.7490798874215276,40.75,3.5289023598181424,-1.5378006872852312
2026-09-08,WINDSOR MACHINES LIMITED      ,WINDMACHIN,EQ,N,310.5,310.8,311.5,302.45,305.6,303.05,-1.578099838969397,9.050000000000011,2.9146537842190052,-1.6731016731016692
2026-09-08,THE WESTERN INDIA PLY LTD     ,WIPL      ,EQ,N,164.52,165.11,169.4,165.11,167.99,167.99,2.1091660588378307,4.289999999999992,2.6075857038657864,1.7442916843316547
2026-09-08,WIPRO LTD                     ,WIPRO     ,EQ,N,172.8,172.8,172.9,171.13,171.5,171.5,-0.7523148148148213,1.7700000000000102,1.0243055555555614,-0.7523148148148213
2026-09-08,WOCKHARDT LIMITED             ,WOCKPHARMA,EQ,N,2208.0,2200.0,2240.0,2166.0,2224.0,2227.0,0.7246376811594203,74.0,3.3514492753623193,1.090909090909091
2026-09-08,WONDERLA HOLIDAYS LTD.        ,WONDERLA  ,EQ,N,526.3,528.6,532.0,515.0,518.4,522.0,-1.5010450313509365,17.0,3.230096902907088,-1.9296254256526761
2026-09-08,WORTH PERIPHERALS LIMITED     ,WORTHPERI ,EQ,N,154.99,156.4,156.4,152.0,155.99,156.0,0.6452029163171817,4.400000000000006,2.8388928317956035,-0.2621483375959057
2026-09-08,W P I L LTD.                  ,WPIL      ,EQ,N,435.3,435.85,436.4,428.0,428.6,430.0,-1.539168389616354,8.399999999999977,1.9297036526533373,-1.6634163129517037
2026-09-08,W.S.INDUSTRIES (I) LTD.       ,WSI       ,EQ,N,61.0,60.98,61.32,59.05,59.75,59.75,-2.0491803278688523,2.270000000000003,3.7213114754098413,-2.017054772056407
2026-09-08,WEST COAST PAPER MILLS LT     ,WSTCSTPAPR,EQ,N,687.5,689.8,699.15,676.2,681.2,677.7,-0.9163636363636297,22.949999999999932,3.338181818181808,-1.2467381849811408
2026-09-08,XCHANGING SOLUTIONS LTD       ,XCHANGING ,EQ,N,64.3,64.3,65.85,63.7,64.08,64.12,-0.34214618973561256,2.1499999999999915,3.343701399688945,-0.34214618973561256
2026-09-08,XELPMOC DESIGN & TECH LTD     ,XELPMOC   ,EQ,N,78.08,79.5,79.5,77.02,77.61,78.15,-0.601946721311474,2.480000000000004,3.1762295081967262,-2.3773584905660385
2026-09-08,XPRO INDIA LIMITED            ,XPROINDIA ,EQ,N,1362.0,1362.0,1398.8,1345.0,1389.7,1398.0,2.0337738619676977,53.799999999999955,3.950073421439057,2.0337738619676977
2026-09-08,XTGLOBAL INFOTECH LIMITED     ,XTGLOBAL  ,EQ,N,32.0,31.99,31.99,31.0,31.11,31.01,-2.7812500000000018,0.9899999999999984,3.093749999999995,-2.750859643638634
2026-09-08,XTRANET TECHNOLOGIES LTD      ,XTRANET   ,EQ,N,279.83,281.0,291.99,260.56,266.7,266.0,-4.692134510238358,31.430000000000007,11.231819318872176,-5.088967971530253
2026-09-08,YASHO INDUSTRIES LIMITED      ,YASHO     ,EQ,N,3987.8,3987.8,4135.0,3960.0,4079.9,4070.5,2.3095441095340763,175.0,4.38838457294749,2.3095441095340763
2026-09-08,YATHARTH HOSP & TRA C S L     ,YATHARTH  ,EQ,N,994.8,994.8,994.8,953.8,969.9,978.0,-2.503015681544027,41.0,4.121431443506233,-2.503015681544027
2026-09-08,YATRA ONLINE LIMITED          ,YATRA     ,EQ,N,114.97,114.09,115.73,112.6,113.64,113.6,-1.156823519178915,3.1300000000000097,2.7224493346090366,-0.3944254535892741
2026-09-08,YES BANK LIMITED              ,YESBANK   ,EQ,N,22.42,22.44,22.57,22.38,22.52,22.52,0.4460303300624347,0.19000000000000128,0.8474576271186498,0.35650623885917243
2026-09-08,YOGI LTD.                     ,YOGI      ,EQ,N,163.25,163.25,163.25,155.0,155.05,155.05,-5.022970903522198,8.25,5.053598774885145,-5.022970903522198
2026-09-08,YUKEN INDIA LIMITED           ,YUKEN     ,EQ,N,1005.6,1016.0,1050.95,968.1,1017.35,1013.0,1.1684566428003182,82.85000000000002,8.238862370723949,0.13287401574803373
2026-09-08,ZAGGLE PREPA OCEAN SER L      ,ZAGGLE    ,EQ,N,183.49,182.7,183.6,179.0,180.11,179.9,-1.842062237724124,4.599999999999994,2.506948607553542,-1.4176245210727834
2026-09-08,ZEE ENTERTAINMENT ENT LTD     ,ZEEL      ,EQ,N,85.99,85.8,87.52,85.5,86.31,86.4,0.37213629491802236,2.019999999999996,2.349110361669957,0.5944055944056004
2026-09-08,ZEE MEDIA CORPORATION LTD     ,ZEEMEDIA  ,EQ,N,7.94,7.86,8.2,7.51,7.94,7.89,0.0,0.6899999999999995,8.690176322418129,1.0178117048346065
2026-09-08,ZENITH EXPORTS LTD            ,ZENITHEXPO,EQ,N,196.57,198.54,200.53,197.0,197.0,197.0,0.21875158976446396,3.530000000000001,1.7957979345780135,-0.7756623350458306
2026-09-08,ZENITH STEEL PIP IND LTD      ,ZENITHSTL ,EQ,N,6.03,6.04,6.29,6.04,6.1,6.1,1.1608623548921955,0.25,4.1459369817578775,0.993377483443702
2026-09-08,ZENSAR TECHNOLOGIES  LTD      ,ZENSARTECH,EQ,N,453.85,454.05,454.9,448.0,450.55,450.35,-0.7271124820976118,6.899999999999977,1.5203260989313598,-0.7708402158352604
2026-09-08,ZEN TECHNOLOGIES LIMITED      ,ZENTEC    ,EQ,N,1794.6,1808.0,1864.8,1804.1,1825.0,1828.5,1.6939708012927723,60.700000000000045,3.3823693302128635,0.9402654867256638
2026-09-08,ZF COM VE CTR SYS IND LTD     ,ZFCVINDIA ,EQ,N,2491.7,2491.7,2537.9,2472.2,2517.4,2527.0,1.0314243287715326,65.70000000000027,2.636754023357558,1.0314243287715326
2026-09-08,Z F STEERING GEAR (I) LTD     ,ZFSTEERING,EQ,N,668.5,675.0,683.1,666.5,670.3,673.0,0.2692595362752363,16.600000000000023,2.483171278982801,-0.696296296296303
2026-09-08,ZIM LABORATORIES LIMITED      ,ZIMLAB    ,EQ,N,129.16,130.45,133.89,125.56,129.1,129.65,-0.04645401052957748,8.329999999999984,6.449365128522751,-1.0348792640858524
2026-09-08,ZODIAC ENERGY LIMITED         ,ZODIAC    ,EQ,N,237.16,238.0,243.0,233.41,235.28,236.23,-0.7927137797267648,9.590000000000003,4.043683589138136,-1.1428571428571423
2026-09-08,ZODIAC CLOTHING CO. LTD.      ,ZODIACLOTH,EQ,N,71.85,72.02,72.59,70.0,71.5,71.5,-0.48712595685455023,2.5900000000000034,3.6047320807237346,-0.722021660649814
2026-09-08,ZOTA HEALTH CARE LIMITED      ,ZOTA      ,EQ,N,1089.7,1100.1,1120.0,1086.1,1113.1,1113.2,2.1473800128475604,33.90000000000009,3.1109479673304663,1.1817107535678577
2026-09-08,SARASWATI COMM (INDIA) L      ,ZSARACOM  ,EQ,N,11706.0,11699.0,11699.0,11150.0,11276.0,11400.0,-3.673329916282248,549.0,4.6899026140440805,-3.6156936490298315
2026-09-08,ZUARI AGRO CHEMICALS LTD      ,ZUARI     ,EQ,N,226.85,227.56,229.89,225.87,227.96,229.0,0.48931011681728614,4.019999999999982,1.7720960987436554,0.17577781683951735
2026-09-08,ZUARI INDUSTRIES LIMITED      ,ZUARIIND  ,EQ,N,280.4,282.35,282.7,274.2,278.45,278.0,-0.6954350927246751,8.5,3.031383737517832,-1.381264388170722
2026-09-08,ZYDUS LIFESCIENCES LTD        ,ZYDUSLIFE ,EQ,N,1156.9,1161.7,1167.7,1142.0,1145.5,1145.5,-0.9853919958509889,25.700000000000045,2.221453885383356,-1.3945080485495434
2026-09-08,ZYDUS WELLNESS LIMITED        ,ZYDUSWELL ,EQ,N,555.35,555.35,562.95,554.7,558.15,557.8,0.5041865490231304,8.25,1.4855496533717474,0.5041865490231304
